frame,landmark,x,y,z,visibility
0,0,0.7854472398757935,0.35202810168266296,-0.08499278873205185,0.9995110034942627
0,1,0.7943991422653198,0.3267008364200592,-0.07600004225969315,0.9989855885505676
0,2,0.7942423820495605,0.32430708408355713,-0.07611822336912155,0.9991463422775269
0,3,0.7938958406448364,0.3215595483779907,-0.07619396597146988,0.9992903470993042
0,4,0.7928911447525024,0.3240826725959778,-0.11605584621429443,0.9991818070411682
0,5,0.7916128039360046,0.3201867341995239,-0.11608245223760605,0.999427318572998
0,6,0.7900861501693726,0.3156657814979553,-0.11614718288183212,0.9994528889656067
0,7,0.7770432233810425,0.294040322303772,-0.004170688800513744,0.9990746974945068
0,8,0.7732491493225098,0.2906528413295746,-0.18252021074295044,0.9994534850120544
0,9,0.7696086168289185,0.35716310143470764,-0.05184340476989746,0.9993935823440552
0,10,0.7671593427658081,0.35222673416137695,-0.10390101373195648,0.9995597004890442
0,11,0.6861646771430969,0.3376481831073761,0.12613393366336823,0.9974313378334045
0,12,0.6818256378173828,0.3434508144855499,-0.2531762421131134,0.9997183680534363
0,13,0.6505926251411438,0.5201630592346191,0.16449543833732605,0.15858158469200134
0,14,0.6510714888572693,0.5605617165565491,-0.2614024877548218,0.9771639704704285
0,15,0.6378275156021118,0.6980677247047424,0.12106326967477798,0.21128296852111816
0,16,0.635064959526062,0.7578237056732178,-0.2269820272922516,0.9771308898925781
0,17,0.6580193042755127,0.7167937159538269,0.12738476693630219,0.22622476518154144
0,18,0.6544843316078186,0.7833666205406189,-0.2726040482521057,0.9703917503356934
0,19,0.6602851152420044,0.7276601791381836,0.08629152178764343,0.23606590926647186
0,20,0.6606221199035645,0.7748308181762695,-0.2453969419002533,0.9641613960266113
0,21,0.6493802070617676,0.7265843152999878,0.10176529735326767,0.24192672967910767
0,22,0.6516650915145874,0.7688634395599365,-0.2180233895778656,0.9384010434150696
0,23,0.4777296483516693,0.4593299329280853,0.10331913083791733,0.99159836769104
0,24,0.4696502685546875,0.42361387610435486,-0.1032237783074379,0.9951359629631042
0,25,0.33956286311149597,0.5925013422966003,0.13976888358592987,0.44602081179618835
0,26,0.32323944568634033,0.5540006160736084,-0.06499356031417847,0.963038444519043
0,27,0.19477513432502747,0.6386399865150452,0.22163958847522736,0.72773277759552
0,28,0.16658714413642883,0.6273941993713379,0.010680180974304676,0.9726765751838684
0,29,0.15539509057998657,0.6260696649551392,0.22658178210258484,0.7618261575698853
0,30,0.13849830627441406,0.6134626865386963,0.01142239198088646,0.946536123752594
0,31,0.18088451027870178,0.7377951145172119,0.16642992198467255,0.8545668125152588
0,32,0.16273906826972961,0.742394745349884,-0.0845976173877716,0.9570671319961548
1,0,0.7836705446243286,0.3537299931049347,-0.041450098156929016,0.9995350241661072
1,1,0.7931005358695984,0.32771122455596924,-0.029721051454544067,0.9990450739860535
1,2,0.7929168343544006,0.3250620663166046,-0.02978949248790741,0.9991931319236755
1,3,0.7925818562507629,0.32213714718818665,-0.029819022864103317,0.9993298053741455
1,4,0.7916556596755981,0.32509374618530273,-0.07004232704639435,0.9992336630821228
1,5,0.7904658913612366,0.32107001543045044,-0.07007670402526855,0.9994619488716125
1,6,0.7890800833702087,0.3165346384048462,-0.07015365362167358,0.9994895458221436
1,7,0.7764278054237366,0.29441800713539124,0.047258563339710236,0.9991128444671631
1,8,0.7729531526565552,0.2911463677883148,-0.13147872686386108,0.9994869232177734
1,9,0.7674415707588196,0.35733431577682495,-0.0068564205430448055,0.9994084239006042
1,10,0.7655556797981262,0.35260990262031555,-0.05899945646524429,0.9995731711387634
1,11,0.6865623593330383,0.33161717653274536,0.18281666934490204,0.9975058436393738
1,12,0.6846040487289429,0.34021344780921936,-0.22165513038635254,0.999732255935669
1,13,0.6491995453834534,0.5135321021080017,0.19762587547302246,0.16068336367607117
1,14,0.651073694229126,0.5447177886962891,-0.2500736117362976,0.9775003790855408
1,15,0.6375377774238586,0.6980751156806946,0.12978710234165192,0.2109062522649765
1,16,0.6359729170799255,0.7548133134841919,-0.21161797642707825,0.9761075377464294
1,17,0.6551569700241089,0.7164788246154785,0.13612285256385803,0.22361893951892853
1,18,0.6535431146621704,0.7809436321258545,-0.25187474489212036,0.9686099886894226
1,19,0.6575449705123901,0.7271101474761963,0.09669242799282074,0.23276637494564056
1,20,0.6599627137184143,0.7732599973678589,-0.2207743376493454,0.961773157119751
1,21,0.6474631428718567,0.7263113260269165,0.11017493903636932,0.23880493640899658
1,22,0.6515742540359497,0.766381561756134,-0.19972550868988037,0.9347378015518188
1,23,0.4771367609500885,0.44393277168273926,0.10706237703561783,0.9913239479064941
1,24,0.47173213958740234,0.42733222246170044,-0.10698004066944122,0.9949729442596436
1,25,0.331459641456604,0.5703330636024475,0.1227349266409874,0.4342966675758362
1,26,0.32282784581184387,0.5587002038955688,-0.09575788676738739,0.9625316262245178
1,27,0.18306568264961243,0.6339566707611084,0.16230185329914093,0.7183640003204346
1,28,0.16411161422729492,0.6362704634666443,-0.06452402472496033,0.9717028737068176
1,29,0.14846286177635193,0.6234511733055115,0.16116918623447418,0.7588430643081665
1,30,0.13368330895900726,0.6220605373382568,-0.06890689581632614,0.946560800075531
1,31,0.17798496782779694,0.7330149412155151,0.09380757808685303,0.8488225936889648
1,32,0.1605697125196457,0.7459827661514282,-0.16955099999904633,0.9560876488685608
2,0,0.7829499244689941,0.3544498085975647,-0.04595581442117691,0.9995455741882324
2,1,0.7924197316169739,0.3282288610935211,-0.035271428525447845,0.9990711808204651
2,2,0.7921940088272095,0.32548579573631287,-0.03534578159451485,0.9992110133171082
2,3,0.7918753027915955,0.32245200872421265,-0.03538095951080322,0.9993448853492737
2,4,0.7910955548286438,0.32547855377197266,-0.07513213157653809,0.9992629885673523
2,5,0.7899685502052307,0.321338027715683,-0.07516521215438843,0.9994804263114929
2,6,0.7886852622032166,0.31673282384872437,-0.07524009048938751,0.9995118379592896
2,7,0.776178777217865,0.29466453194618225,0.039669353514909744,0.9991101026535034
2,8,0.7727259397506714,0.2911331057548523,-0.1368291825056076,0.9995039701461792
2,9,0.7667340040206909,0.3573971092700958,-0.011799384839832783,0.9994065761566162
2,10,0.7649956345558167,0.3527369201183319,-0.06330646574497223,0.9995769262313843
2,11,0.6870715618133545,0.33097216486930847,0.17386309802532196,0.9975405335426331
2,12,0.6854146122932434,0.33698341250419617,-0.2225257158279419,0.9997430443763733
2,13,0.6491311192512512,0.5134319067001343,0.1948203295469284,0.16630232334136963
2,14,0.6512070894241333,0.5419144034385681,-0.2503511309623718,0.9782507419586182
2,15,0.6374341249465942,0.6995662450790405,0.1306835561990738,0.21548035740852356
2,16,0.6366616487503052,0.7544819116592407,-0.2140434980392456,0.9760729074478149
2,17,0.654205322265625,0.7167635560035706,0.13649895787239075,0.22566400468349457
2,18,0.6535305976867676,0.7800541520118713,-0.2559574246406555,0.9680911302566528
2,19,0.656920313835144,0.7265356183052063,0.09683554619550705,0.23446065187454224
2,20,0.6597157716751099,0.7724642157554626,-0.22618575394153595,0.9610287547111511
2,21,0.6471842527389526,0.7258384823799133,0.11097189038991928,0.2406095266342163
2,22,0.6515299081802368,0.7653360366821289,-0.20303189754486084,0.9337292909622192
2,23,0.4766947627067566,0.44296929240226746,0.10762761533260345,0.9909305572509766
2,24,0.4721682667732239,0.42913851141929626,-0.10755737125873566,0.9947989583015442
2,25,0.3320636749267578,0.5698770880699158,0.12456110864877701,0.4278317391872406
2,26,0.3227909803390503,0.5594779253005981,-0.09695596247911453,0.9620266556739807
2,27,0.1839834749698639,0.6313886046409607,0.1730675846338272,0.7140690684318542
2,28,0.16173747181892395,0.6364578604698181,-0.05909675359725952,0.9711328148841858
2,29,0.1490100473165512,0.621900200843811,0.173299178481102,0.7570421695709229
2,30,0.12959828972816467,0.622745156288147,-0.06308458745479584,0.9466009736061096
2,31,0.1780136674642563,0.7329211831092834,0.11076842248439789,0.8464077115058899
2,32,0.15620778501033783,0.7552315592765808,-0.16422587633132935,0.9556275606155396
3,0,0.7827128171920776,0.3554338216781616,-0.0502186194062233,0.9995406866073608
3,1,0.7920841574668884,0.3291156589984894,-0.03992462158203125,0.9990696310997009
3,2,0.7918515801429749,0.32643306255340576,-0.03999834135174751,0.9992046356201172
3,3,0.7915489673614502,0.3233693540096283,-0.040038250386714935,0.9993405342102051
3,4,0.7907646298408508,0.325935035943985,-0.08002510666847229,0.9992721676826477
3,5,0.7896390557289124,0.32158979773521423,-0.08005909621715546,0.9994833469390869
3,6,0.7883765697479248,0.3168521821498871,-0.0801297128200531,0.9995202422142029
3,7,0.7760792374610901,0.2958790361881256,0.03406645357608795,0.9990784525871277
3,8,0.7724839448928833,0.2911401689052582,-0.14351457357406616,0.999505877494812
3,9,0.7665932178497314,0.3580346405506134,-0.016244376078248024,0.9993807673454285
3,10,0.7648168206214905,0.35324642062187195,-0.06799248605966568,0.999565601348877
3,11,0.6889947652816772,0.3305884003639221,0.1676953136920929,0.9974657297134399
3,12,0.6861502528190613,0.3355630040168762,-0.2260306179523468,0.9997430443763733
3,13,0.6490529775619507,0.5123032927513123,0.19043827056884766,0.1671644151210785
3,14,0.6511904001235962,0.5394867658615112,-0.2513122856616974,0.978516161441803
3,15,0.6373835802078247,0.699424684047699,0.12999776005744934,0.2132289856672287
3,16,0.6370596885681152,0.7537978887557983,-0.21462157368659973,0.9748214483261108
3,17,0.6538103818893433,0.7153593897819519,0.13583415746688843,0.2220296710729599
3,18,0.6535924077033997,0.7779597640037537,-0.2561337947845459,0.9661329388618469
3,19,0.6564216017723083,0.7217905521392822,0.09619735181331635,0.23034146428108215
3,20,0.6597173810005188,0.7697753310203552,-0.22721052169799805,0.9585660696029663
3,21,0.6468760967254639,0.7221099734306335,0.11040769517421722,0.23680710792541504
3,22,0.6515533328056335,0.7627916932106018,-0.20393741130828857,0.9302796721458435
3,23,0.47651562094688416,0.4438166320323944,0.1077255979180336,0.9904603958129883
3,24,0.4721510410308838,0.4303911030292511,-0.10765731334686279,0.9945729374885559
3,25,0.33250176906585693,0.5700151324272156,0.12741073966026306,0.4282771348953247
3,26,0.3226552903652191,0.5601733922958374,-0.0912509337067604,0.9619759917259216
3,27,0.18445834517478943,0.6272182464599609,0.18000856041908264,0.7156109809875488
3,28,0.16162927448749542,0.6361124515533447,-0.042262934148311615,0.9708443284034729
3,29,0.1540006846189499,0.6177036762237549,0.18261201679706573,0.7605886459350586
3,30,0.12980720400810242,0.622400164604187,-0.04479306563735008,0.9467372894287109
3,31,0.18002954125404358,0.7310836911201477,0.11308469623327255,0.8462185263633728
3,32,0.1561279296875,0.7545551657676697,-0.14445042610168457,0.9551878571510315
4,0,0.7825928926467896,0.35636106133461,-0.053340207785367966,0.9995356798171997
4,1,0.792015016078949,0.3300282657146454,-0.0432899184525013,0.9990653395652771
4,2,0.7917842268943787,0.32740867137908936,-0.04336444288492203,0.9991946220397949
4,3,0.7914882302284241,0.32433420419692993,-0.04340586066246033,0.999332845211029
4,4,0.790681004524231,0.32653385400772095,-0.08293944597244263,0.9992781281471252
4,5,0.7895458936691284,0.32203051447868347,-0.08297602832317352,0.9994848370552063
4,6,0.7882877588272095,0.31717365980148315,-0.08304359018802643,0.9995273947715759
4,7,0.776079535484314,0.2967316508293152,0.03025023266673088,0.9990372657775879
4,8,0.772476851940155,0.291260689496994,-0.14531660079956055,0.9995049238204956
4,9,0.7665385007858276,0.3586626648902893,-0.019546236842870712,0.9993577003479004
4,10,0.7647322416305542,0.3537517488002777,-0.07074577361345291,0.9995563626289368
4,11,0.6894649267196655,0.32991886138916016,0.16256628930568695,0.9974384903907776
4,12,0.6869426369667053,0.3354766070842743,-0.22580823302268982,0.9997455477714539
4,13,0.6489757895469666,0.5124739408493042,0.18750640749931335,0.16961805522441864
4,14,0.651190996170044,0.5408345460891724,-0.25111061334609985,0.9789853096008301
4,15,0.6371813416481018,0.6994884014129639,0.1298931986093521,0.21441544592380524
4,16,0.637721061706543,0.7538185715675354,-0.21494083106517792,0.9744275212287903
4,17,0.6531933546066284,0.7137940526008606,0.13501405715942383,0.22181478142738342
4,18,0.6545400619506836,0.7776402831077576,-0.2566944360733032,0.9652887582778931
4,19,0.655997633934021,0.7203110456466675,0.09589754790067673,0.22979260981082916
4,20,0.6603009700775146,0.7693041563034058,-0.22797338664531708,0.9575127959251404
4,21,0.646753191947937,0.7207023501396179,0.1103520393371582,0.23626983165740967
4,22,0.6520389318466187,0.7621968388557434,-0.20442131161689758,0.9288288950920105
4,23,0.4762571454048157,0.44363051652908325,0.10758920013904572,0.9901878833770752
4,24,0.4721527695655823,0.4336198568344116,-0.10753313452005386,0.9944267868995667
4,25,0.33279183506965637,0.5697448253631592,0.12845821678638458,0.4271478056907654
4,26,0.32265374064445496,0.5614109039306641,-0.0887635126709938,0.9611310958862305
4,27,0.18503347039222717,0.6247955560684204,0.1869915872812271,0.7164498567581177
4,28,0.1617584079504013,0.6358270645141602,-0.037230707705020905,0.9702264070510864
4,29,0.1540476530790329,0.6141430139541626,0.18942293524742126,0.7633492350578308
4,30,0.13006152212619781,0.622102677822113,-0.039439085870981216,0.9464033246040344
4,31,0.17992889881134033,0.7308745384216309,0.12531784176826477,0.8460513353347778
4,32,0.1557367891073227,0.7590278387069702,-0.13747228682041168,0.9546132683753967
5,0,0.7826324105262756,0.3570278584957123,-0.053134821355342865,0.9995471239089966
5,1,0.7920328974723816,0.33080101013183594,-0.043159350752830505,0.999091386795044
5,2,0.7917991280555725,0.32829779386520386,-0.04322601109743118,0.9992123246192932
5,3,0.7915053367614746,0.32528823614120483,-0.04326135665178299,0.9993491768836975
5,4,0.7906942367553711,0.32695525884628296,-0.08156883716583252,0.9993053078651428
5,5,0.7895536422729492,0.3223316967487335,-0.08160652220249176,0.9995025992393494
5,6,0.7882947325706482,0.31739458441734314,-0.08166701346635818,0.9995481371879578
5,7,0.7762439846992493,0.2978288233280182,0.0303649865090847,0.9990382790565491
5,8,0.7725597023963928,0.2915000319480896,-0.13894343376159668,0.9995185732841492
5,9,0.7665573954582214,0.3595818877220154,-0.019484080374240875,0.9993612766265869
5,10,0.7647385597229004,0.3543842136859894,-0.06905807554721832,0.9995628595352173
5,11,0.6895429491996765,0.33002883195877075,0.16065388917922974,0.9974702000617981
5,12,0.6872864365577698,0.3356949985027313,-0.21786567568778992,0.9997528195381165
5,13,0.6485382914543152,0.513359785079956,0.1863003820180893,0.17479537427425385
5,14,0.6514168977737427,0.5418031215667725,-0.2442377805709839,0.9798552989959717
5,15,0.6364343762397766,0.699661910533905,0.1298694610595703,0.2174728512763977
5,16,0.6387054920196533,0.7546031475067139,-0.21172471344470978,0.9744545221328735
5,17,0.651914656162262,0.7133145928382874,0.13478079438209534,0.22284498810768127
5,18,0.6555043458938599,0.7776817083358765,-0.2533825933933258,0.9648230075836182
5,19,0.6547241806983948,0.7198600769042969,0.09561911970376968,0.2306319624185562
5,20,0.6607497930526733,0.7693461179733276,-0.2251124382019043,0.956924319267273
5,21,0.6459623575210571,0.7204011678695679,0.1104905754327774,0.2367907017469406
5,22,0.6524575352668762,0.7622740864753723,-0.20136293768882751,0.9280824065208435
5,23,0.4764288365840912,0.44226476550102234,0.10524670779705048,0.9899981617927551
5,24,0.47360357642173767,0.43512290716171265,-0.10519687831401825,0.9943273067474365
5,25,0.3325076997280121,0.5676814317703247,0.11733166873455048,0.4233260750770569
5,26,0.32286566495895386,0.5619076490402222,-0.0900830328464508,0.9602323174476624
5,27,0.18384480476379395,0.6249051690101624,0.16047343611717224,0.7136158347129822
5,28,0.16221484541893005,0.6362885236740112,-0.05171802639961243,0.9693507552146912
5,29,0.1529809534549713,0.6139123439788818,0.16018307209014893,0.7625136971473694
5,30,0.13037243485450745,0.6226571202278137,-0.05576402693986893,0.9460945129394531
5,31,0.17976517975330353,0.7307641506195068,0.09620491415262222,0.8440038561820984
5,32,0.1586587131023407,0.7592669725418091,-0.15457160770893097,0.9539438486099243
6,0,0.7826773524284363,0.3577084541320801,-0.05350003391504288,0.999548077583313
6,1,0.7921265363693237,0.3313959538936615,-0.04346083849668503,0.9990974068641663
6,2,0.7918790578842163,0.32891038060188293,-0.04352386295795441,0.9992126226425171
6,3,0.791572630405426,0.32589825987815857,-0.04355541616678238,0.9993507862091064
6,4,0.7907947897911072,0.3274674415588379,-0.08224891871213913,0.9993187785148621
6,5,0.7896448373794556,0.3228053152561188,-0.08229129016399384,0.9995105266571045
6,6,0.788383960723877,0.3178647458553314,-0.08235462009906769,0.9995602965354919
6,7,0.7765264511108398,0.2986477017402649,0.030654195696115494,0.9990147352218628
6,8,0.7729280591011047,0.2922138571739197,-0.14108125865459442,0.9995236396789551
6,9,0.7665697932243347,0.3604077696800232,-0.019558563828468323,0.9993494749069214
6,10,0.7647576928138733,0.35516971349716187,-0.06964755058288574,0.9995603561401367
6,11,0.6896329522132874,0.3301093578338623,0.16236618161201477,0.9974640607833862
6,12,0.6875391602516174,0.33638298511505127,-0.22056762874126434,0.9997590184211731
6,13,0.6485141515731812,0.5162162780761719,0.18709376454353333,0.17860479652881622
6,14,0.6516945362091064,0.5448020696640015,-0.24571259319782257,0.9804783463478088
6,15,0.6362964510917664,0.702210009098053,0.13085225224494934,0.2200014889240265
6,16,0.6391308903694153,0.7562078833580017,-0.21253736317157745,0.9743663668632507
6,17,0.651841402053833,0.7137686014175415,0.1361844837665558,0.2237764298915863
6,18,0.6559849977493286,0.7785845994949341,-0.2546145021915436,0.9643163681030273
6,19,0.654689371585846,0.7201492190361023,0.09668856859207153,0.2313240021467209
6,20,0.6610990166664124,0.7702851295471191,-0.2264339029788971,0.956254243850708
6,21,0.6458991765975952,0.7206507325172424,0.11148617416620255,0.23728489875793457
6,22,0.6526720523834229,0.7629874348640442,-0.20240259170532227,0.9271811246871948
6,23,0.4765261709690094,0.44223564863204956,0.10528947412967682,0.9897204637527466
6,24,0.47385817766189575,0.436867356300354,-0.1052417978644371,0.9942194819450378
6,25,0.33247309923171997,0.5672023296356201,0.11756976693868637,0.4185461699962616
6,26,0.3228512406349182,0.5624438524246216,-0.08968211710453033,0.9593355059623718
6,27,0.18406590819358826,0.6249623894691467,0.1723603755235672,0.7105262279510498
6,28,0.16232790052890778,0.636450469493866,-0.04622621461749077,0.9687221050262451
6,29,0.15288665890693665,0.6139310002326965,0.17365752160549164,0.7619190812110901
6,30,0.13038188219070435,0.6234646439552307,-0.049495551735162735,0.9461686611175537
6,31,0.1795361489057541,0.7305683493614197,0.11066581308841705,0.8417581915855408
6,32,0.1593257486820221,0.7594050168991089,-0.1482040137052536,0.9533613324165344
7,0,0.7826957106590271,0.3586423993110657,-0.04702433571219444,0.9995481371879578
7,1,0.792202353477478,0.332091748714447,-0.03652762621641159,0.9991052746772766
7,2,0.7919465899467468,0.3295871317386627,-0.036584384739398956,0.9992153644561768
7,3,0.7916314005851746,0.32655227184295654,-0.03660964220762253,0.999354362487793
7,4,0.7908947467803955,0.3281722664833069,-0.07615335285663605,0.9993317127227783
7,5,0.7897489666938782,0.32347947359085083,-0.07620005309581757,0.9995181560516357
7,6,0.7885004878044128,0.31854069232940674,-0.07627058029174805,0.9995717406272888
7,7,0.7768679857254028,0.2992331385612488,0.03836963325738907,0.9989973306655884
7,8,0.7734594345092773,0.2929868996143341,-0.13719183206558228,0.9995291233062744
7,9,0.7665934562683105,0.3614450991153717,-0.012757199816405773,0.9993341565132141
7,10,0.7647682428359985,0.3561861217021942,-0.06390068680047989,0.9995537996292114
7,11,0.6899775266647339,0.3301653265953064,0.1724271923303604,0.9974533915519714
7,12,0.6882689595222473,0.33667072653770447,-0.21986821293830872,0.9997642636299133
7,13,0.6485173106193542,0.5186420679092407,0.1930868774652481,0.18023252487182617
7,14,0.6518357396125793,0.5462276935577393,-0.24644403159618378,0.9806747436523438
7,15,0.636310338973999,0.7040674090385437,0.1327432096004486,0.2196863740682602
7,16,0.6392687559127808,0.756652295589447,-0.2114853411912918,0.9737187027931213
7,17,0.6520441770553589,0.7148134112358093,0.13856735825538635,0.22223210334777832
7,18,0.6560949683189392,0.7788182497024536,-0.25295349955558777,0.9631670117378235
7,19,0.6550347805023193,0.7205256819725037,0.0990210622549057,0.22943846881389618
7,20,0.661243736743927,0.7704864740371704,-0.22281113266944885,0.9547514915466309
7,21,0.6460962891578674,0.7211936116218567,0.1133195161819458,0.2354283481836319
7,22,0.652764081954956,0.7631745338439941,-0.2003573626279831,0.9249598979949951
7,23,0.47680220007896423,0.44215816259384155,0.10617530345916748,0.9894240498542786
7,24,0.4743366837501526,0.4380373954772949,-0.10613135993480682,0.9940918684005737
7,25,0.33201196789741516,0.5667128562927246,0.12072833627462387,0.4113363027572632
7,26,0.3228422999382019,0.5636100172996521,-0.09062796086072922,0.9582059383392334
7,27,0.1829342544078827,0.6248093843460083,0.1773988902568817,0.7054434418678284
7,28,0.16239039599895477,0.6369501948356628,-0.046367619186639786,0.9679989814758301
7,29,0.151271253824234,0.613750159740448,0.17941270768642426,0.7602776885032654
7,30,0.12941554188728333,0.6243646144866943,-0.04952017962932587,0.9461857676506042
7,31,0.17933115363121033,0.7305904626846313,0.11716117709875107,0.8382214903831482
7,32,0.16014912724494934,0.7603025436401367,-0.14865562319755554,0.9525626301765442
8,0,0.7826303243637085,0.35961902141571045,-0.041323184967041016,0.999555766582489
8,1,0.7922121286392212,0.3329477608203888,-0.030539508908987045,0.9991278052330017
8,2,0.7919573187828064,0.3304460942745209,-0.030593708157539368,0.9992318749427795
8,3,0.7916426658630371,0.3274495005607605,-0.03061721846461296,0.9993687272071838
8,4,0.7909026145935059,0.32902976870536804,-0.07032330334186554,0.9993530511856079
8,5,0.7897559404373169,0.3243042230606079,-0.07036736607551575,0.9995322823524475
8,6,0.7885042428970337,0.31940239667892456,-0.0704394206404686,0.9995880126953125
8,7,0.7770416140556335,0.3004053235054016,0.044812045991420746,0.9990035891532898
8,8,0.7737130522727966,0.2943183183670044,-0.13129942119121552,0.9995421171188354
8,9,0.7665444612503052,0.3621058464050293,-0.006960675120353699,0.9993325471878052
8,10,0.7647289037704468,0.3569895327091217,-0.058271266520023346,0.9995551705360413
8,11,0.6902409791946411,0.32981428503990173,0.18020176887512207,0.9974687099456787
8,12,0.6889396905899048,0.33738967776298523,-0.2174621820449829,0.9997707009315491
8,13,0.6483910083770752,0.518132209777832,0.20034024119377136,0.18028786778450012
8,14,0.6518499255180359,0.5463413000106812,-0.24652469158172607,0.9808902740478516
8,15,0.636254072189331,0.704230546951294,0.13696415722370148,0.21795789897441864
8,16,0.6392505764961243,0.7569933533668518,-0.21018533408641815,0.9730451703071594
8,17,0.6522153615951538,0.7146033644676208,0.14307795464992523,0.2196779102087021
8,18,0.6562262773513794,0.7790732383728027,-0.250998318195343,0.9619501233100891
8,19,0.6553838849067688,0.7205356955528259,0.10366129875183105,0.2265135645866394
8,20,0.6615555286407471,0.7705433368682861,-0.21985368430614471,0.9531499743461609
8,21,0.6461923122406006,0.7212427854537964,0.11748383194208145,0.2324708104133606
8,22,0.6529513597488403,0.7632364630699158,-0.19838201999664307,0.9225848317146301
8,23,0.47705593705177307,0.44089648127555847,0.10710219293832779,0.9891254901885986
8,24,0.4754509925842285,0.43933138251304626,-0.10704799741506577,0.9939408898353577
8,25,0.33185693621635437,0.5665477514266968,0.12242841720581055,0.40245747566223145
8,26,0.3229083716869354,0.5652454495429993,-0.09603005647659302,0.9572398662567139
8,27,0.1814921796321869,0.6246859431266785,0.17220698297023773,0.6980645656585693
8,28,0.1623479425907135,0.6372241377830505,-0.06024577468633652,0.9671544432640076
8,29,0.14851614832878113,0.6137616038322449,0.17233747243881226,0.7562183141708374
8,30,0.127545565366745,0.6252031922340393,-0.06441956758499146,0.9460499286651611
8,31,0.1789189875125885,0.7306128740310669,0.10990232229232788,0.8336691856384277
8,32,0.16001643240451813,0.7620631456375122,-0.16412842273712158,0.9516972303390503
9,0,0.7826031446456909,0.36034947633743286,-0.040544312447309494,0.9995626211166382
9,1,0.7922218441963196,0.3334830105304718,-0.02997855842113495,0.9991469383239746
9,2,0.7919686436653137,0.3309693932533264,-0.03003060258924961,0.999245822429657
9,3,0.7916544079780579,0.32797858119010925,-0.03005394898355007,0.999380350112915
9,4,0.7909106016159058,0.3296138644218445,-0.06954183429479599,0.9993718266487122
9,5,0.7897629141807556,0.3248857259750366,-0.06958605349063873,0.9995448589324951
9,6,0.788508951663971,0.32002702355384827,-0.06965609639883041,0.9996024966239929
9,7,0.7771540284156799,0.3013744354248047,0.04473286122083664,0.9990068674087524
9,8,0.7738944292068481,0.2954435646533966,-0.13037127256393433,0.9995539784431458
9,9,0.7665265798568726,0.36268001794815063,-0.006362132728099823,0.9993313550949097
9,10,0.7647169828414917,0.3577854037284851,-0.05738319084048271,0.999557614326477
9,11,0.6903199553489685,0.32941991090774536,0.17975425720214844,0.9974774718284607
9,12,0.689445972442627,0.3379833996295929,-0.21612735092639923,0.9997771978378296
9,13,0.6481966972351074,0.5176239013671875,0.201144739985466,0.18102599680423737
9,14,0.6519080400466919,0.5466001629829407,-0.24601955711841583,0.9812160730361938
9,15,0.6360551714897156,0.7043646574020386,0.13873210549354553,0.21748004853725433
9,16,0.639241099357605,0.7571350336074829,-0.20869557559490204,0.9726706147193909
9,17,0.6522880792617798,0.7143914699554443,0.14488902688026428,0.21833361685276031
9,18,0.6562883257865906,0.7791668176651001,-0.24900634586811066,0.9611575603485107
9,19,0.6554315686225891,0.7205268144607544,0.10557039082050323,0.22486071288585663
9,20,0.661689043045044,0.7705739140510559,-0.2176402509212494,0.9521008133888245
9,21,0.6462001204490662,0.7212812900543213,0.11933214962482452,0.23074808716773987
9,22,0.6530181169509888,0.7632859945297241,-0.19662684202194214,0.9210835695266724
9,23,0.4772578179836273,0.44017961621284485,0.10719823837280273,0.9888849854469299
9,24,0.4761926233768463,0.44004377722740173,-0.10714231431484222,0.9938564896583557
9,25,0.3319254517555237,0.5665338635444641,0.12314359843730927,0.39720240235328674
9,26,0.323034405708313,0.5658318996429443,-0.09525490552186966,0.9567520022392273
9,27,0.18161772191524506,0.6247602105140686,0.17586871981620789,0.694206178188324
9,28,0.16238674521446228,0.6374168395996094,-0.05634690448641777,0.9667259454727173
9,29,0.14846119284629822,0.6137934327125549,0.17635665833950043,0.7545614838600159
9,30,0.12720666825771332,0.6255464553833008,-0.060039620846509933,0.9462268352508545
9,31,0.17886382341384888,0.7306454181671143,0.1148054376244545,0.8309798836708069
9,32,0.1601722240447998,0.7619155049324036,-0.1589294970035553,0.9512804746627808
10,0,0.7827631235122681,0.36113789677619934,-0.04013070836663246,0.9995667338371277
10,1,0.7923949956893921,0.33384349942207336,-0.029161518439650536,0.999163031578064
10,2,0.7921231985092163,0.331275075674057,-0.02921218052506447,0.9992575645446777
10,3,0.7917781472206116,0.3282436728477478,-0.0292338989675045,0.9993911385536194
10,4,0.7910727262496948,0.33011651039123535,-0.06939928978681564,0.9993880391120911
10,5,0.7899020910263062,0.32541608810424805,-0.06944336742162704,0.9995552897453308
10,6,0.7886350750923157,0.3206096291542053,-0.06951360404491425,0.9996148347854614
10,7,0.7774028182029724,0.301972895860672,0.04688011482357979,0.9990094304084778
10,8,0.7742294073104858,0.29640674591064453,-0.13136526942253113,0.9995631575584412
10,9,0.7667701244354248,0.3635333478450775,-0.005506853573024273,0.9993249773979187
10,10,0.7649875283241272,0.35901251435279846,-0.057408880442380905,0.999556303024292
10,11,0.6908838152885437,0.3294949531555176,0.18307630717754364,0.997458279132843
10,12,0.6903276443481445,0.33881044387817383,-0.21721048653125763,0.9997801184654236
10,13,0.6479455232620239,0.5172573328018188,0.2033131867647171,0.17988747358322144
10,14,0.6517995595932007,0.5468363165855408,-0.24625322222709656,0.9812867045402527
10,15,0.6360386610031128,0.7051130533218384,0.13930507004261017,0.21497513353824615
10,16,0.6393755674362183,0.7579179406166077,-0.20931200683116913,0.9718398451805115
10,17,0.6523407101631165,0.7151978611946106,0.14565369486808777,0.21540717780590057
10,18,0.6565110087394714,0.7793216109275818,-0.2500077486038208,0.9598442316055298
10,19,0.6554602980613708,0.7209917902946472,0.10609632730484009,0.22163082659244537
10,20,0.6621974110603333,0.7705903053283691,-0.2186729609966278,0.9503910541534424
10,21,0.6462124586105347,0.7218867540359497,0.119772769510746,0.22747090458869934
10,22,0.6534993648529053,0.7634337544441223,-0.19742515683174133,0.918457567691803
10,23,0.4775506854057312,0.44038864970207214,0.10824844986200333,0.9886406660079956
10,24,0.4769221246242523,0.4413664638996124,-0.10817839950323105,0.9937356114387512
10,25,0.331975519657135,0.5668177008628845,0.12370425462722778,0.3909304738044739
10,26,0.32321181893348694,0.5671476125717163,-0.09732572734355927,0.956496000289917
10,27,0.18161575496196747,0.6248226165771484,0.17692267894744873,0.690074622631073
10,28,0.16267354786396027,0.6376495957374573,-0.059021878987550735,0.9663916826248169
10,29,0.148380845785141,0.6138575077056885,0.17732591927051544,0.7531508803367615
10,30,0.12736669182777405,0.6257596611976624,-0.06270866841077805,0.9463814496994019
10,31,0.1788531392812729,0.7306512594223022,0.11586780846118927,0.8279681205749512
10,32,0.16086642444133759,0.7616398930549622,-0.16179469227790833,0.9508636593818665
11,0,0.7827427983283997,0.3641811013221741,-0.04204776883125305,0.9995591044425964
11,1,0.7924057841300964,0.33656710386276245,-0.03123517893254757,0.9991550445556641
11,2,0.792134702205658,0.33393219113349915,-0.03129002824425697,0.9992465972900391
11,3,0.7917888760566711,0.3309085965156555,-0.031314924359321594,0.9993827939033508
11,4,0.7910811305046082,0.3331283926963806,-0.0713929831981659,0.9993887543678284
11,5,0.7899083495140076,0.32842686772346497,-0.07143668830394745,0.9995549321174622
11,6,0.7886408567428589,0.3234058618545532,-0.07150685787200928,0.999618649482727
11,7,0.7775999307632446,0.3046776354312897,0.04436742514371872,0.9989762902259827
11,8,0.7745972275733948,0.29912540316581726,-0.13333746790885925,0.9995623230934143
11,9,0.7667787075042725,0.36615681648254395,-0.007567799184471369,0.999305009841919
11,10,0.7650213241577148,0.3619086444377899,-0.05937769263982773,0.9995483160018921
11,11,0.6910347938537598,0.33131104707717896,0.17962785065174103,0.9974250197410583
11,12,0.690896213054657,0.3392021059989929,-0.21804547309875488,0.9997832179069519
11,13,0.6469337344169617,0.5189948678016663,0.2024947702884674,0.18026363849639893
11,14,0.651164174079895,0.5473681688308716,-0.24890096485614777,0.9816113710403442
11,15,0.6360370516777039,0.706403374671936,0.13893240690231323,0.2154902219772339
11,16,0.6396592855453491,0.7581369876861572,-0.2164110690355301,0.9718770384788513
11,17,0.6523228287696838,0.7161818742752075,0.1449260413646698,0.21557922661304474
11,18,0.6570734977722168,0.7793364524841309,-0.2580035626888275,0.9597326517105103
11,19,0.6553574800491333,0.7221608757972717,0.10525785386562347,0.22167009115219116
11,20,0.6625795960426331,0.7705429196357727,-0.22631776332855225,0.9502329230308533
11,21,0.6462215185165405,0.7227870225906372,0.11931680142879486,0.2272891104221344
11,22,0.6538476347923279,0.7634391188621521,-0.20431771874427795,0.9180941581726074
11,23,0.4781794548034668,0.44240471720695496,0.10835839807987213,0.9883148074150085
11,24,0.4775733947753906,0.4444619417190552,-0.10828926414251328,0.9936041235923767
11,25,0.3320082128047943,0.5670846104621887,0.12438204139471054,0.38543441891670227
11,26,0.32335856556892395,0.5690451860427856,-0.09642372280359268,0.9557507634162903
11,27,0.18156597018241882,0.6248785257339478,0.17733904719352722,0.6860430240631104
11,28,0.16287723183631897,0.6376652121543884,-0.055387698113918304,0.9658904671669006
11,29,0.14818894863128662,0.6139059066772461,0.17743203043937683,0.7517489194869995
11,30,0.12747979164123535,0.6257582902908325,-0.05875793844461441,0.946394681930542
11,31,0.17874732613563538,0.7306667566299438,0.1165386438369751,0.8251016736030579
11,32,0.1611776053905487,0.7615882754325867,-0.15777358412742615,0.9502667784690857
12,0,0.7831424474716187,0.3674863278865814,-0.041217051446437836,0.9995571970939636
12,1,0.7929400205612183,0.33923885226249695,-0.030263537541031837,0.99916011095047
12,2,0.7926503419876099,0.33660879731178284,-0.030312826856970787,0.9992472529411316
12,3,0.7922862768173218,0.33369606733322144,-0.030335789546370506,0.9993845820426941
12,4,0.7916737794876099,0.33598148822784424,-0.0709354355931282,0.999396026134491
12,5,0.7905071973800659,0.3312423825263977,-0.07098092883825302,0.9995595812797546
12,6,0.7891846895217896,0.32595229148864746,-0.07105046510696411,0.9996262192726135
12,7,0.7782202363014221,0.30765506625175476,0.045398954302072525,0.998964250087738
12,8,0.7754037380218506,0.30112263560295105,-0.13436199724674225,0.9995681047439575
12,9,0.7671958208084106,0.3692450225353241,-0.006651419214904308,0.9992945194244385
12,10,0.7655938267707825,0.3651566803455353,-0.059128981083631516,0.9995450973510742
12,11,0.6913155317306519,0.33257973194122314,0.18160897493362427,0.997416615486145
12,12,0.6925400495529175,0.34045347571372986,-0.21875795722007751,0.9997872710227966
12,13,0.6439608931541443,0.5190760493278503,0.2068091332912445,0.17764542996883392
12,14,0.6485556960105896,0.5475339889526367,-0.2501649260520935,0.9814632534980774
12,15,0.6359559893608093,0.7070300579071045,0.14358089864253998,0.21225181221961975
12,16,0.6396514177322388,0.758108377456665,-0.21659883856773376,0.9710417985916138
12,17,0.6521766185760498,0.7185269594192505,0.1496790051460266,0.2124282568693161
12,18,0.6570690870285034,0.7793641090393066,-0.25799208879470825,0.9586367607116699
12,19,0.6551709175109863,0.7238181829452515,0.11006443202495575,0.2182464450597763
12,20,0.6625788807868958,0.7705278396606445,-0.2262968122959137,0.9488332271575928
12,21,0.6461960077285767,0.7239314317703247,0.12394366413354874,0.22379033267498016
12,22,0.6538580656051636,0.7634457349777222,-0.20439963042736053,0.9158056974411011
12,23,0.4787105619907379,0.4443718492984772,0.10864503681659698,0.9884036779403687
12,24,0.4785615801811218,0.44854316115379333,-0.10857752710580826,0.9936461448669434
12,25,0.331897109746933,0.5671746730804443,0.12588733434677124,0.38078543543815613
12,26,0.32347792387008667,0.5715482831001282,-0.09360125660896301,0.9554550051689148
12,27,0.1812930554151535,0.6242592334747314,0.18132099509239197,0.6843236088752747
12,28,0.16355960071086884,0.6377618312835693,-0.04679455608129501,0.9654324054718018
12,29,0.14799638092517853,0.6134475469589233,0.181878462433815,0.7532019019126892
12,30,0.12808090448379517,0.6257540583610535,-0.0490541085600853,0.9463666081428528
12,31,0.17876838147640228,0.7299550175666809,0.12025362253189087,0.8233011364936829
12,32,0.1631336659193039,0.760999321937561,-0.14460274577140808,0.9496497511863708
13,0,0.7834520936012268,0.37415242195129395,-0.03927900642156601,0.9995482563972473
13,1,0.7935757040977478,0.3453054130077362,-0.028049897402524948,0.9991534948348999
13,2,0.7932748794555664,0.3425734341144562,-0.028093760833144188,0.9992378354072571
13,3,0.7929124236106873,0.3396185636520386,-0.028115546330809593,0.9993768930435181
13,4,0.7923580408096313,0.34213459491729736,-0.06898775696754456,0.9993942379951477
13,5,0.7912670969963074,0.3376557230949402,-0.06903552263975143,0.9995579123497009
13,6,0.7900511622428894,0.3325193524360657,-0.06911173462867737,0.9996285438537598
13,7,0.779362678527832,0.313628226518631,0.04814334213733673,0.9989350438117981
13,8,0.7768364548683167,0.30616891384124756,-0.13327033817768097,0.9995682239532471
13,9,0.7676001787185669,0.375130295753479,-0.004485129378736019,0.9992706775665283
13,10,0.7661915421485901,0.3711054027080536,-0.05734523385763168,0.9995346665382385
13,11,0.6920326948165894,0.335446834564209,0.18482054769992828,0.9973828792572021
13,12,0.6953502893447876,0.34271568059921265,-0.2183486521244049,0.9997908473014832
13,13,0.638592541217804,0.5188353657722473,0.21264895796775818,0.17384544014930725
13,14,0.644546389579773,0.546900749206543,-0.25007694959640503,0.9813303351402283
13,15,0.6340042352676392,0.707481324672699,0.14973033964633942,0.20889265835285187
13,16,0.6391804218292236,0.7581114768981934,-0.21587471663951874,0.9704586267471313
13,17,0.6505231261253357,0.7190407514572144,0.15590229630470276,0.20969577133655548
13,18,0.6569581031799316,0.7793824076652527,-0.2562316060066223,0.957911491394043
13,19,0.6537429094314575,0.7245669960975647,0.11669568717479706,0.21522891521453857
13,20,0.662557065486908,0.7704610824584961,-0.22404570877552032,0.9479035139083862
13,21,0.645078182220459,0.7244529128074646,0.13033834099769592,0.2204812616109848
13,22,0.6538316607475281,0.7634329199790955,-0.20329980552196503,0.9141510128974915
13,23,0.4788590371608734,0.44607120752334595,0.10898958146572113,0.9881148338317871
13,24,0.4793805480003357,0.4534037709236145,-0.10892462730407715,0.9935551881790161
13,25,0.33176782727241516,0.5673787593841553,0.13044105470180511,0.3787265419960022
13,26,0.32341891527175903,0.572966456413269,-0.09283366054296494,0.9551821351051331
13,27,0.18126589059829712,0.624008297920227,0.19071081280708313,0.6832268834114075
13,28,0.16307179629802704,0.6379066109657288,-0.04297950118780136,0.9651991724967957
13,29,0.1479097306728363,0.6124830842018127,0.19198432564735413,0.7548268437385559
13,30,0.12791714072227478,0.6255263090133667,-0.044677410274744034,0.9465200304985046
13,31,0.1782592236995697,0.729644775390625,0.13121923804283142,0.8218700289726257
13,32,0.1619701087474823,0.760962188243866,-0.14026139676570892,0.949185848236084
14,0,0.7826517224311829,0.38618290424346924,-0.02809935249388218,0.9995279908180237
14,1,0.7934767007827759,0.35914885997772217,-0.01625981368124485,0.999126672744751
14,2,0.7932165265083313,0.3559197187423706,-0.016308102756738663,0.9992099404335022
14,3,0.7928937673568726,0.35223546624183655,-0.01633070968091488,0.9993531107902527
14,4,0.7922955751419067,0.3561733663082123,-0.05707641690969467,0.9993794560432434
14,5,0.7912556529045105,0.3514862060546875,-0.057121872901916504,0.9995473623275757
14,6,0.7900748252868652,0.3464584946632385,-0.05721442773938179,0.9996234774589539
14,7,0.7800095081329346,0.32366999983787537,0.05825917795300484,0.9988806247711182
14,8,0.777945876121521,0.319347620010376,-0.12319691479206085,0.9995596408843994
14,9,0.767336905002594,0.3859812021255493,0.005637709982693195,0.9992297887802124
14,10,0.766099214553833,0.3822213411331177,-0.047209449112415314,0.9995129704475403
14,11,0.6922017335891724,0.3401608169078827,0.1888553947210312,0.9973220825195312
14,12,0.69718337059021,0.3490796685218811,-0.21097645163536072,0.9997934699058533
14,13,0.6339734196662903,0.5191214680671692,0.22214357554912567,0.16939495503902435
14,14,0.6405142545700073,0.5467169284820557,-0.24737414717674255,0.9814786314964294
14,15,0.6318897604942322,0.7074644565582275,0.15837302803993225,0.20754221081733704
14,16,0.6387500166893005,0.7579365968704224,-0.21662142872810364,0.9704950451850891
14,17,0.6496230363845825,0.7189232110977173,0.16265588998794556,0.2095603346824646
14,18,0.6571723818778992,0.7792910933494568,-0.2565593123435974,0.95795077085495
14,19,0.6530245542526245,0.7241204977035522,0.1235746368765831,0.21499091386795044
14,20,0.6630730628967285,0.7700371742248535,-0.2252606451511383,0.9480168223381042
14,21,0.6444063782691956,0.7242051959037781,0.1388128697872162,0.21958987414836884
14,22,0.6542044878005981,0.7631444931030273,-0.20441825687885284,0.9140274524688721
14,23,0.4821085035800934,0.45296669006347656,0.10890686511993408,0.9877431988716125
14,24,0.4823440909385681,0.45803478360176086,-0.10883816331624985,0.9934270977973938
14,25,0.3338107466697693,0.5712376832962036,0.11994858831167221,0.37739914655685425
14,26,0.3240344822406769,0.574298620223999,-0.09420567005872726,0.9547070860862732
14,27,0.18134436011314392,0.6238640546798706,0.16886046528816223,0.6816752552986145
14,28,0.1631115972995758,0.6376772522926331,-0.05732365697622299,0.9645348787307739
14,29,0.14796866476535797,0.6108293533325195,0.1687365472316742,0.754679799079895
14,30,0.1279563307762146,0.6238994002342224,-0.06060032173991203,0.9460020661354065
14,31,0.1782532036304474,0.7296488285064697,0.10409422218799591,0.8211467266082764
14,32,0.16062571108341217,0.7614133358001709,-0.15918686985969543,0.9484725594520569
15,0,0.783592700958252,0.39683884382247925,-0.023935003206133842,0.9995152354240417
15,1,0.7952712178230286,0.37026697397232056,-0.01110138837248087,0.9991210103034973
15,2,0.7950133085250854,0.36723244190216064,-0.011153358966112137,0.9992017149925232
15,3,0.7947163581848145,0.36373189091682434,-0.01118464395403862,0.9993445873260498
15,4,0.7943052053451538,0.3671596050262451,-0.051701612770557404,0.9993749260902405
15,5,0.7933719754219055,0.3623883128166199,-0.05174250528216362,0.9995432496070862
15,6,0.7923264503479004,0.3570523262023926,-0.05182459205389023,0.9996225237846375
15,7,0.782600998878479,0.3361058533191681,0.0642576813697815,0.9988558888435364
15,8,0.7803829908370972,0.33096951246261597,-0.11649235337972641,0.9995588660240173
15,9,0.7681030035018921,0.3973066508769989,0.009771340526640415,0.9992026090621948
15,10,0.7670173048973083,0.393468976020813,-0.042833998799324036,0.9994990825653076
15,11,0.6926809549331665,0.34716302156448364,0.19134460389614105,0.9972997903823853
15,12,0.7002044916152954,0.3582269549369812,-0.2040683478116989,0.9997938871383667
15,13,0.6275460124015808,0.5206568241119385,0.22912883758544922,0.16386200487613678
15,14,0.6356295347213745,0.5463059544563293,-0.23991462588310242,0.981739342212677
15,15,0.6295576691627502,0.707572877407074,0.1613783985376358,0.20572429895401
15,16,0.6378884315490723,0.756666898727417,-0.21424320340156555,0.9704499244689941
15,17,0.6474196910858154,0.7189935445785522,0.16383297741413116,0.20961260795593262
15,18,0.6571774482727051,0.778045117855072,-0.2529723346233368,0.9578951597213745
15,19,0.6522883176803589,0.7240486145019531,0.12522976100444794,0.2149907946586609
15,20,0.6631951332092285,0.7679746747016907,-0.22385624051094055,0.9480767250061035
15,21,0.64369797706604,0.7241427302360535,0.14182457327842712,0.21892881393432617
15,22,0.654360294342041,0.7615804672241211,-0.2027009278535843,0.9138774275779724
15,23,0.484563410282135,0.4572245180606842,0.10887692868709564,0.9874624013900757
15,24,0.4853040277957916,0.46217092871665955,-0.10880385339260101,0.9932718873023987
15,25,0.33417776226997375,0.5725510716438293,0.11752243340015411,0.37184616923332214
15,26,0.3261203467845917,0.5785650014877319,-0.09466595202684402,0.9535649418830872
15,27,0.18085800111293793,0.623952329158783,0.16293419897556305,0.6746290922164917
15,28,0.1639038324356079,0.6382381319999695,-0.05898050218820572,0.9630439281463623
15,29,0.14795871078968048,0.610617458820343,0.16224898397922516,0.7511194348335266
15,30,0.12941482663154602,0.6235541105270386,-0.06185336038470268,0.9443909525871277
15,31,0.17764538526535034,0.7285333275794983,0.09767793118953705,0.8159043788909912
15,32,0.16062411665916443,0.75932377576828,-0.15867993235588074,0.9465811848640442
16,0,0.786605179309845,0.41038575768470764,-0.02451367862522602,0.9994980096817017
16,1,0.798669159412384,0.3837604224681854,-0.011222949251532555,0.9991056323051453
16,2,0.7984558343887329,0.3809525668621063,-0.011277372017502785,0.9991829991340637
16,3,0.7981655597686768,0.3774239420890808,-0.011312034912407398,0.999325692653656
16,4,0.7978395223617554,0.3805953860282898,-0.05171125382184982,0.9993634819984436
16,5,0.796991765499115,0.37585732340812683,-0.051745228469371796,0.9995329976081848
16,6,0.7960002422332764,0.3702715039253235,-0.05181993916630745,0.9996156096458435
16,7,0.7858458161354065,0.34864407777786255,0.06483940780162811,0.9988154172897339
16,8,0.7837844491004944,0.34354522824287415,-0.11583967506885529,0.9995535612106323
16,9,0.7709318399429321,0.4115736782550812,0.009285449050366879,0.9991728067398071
16,10,0.7696774005889893,0.40682482719421387,-0.043231889605522156,0.9994844794273376
16,11,0.6955236792564392,0.3566768169403076,0.189331516623497,0.9972712397575378
16,12,0.7035724520683289,0.3668478727340698,-0.2020140141248703,0.9997928142547607
16,13,0.6231170296669006,0.520614743232727,0.22785773873329163,0.15753167867660522
16,14,0.6324136257171631,0.5462831258773804,-0.23849031329154968,0.9819676280021667
16,15,0.62610924243927,0.7047052383422852,0.15800443291664124,0.20318268239498138
16,16,0.6359971761703491,0.7537690997123718,-0.21418730914592743,0.9701459407806396
16,17,0.6438473463058472,0.7193182110786438,0.16207706928253174,0.2095136046409607
16,18,0.6553332209587097,0.7771003842353821,-0.25225120782852173,0.957643985748291
16,19,0.6482821702957153,0.7242377996444702,0.12233318388462067,0.21491016447544098
16,20,0.6624981760978699,0.7672963738441467,-0.22489230334758759,0.9480159878730774
16,21,0.6415560245513916,0.7241362929344177,0.13852128386497498,0.2182091474533081
16,22,0.654126763343811,0.7607351541519165,-0.2029554396867752,0.9136687517166138
16,23,0.48722609877586365,0.46694260835647583,0.10873919725418091,0.9872115254402161
16,24,0.48827704787254333,0.47041380405426025,-0.1086641177535057,0.9930916428565979
16,25,0.33425331115722656,0.5756989121437073,0.1173030361533165,0.3683270215988159
16,26,0.32678669691085815,0.5820593237876892,-0.09449080377817154,0.9520285129547119
16,27,0.1801629513502121,0.6241892576217651,0.16107700765132904,0.6701817512512207
16,28,0.16411137580871582,0.6386561393737793,-0.05738872289657593,0.9613223075866699
16,29,0.14741183817386627,0.6105529069900513,0.15996317565441132,0.7494074702262878
16,30,0.1296909749507904,0.6232479214668274,-0.060031406581401825,0.9424617886543274
16,31,0.17453701794147491,0.7285217046737671,0.09434441477060318,0.8117610216140747
16,32,0.15856486558914185,0.7588432431221008,-0.15698590874671936,0.9443325996398926
17,0,0.7902831435203552,0.42591017484664917,-0.02359784208238125,0.9994990825653076
17,1,0.8024471402168274,0.39799341559410095,-0.009639128111302853,0.9991143345832825
17,2,0.8022384643554688,0.39500635862350464,-0.009696665219962597,0.9991883635520935
17,3,0.8019920587539673,0.39156925678253174,-0.009733936749398708,0.9993262887001038
17,4,0.8016899228096008,0.3942696452140808,-0.04992742836475372,0.9993675947189331
17,5,0.8009049296379089,0.3892734944820404,-0.049958474934101105,0.9995349049568176
17,6,0.7999401092529297,0.3834567070007324,-0.050031132996082306,0.9996176958084106
17,7,0.7896047830581665,0.36281001567840576,0.0670902356505394,0.9988125562667847
17,8,0.7873188853263855,0.35576435923576355,-0.11307026445865631,0.9995598196983337
17,9,0.7748730778694153,0.42756736278533936,0.010254068300127983,0.9991706609725952
17,10,0.7735357880592346,0.42291900515556335,-0.04210427775979042,0.9994869232177734
17,11,0.6990447640419006,0.36785033345222473,0.1884651631116867,0.9973185658454895
17,12,0.7060977816581726,0.37561115622520447,-0.1990213692188263,0.999797523021698
17,13,0.6215147376060486,0.5204336047172546,0.23353561758995056,0.15119312703609467
17,14,0.6295140385627747,0.5427029728889465,-0.23650868237018585,0.9825276732444763
17,15,0.6203906536102295,0.7001140713691711,0.15919722616672516,0.20099014043807983
17,16,0.6328617334365845,0.7519057393074036,-0.21432963013648987,0.9703677892684937
17,17,0.6383371949195862,0.7184724807739258,0.1601559817790985,0.21037402749061584
17,18,0.6528809070587158,0.7770965695381165,-0.2522156834602356,0.957977831363678
17,19,0.6439942121505737,0.7226659059524536,0.12119288742542267,0.2159457951784134
17,20,0.6610971093177795,0.767325758934021,-0.2283005267381668,0.948685884475708
17,21,0.6359380483627319,0.7215198874473572,0.13967671990394592,0.21846838295459747
17,22,0.6527368426322937,0.7604871988296509,-0.20431523025035858,0.9145675301551819
17,23,0.49043017625808716,0.4782869517803192,0.10853128135204315,0.9873225092887878
17,24,0.49048957228660583,0.4767049252986908,-0.10845168679952621,0.993136465549469
17,25,0.33477362990379333,0.5816406011581421,0.11495918035507202,0.3681187629699707
17,26,0.32734188437461853,0.586338996887207,-0.09439705312252045,0.9515882730484009
17,27,0.17965082824230194,0.624212920665741,0.1544928401708603,0.6700921058654785
17,28,0.16449783742427826,0.6386481523513794,-0.056458763778209686,0.9607211351394653
17,29,0.14714716374874115,0.6104023456573486,0.1525014191865921,0.7491732239723206
17,30,0.1298382580280304,0.6231656670570374,-0.05897308140993118,0.941097617149353
17,31,0.17361167073249817,0.7280164361000061,0.08506713062524796,0.8113538026809692
17,32,0.15739646553993225,0.7581409811973572,-0.15606015920639038,0.9438050985336304
18,0,0.792998194694519,0.44411391019821167,-0.016527272760868073,0.999483048915863
18,1,0.8047148585319519,0.4182776212692261,-0.0009192783618345857,0.999106228351593
18,2,0.8045264482498169,0.4154534339904785,-0.0009844336891546845,0.9991796016693115
18,3,0.8043233752250671,0.4117763936519623,-0.0010258908150717616,0.9993141293525696
18,4,0.804022490978241,0.4151064455509186,-0.04132688790559769,0.9993554353713989
18,5,0.8032921552658081,0.41018837690353394,-0.04135531932115555,0.9995234608650208
18,6,0.8024308085441589,0.4040031135082245,-0.041432514786720276,0.9996077418327332
18,7,0.7922464609146118,0.38002729415893555,0.07852919399738312,0.9987940192222595
18,8,0.7897923588752747,0.3728293478488922,-0.10233144462108612,0.9995562434196472
18,9,0.7779403924942017,0.4435942471027374,0.01793787069618702,0.9991396069526672
18,10,0.7767919301986694,0.43894103169441223,-0.034565772861242294,0.9994673728942871
18,11,0.7036362290382385,0.37943658232688904,0.19522437453269958,0.9973604679107666
18,12,0.7097333669662476,0.387683242559433,-0.1913975030183792,0.999797523021698
18,13,0.6214085817337036,0.5213097333908081,0.23859038949012756,0.14418745040893555
18,14,0.6270468831062317,0.5417632460594177,-0.2265312224626541,0.9825714826583862
18,15,0.6192435026168823,0.6982116103172302,0.15833164751529694,0.19539059698581696
18,16,0.6322505474090576,0.7505187392234802,-0.20148620009422302,0.9693000912666321
18,17,0.6374632716178894,0.7183659672737122,0.160059854388237,0.20735429227352142
18,18,0.6517924070358276,0.775696337223053,-0.2348175048828125,0.9568056464195251
18,19,0.6436760425567627,0.7217860817909241,0.12009401619434357,0.2130136638879776
18,20,0.6608482599258423,0.7661557793617249,-0.21728897094726562,0.9476944804191589
18,21,0.6354438662528992,0.7205710411071777,0.13891158998012543,0.2150118499994278
18,22,0.6526249647140503,0.7591568827629089,-0.19349750876426697,0.9130860567092896
18,23,0.49473699927330017,0.4903701841831207,0.10902059078216553,0.9874676465988159
18,24,0.4943300783634186,0.4864039421081543,-0.10893682390451431,0.9931420683860779
18,25,0.33477216958999634,0.5854954719543457,0.10955291986465454,0.3664259910583496
18,26,0.3272811472415924,0.5894502997398376,-0.09559143334627151,0.9504110813140869
18,27,0.17827805876731873,0.6262864470481873,0.1423998773097992,0.6680214405059814
18,28,0.16430924832820892,0.6399297714233398,-0.060778867453336716,0.9595482349395752
18,29,0.14687970280647278,0.6121615767478943,0.13933800160884857,0.7480711340904236
18,30,0.1298343688249588,0.6244540810585022,-0.06263148784637451,0.9392967820167542
18,31,0.17190279066562653,0.7279165387153625,0.06638839095830917,0.8090649843215942
18,32,0.1552104502916336,0.7562305927276611,-0.1583806276321411,0.9427391290664673
19,0,0.7964134216308594,0.46359336376190186,-0.01887601613998413,0.9994571208953857
19,1,0.8089362978935242,0.4378432035446167,-0.005249673500657082,0.9990774393081665
19,2,0.808678150177002,0.4347260892391205,-0.005313926376402378,0.9991558790206909
19,3,0.808372974395752,0.43129557371139526,-0.005351805128157139,0.9992884993553162
19,4,0.8082776069641113,0.4352460503578186,-0.04547882825136185,0.9993261694908142
19,5,0.807601809501648,0.4310365915298462,-0.04551283270120621,0.9994993209838867
19,6,0.8068238496780396,0.42614954710006714,-0.045596085488796234,0.9995864629745483
19,7,0.7960397601127625,0.40012991428375244,0.07299278676509857,0.9987516403198242
19,8,0.7938610911369324,0.39426183700561523,-0.10704455524682999,0.9995378851890564
19,9,0.7809357643127441,0.4625341594219208,0.01510748453438282,0.9990900754928589
19,10,0.7803119421005249,0.45877355337142944,-0.0366014763712883,0.9994387030601501
19,11,0.7087129354476929,0.3913601338863373,0.19431737065315247,0.9973378777503967
19,12,0.7134510278701782,0.4047928750514984,-0.19511578977108002,0.9997960329055786
19,13,0.6203659176826477,0.5271285772323608,0.23391613364219666,0.13744191825389862
19,14,0.6236634254455566,0.5447443127632141,-0.22805991768836975,0.9827776551246643
19,15,0.6184958219528198,0.698376476764679,0.15735773742198944,0.19062168896198273
19,16,0.6315719485282898,0.750494658946991,-0.20207631587982178,0.9685462117195129
19,17,0.6375598311424255,0.7209805846214294,0.15947267413139343,0.2055296003818512
19,18,0.6512913107872009,0.7757797837257385,-0.23792453110218048,0.9560827016830444
19,19,0.642475426197052,0.7229669094085693,0.11942996084690094,0.2110593616962433
19,20,0.6603431105613708,0.766454815864563,-0.2179236114025116,0.9471255540847778
19,21,0.6353040337562561,0.7209805250167847,0.1380470097064972,0.21256697177886963
19,22,0.6522075533866882,0.7591772079467773,-0.19481007754802704,0.9121222496032715
19,23,0.4979664385318756,0.5012935400009155,0.11033421754837036,0.9874134659767151
19,24,0.49603739380836487,0.5025721788406372,-0.11024447530508041,0.9931573271751404
19,25,0.33744916319847107,0.5865134000778198,0.13276894390583038,0.36475276947021484
19,26,0.32725921273231506,0.5920180678367615,-0.08373002707958221,0.9506398439407349
19,27,0.1853700876235962,0.625303328037262,0.1918913871049881,0.6668785810470581
19,28,0.16444160044193268,0.6397305130958557,-0.029539357870817184,0.9597465991973877
19,29,0.15621636807918549,0.6116259694099426,0.1922311633825302,0.7495832443237305
19,30,0.12989933788776398,0.6245872974395752,-0.028562765568494797,0.9395577907562256
19,31,0.1824459731578827,0.7283505201339722,0.13040056824684143,0.806513249874115
19,32,0.1581883281469345,0.7570282220840454,-0.1178821474313736,0.9424936175346375
20,0,0.8012740015983582,0.4822884500026703,-0.01993281953036785,0.9994583129882812
20,1,0.8141697645187378,0.45876726508140564,-0.00712622981518507,0.9990936517715454
20,2,0.8137880563735962,0.4554271399974823,-0.007189851254224777,0.9991719126701355
20,3,0.8133681416511536,0.45156943798065186,-0.007227030582726002,0.9992969632148743
20,4,0.8137351870536804,0.45637866854667664,-0.04745792970061302,0.9993290901184082
20,5,0.8130795359611511,0.45199596881866455,-0.047493405640125275,0.9994986057281494
20,6,0.8123704195022583,0.4472543001174927,-0.04758618026971817,0.9995842576026917
20,7,0.8013423085212708,0.42152372002601624,0.07014809548854828,0.9987658858299255
20,8,0.7994568943977356,0.41652265191078186,-0.11007180064916611,0.9995396733283997
20,9,0.784880518913269,0.4820210635662079,0.014665779657661915,0.9990813732147217
20,10,0.7848115563392639,0.4784913659095764,-0.03694060444831848,0.9994338750839233
20,11,0.7138974070549011,0.40673866868019104,0.19079892337322235,0.9973823428153992
20,12,0.7182883024215698,0.4274508059024811,-0.1971609741449356,0.9997963309288025
20,13,0.6176854372024536,0.5287272334098816,0.2324426919221878,0.13039225339889526
20,14,0.6181939840316772,0.5517751574516296,-0.2270175963640213,0.9827970266342163
20,15,0.6147075891494751,0.6923481225967407,0.14816902577877045,0.18395520746707916
20,16,0.6279733180999756,0.7488654255867004,-0.18728604912757874,0.9673718810081482
20,17,0.6339634656906128,0.7201791405677795,0.14509402215480804,0.2017466425895691
20,18,0.6454314589500427,0.7720755934715271,-0.21862056851387024,0.95487380027771
20,19,0.6399563550949097,0.7224341630935669,0.10883374512195587,0.2070414125919342
20,20,0.653367817401886,0.7638087868690491,-0.20082911849021912,0.9460480213165283
20,21,0.6333083510398865,0.7191125750541687,0.12936115264892578,0.20825691521167755
20,22,0.646866500377655,0.7566371560096741,-0.17920155823230743,0.9107995629310608
20,23,0.500423789024353,0.5102382898330688,0.11129172891378403,0.9875826835632324
20,24,0.49868708848953247,0.5211753249168396,-0.11119800806045532,0.9932575225830078
20,25,0.34107550978660583,0.5907005071640015,0.14179955422878265,0.3674870431423187
20,26,0.3292539715766907,0.6005479097366333,-0.08170931041240692,0.9510152339935303
20,27,0.18899103999137878,0.6252430081367493,0.2008161097764969,0.6681356430053711
20,28,0.1646679937839508,0.6398866772651672,-0.02438756637275219,0.9601638317108154
20,29,0.1609153151512146,0.6106380224227905,0.20076587796211243,0.751176118850708
20,30,0.13090525567531586,0.6245408654212952,-0.022924372926354408,0.9395622611045837
20,31,0.1855252981185913,0.7264227271080017,0.13979950547218323,0.8056347966194153
20,32,0.15943709015846252,0.7571015954017639,-0.11031211912631989,0.9426950216293335
21,0,0.8041917681694031,0.5048708319664001,-0.026172172278165817,0.9994593262672424
21,1,0.8175989389419556,0.4832242727279663,-0.00941684190183878,0.9991067051887512
21,2,0.8172239065170288,0.4801396131515503,-0.009472055360674858,0.9991884231567383
21,3,0.8167843818664551,0.47622308135032654,-0.009511912241578102,0.9993058443069458
21,4,0.817244827747345,0.4809783399105072,-0.0499054417014122,0.999326229095459
21,5,0.8166414499282837,0.47664472460746765,-0.049928855150938034,0.9994943737983704
21,6,0.8159902691841125,0.47172924876213074,-0.0499776229262352,0.9995772838592529
21,7,0.8053210377693176,0.4446789622306824,0.06855510175228119,0.9987891912460327
21,8,0.8037082552909851,0.44049131870269775,-0.11175380647182465,0.9995362758636475
21,9,0.7878262996673584,0.503933310508728,0.010269910097122192,0.9990717172622681
21,10,0.7880138754844666,0.5009793043136597,-0.04177594184875488,0.9994271397590637
21,11,0.7166439294815063,0.42352786660194397,0.18867520987987518,0.9974064826965332
21,12,0.7214029431343079,0.44806206226348877,-0.19834811985492706,0.9997950196266174
21,13,0.6146770715713501,0.5296898484230042,0.23222509026527405,0.1245589479804039
21,14,0.6167845129966736,0.5559812188148499,-0.2281862050294876,0.9828499555587769
21,15,0.6105764508247375,0.692606508731842,0.14821858704090118,0.1751592755317688
21,16,0.6280601620674133,0.7479508519172668,-0.1969590038061142,0.9658219814300537
21,17,0.6300243139266968,0.719878077507019,0.1456422209739685,0.1944373995065689
21,18,0.6452056169509888,0.7707381248474121,-0.2253275364637375,0.9532383680343628
21,19,0.6353646516799927,0.7220495343208313,0.10907814651727676,0.19934622943401337
21,20,0.6530948877334595,0.762784481048584,-0.2110014706850052,0.9444828033447266
21,21,0.6293364763259888,0.7183781862258911,0.1294480711221695,0.20052386820316315
21,22,0.6462775468826294,0.7555316686630249,-0.1895628273487091,0.9087507724761963
21,23,0.5015013813972473,0.5175102353096008,0.11214578151702881,0.9876180291175842
21,24,0.5010483860969543,0.534305214881897,-0.11203571408987045,0.9932900667190552
21,25,0.3416028320789337,0.5936984419822693,0.14082540571689606,0.3665251135826111
21,26,0.3298565447330475,0.6082325577735901,-0.08001230657100677,0.9515296220779419
21,27,0.19086608290672302,0.6253613233566284,0.2022635042667389,0.6644454598426819
21,28,0.16466760635375977,0.6417965888977051,-0.023628411814570427,0.9606012105941772
21,29,0.16196176409721375,0.6105548143386841,0.20238301157951355,0.748631477355957
21,30,0.13104873895645142,0.6259515285491943,-0.022503813728690147,0.9399055242538452
21,31,0.18761014938354492,0.7279105186462402,0.13927797973155975,0.8010733127593994
21,32,0.1611139476299286,0.7606654763221741,-0.11221867799758911,0.9428432583808899
22,0,0.8073205947875977,0.5327947735786438,-0.026596764102578163,0.9993689656257629
22,1,0.8205333948135376,0.5106844305992126,-0.010524607263505459,0.9989915490150452
22,2,0.8202587366104126,0.508114755153656,-0.010580375790596008,0.9990921020507812
22,3,0.8199385404586792,0.5045673251152039,-0.010618946515023708,0.9992133378982544
22,4,0.8202271461486816,0.5087458491325378,-0.050425659865140915,0.9992083311080933
22,5,0.8197248578071594,0.5049775242805481,-0.05045195668935776,0.9993982911109924
22,6,0.8191943168640137,0.5000675320625305,-0.05049852281808853,0.9994930624961853
22,7,0.8094045519828796,0.4736248850822449,0.07220067828893661,0.9986290335655212
22,8,0.8079811334609985,0.469478577375412,-0.11245399713516235,0.9994515776634216
22,9,0.791084885597229,0.5294660925865173,0.009311200119554996,0.9988517761230469
22,10,0.7914353609085083,0.5266920328140259,-0.04292566329240799,0.9993072748184204
22,11,0.7232784628868103,0.44228607416152954,0.1910099983215332,0.9972200989723206
22,12,0.7275182008743286,0.47046634554862976,-0.20090489089488983,0.999778687953949
22,13,0.6141956448554993,0.5295298099517822,0.23286564648151398,0.11622720211744308
22,14,0.6167692542076111,0.5599352717399597,-0.2479078322649002,0.981801450252533
22,15,0.6122355461120605,0.6926133632659912,0.14857645332813263,0.1642998605966568
22,16,0.6288729310035706,0.7478232383728027,-0.2354820966720581,0.9622246026992798
22,17,0.6305014491081238,0.7158961892127991,0.1460166573524475,0.18527095019817352
22,18,0.6462572813034058,0.7693435549736023,-0.27063921093940735,0.949626088142395
22,19,0.6361740231513977,0.7185258865356445,0.10938568413257599,0.18981054425239563
22,20,0.6550968885421753,0.7607887387275696,-0.24945516884326935,0.940640926361084
22,21,0.6314154863357544,0.7160385847091675,0.12961223721504211,0.19075456261634827
22,22,0.6481518745422363,0.7542626857757568,-0.22633929550647736,0.9033606052398682
22,23,0.5026602149009705,0.5299178957939148,0.11778098344802856,0.9868466854095459
22,24,0.5023137331008911,0.5541455745697021,-0.11758217960596085,0.9929093718528748
22,25,0.34340474009513855,0.6019509434700012,0.14799752831459045,0.3630248010158539
22,26,0.3302463889122009,0.617431104183197,-0.08018138259649277,0.9521501660346985
22,27,0.19534072279930115,0.6253694891929626,0.21698030829429626,0.6579151153564453
22,28,0.16503025591373444,0.642846405506134,-0.027364706620573997,0.9611123204231262
22,29,0.1684229075908661,0.6088152527809143,0.21744878590106964,0.7440590262413025
22,30,0.13196556270122528,0.6260808110237122,-0.026760494336485863,0.9403714537620544
22,31,0.188107430934906,0.727107048034668,0.1537282019853592,0.794780969619751
22,32,0.16144734621047974,0.761596143245697,-0.11816500127315521,0.9428212642669678
23,0,0.8117048144340515,0.5611364245414734,-0.026908209547400475,0.999317467212677
23,1,0.8242138624191284,0.5390276312828064,-0.009504270739853382,0.998933732509613
23,2,0.823955237865448,0.5363612174987793,-0.009567339904606342,0.9990473389625549
23,3,0.8236898183822632,0.5330350399017334,-0.00960282888263464,0.9991669654846191
23,4,0.8238013982772827,0.5378533601760864,-0.05091623589396477,0.9991252422332764
23,5,0.8233264088630676,0.534919261932373,-0.05094281956553459,0.9993285536766052
23,6,0.8228893280029297,0.5312212109565735,-0.05099649354815483,0.9994284510612488
23,7,0.8134257197380066,0.5041287541389465,0.07812505960464478,0.9985459446907043
23,8,0.8122433423995972,0.5031667351722717,-0.11287476867437363,0.9993956685066223
23,9,0.7949205636978149,0.5562508702278137,0.009855905547738075,0.9987049102783203
23,10,0.7953090071678162,0.55498868227005,-0.04371469467878342,0.9992226958274841
23,11,0.7284951210021973,0.4672609865665436,0.19790688157081604,0.9972018599510193
23,12,0.7334222197532654,0.4998406171798706,-0.20129187405109406,0.9997718930244446
23,13,0.61546391248703,0.530289351940155,0.23768350481987,0.10865998268127441
23,14,0.6183421611785889,0.5631329417228699,-0.25508737564086914,0.9810980558395386
23,15,0.6131368279457092,0.690829873085022,0.15152059495449066,0.1545371413230896
23,16,0.629120409488678,0.7478793859481812,-0.25107744336128235,0.9600106477737427
23,17,0.6310117244720459,0.7117509841918945,0.14843954145908356,0.17720423638820648
23,18,0.6466768980026245,0.7691633701324463,-0.28926727175712585,0.9475732445716858
23,19,0.6364436745643616,0.714563250541687,0.11067664623260498,0.1813672035932541
23,20,0.6553562879562378,0.7600212693214417,-0.2655962407588959,0.9385425448417664
23,21,0.6325883865356445,0.7119090557098389,0.13177987933158875,0.1820787936449051
23,22,0.648270308971405,0.7534462213516235,-0.24143652617931366,0.9008073210716248
23,23,0.5046442747116089,0.5457605719566345,0.12299109995365143,0.9867372512817383
23,24,0.5055407881736755,0.5765179991722107,-0.12275972217321396,0.9927747249603271
23,25,0.34322884678840637,0.6045088171958923,0.15523162484169006,0.35627007484436035
23,26,0.33124175667762756,0.6287713646888733,-0.08029083907604218,0.9523172974586487
23,27,0.192584827542305,0.6258970499038696,0.22572264075279236,0.6466392278671265
23,28,0.16514116525650024,0.6463170647621155,-0.02553265169262886,0.961172342300415
23,29,0.16710427403450012,0.6087487936019897,0.22598068416118622,0.7377555966377258
23,30,0.13364878296852112,0.6269221901893616,-0.02372319996356964,0.9408096671104431
23,31,0.1844886839389801,0.726356565952301,0.15951833128929138,0.7841500043869019
23,32,0.16113664209842682,0.7625800967216492,-0.1138671264052391,0.9422829151153564
24,0,0.8175833821296692,0.5869204998016357,-0.04047461599111557,0.9992333054542542
24,1,0.8288770914077759,0.5654529333114624,-0.02193843200802803,0.9988441467285156
24,2,0.828621506690979,0.5628575086593628,-0.022009853273630142,0.9989670515060425
24,3,0.8283756971359253,0.5594320297241211,-0.02206399105489254,0.9990931153297424
24,4,0.8284146189689636,0.5637179017066956,-0.06524746119976044,0.9989910125732422
24,5,0.827864944934845,0.5601213574409485,-0.06527428328990936,0.999203622341156
24,6,0.8273674845695496,0.5556249618530273,-0.06531873345375061,0.9993210434913635
24,7,0.8181746602058411,0.5309893488883972,0.06743974983692169,0.9984015822410583
24,8,0.816581130027771,0.5275548696517944,-0.13056598603725433,0.999301552772522
24,9,0.801170825958252,0.5827980041503906,-0.0025127597618848085,0.9985125660896301
24,10,0.8013922572135925,0.5812287926673889,-0.058824896812438965,0.9991059303283691
24,11,0.7321862578392029,0.486071914434433,0.18752862513065338,0.9972341656684875
24,12,0.7372250556945801,0.5260177254676819,-0.21194496750831604,0.9997544288635254
24,13,0.6163141131401062,0.5335628390312195,0.23596279323101044,0.10087044537067413
24,14,0.6191627383232117,0.5742028951644897,-0.2538180947303772,0.9793909192085266
24,15,0.6206873655319214,0.6807081699371338,0.15469518303871155,0.14510823786258698
24,16,0.632463276386261,0.7479497194290161,-0.21538224816322327,0.9550803303718567
24,17,0.6389518976211548,0.6991674900054932,0.1513938307762146,0.1692352592945099
24,18,0.6524497866630554,0.7700212001800537,-0.24293668568134308,0.9425064325332642
24,19,0.6452850103378296,0.7011916637420654,0.11677124351263046,0.17306262254714966
24,20,0.6611356735229492,0.760129988193512,-0.2203698605298996,0.9332557916641235
24,21,0.637633204460144,0.6993997097015381,0.13602373003959656,0.17341777682304382
24,22,0.6539913415908813,0.7534512281417847,-0.20460817217826843,0.8944409489631653
24,23,0.5069491267204285,0.5633596777915955,0.12403780221939087,0.9866198301315308
24,24,0.5064722299575806,0.6032993197441101,-0.1238221675157547,0.992592990398407
24,25,0.3414158523082733,0.6053122878074646,0.1653546243906021,0.3510169982910156
24,26,0.331802099943161,0.6426275968551636,-0.0761619284749031,0.9520841836929321
24,27,0.19232593476772308,0.6264947056770325,0.24038441479206085,0.6365275979042053
24,28,0.1673656404018402,0.6486814022064209,-0.0032498822547495365,0.9611108899116516
24,29,0.16533656418323517,0.6079060435295105,0.24139182269573212,0.7303902506828308
24,30,0.1365247219800949,0.6271654963493347,0.0014333975268527865,0.9403279423713684
24,31,0.1822705715894699,0.7267782688140869,0.1802225261926651,0.7753313183784485
24,32,0.16007938981056213,0.7642240524291992,-0.07768271118402481,0.9418178796768188
25,0,0.8223024606704712,0.6139228940010071,-0.04776105284690857,0.9991702437400818
25,1,0.8326610326766968,0.5925217866897583,-0.030282285064458847,0.9987810850143433
25,2,0.8323656320571899,0.589743435382843,-0.030343541875481606,0.9989100098609924
25,3,0.8320854306221008,0.5861771106719971,-0.030402611941099167,0.9990408420562744
25,4,0.8323684930801392,0.5914656519889832,-0.07225730270147324,0.998881995677948
25,5,0.8319074511528015,0.5882715582847595,-0.07228276133537292,0.999096691608429
25,6,0.8314816355705261,0.5842329859733582,-0.07230402529239655,0.9992295503616333
25,7,0.8222063183784485,0.5584245324134827,0.05481279641389847,0.9983158707618713
25,8,0.8206121325492859,0.5570655465126038,-0.1355159729719162,0.9992187023162842
25,9,0.8060990571975708,0.6093817949295044,-0.010946108028292656,0.998375654220581
25,10,0.8063634037971497,0.6090207695960999,-0.06545879691839218,0.9990248680114746
25,11,0.7358710765838623,0.5065479278564453,0.16855847835540771,0.9972773194313049
25,12,0.7431811094284058,0.5531446933746338,-0.21156959235668182,0.9997381567955017
25,13,0.6225014328956604,0.5389867424964905,0.2207665890455246,0.09434368461370468
25,14,0.619274377822876,0.5825815200805664,-0.24738141894340515,0.9777464270591736
25,15,0.6345694065093994,0.675855278968811,0.1546342968940735,0.13651013374328613
25,16,0.6379636526107788,0.7496293187141418,-0.17822179198265076,0.9492232799530029
25,17,0.6509848833084106,0.6939618587493896,0.15055155754089355,0.16171909868717194
25,18,0.6563064455986023,0.771920919418335,-0.20044425129890442,0.9359943866729736
25,19,0.6549891233444214,0.6985527873039246,0.11738771200180054,0.1651907116174698
25,20,0.6669503450393677,0.7608715295791626,-0.17963281273841858,0.9264259338378906
25,21,0.6492239236831665,0.6952413320541382,0.13609108328819275,0.1650954633951187
25,22,0.6602054238319397,0.7540514469146729,-0.1676480770111084,0.8865483999252319
25,23,0.5100376009941101,0.5807317495346069,0.12306442111730576,0.9864234924316406
25,24,0.5084266066551208,0.6297348737716675,-0.12287075817584991,0.9924466013908386
25,25,0.34133514761924744,0.6145455837249756,0.1682775914669037,0.3422064185142517
25,26,0.33202916383743286,0.6583874821662903,-0.05972260981798172,0.9493767023086548
25,27,0.19271600246429443,0.626892626285553,0.24670669436454773,0.6211251020431519
25,28,0.17026114463806152,0.6510122418403625,0.0228769239038229,0.9590686559677124
25,29,0.16643312573432922,0.6069799065589905,0.24837279319763184,0.7188022136688232
25,30,0.14095106720924377,0.6277157664299011,0.02895100973546505,0.9382307529449463
25,31,0.18167974054813385,0.7211462259292603,0.19310572743415833,0.7616841793060303
25,32,0.15823163092136383,0.7591458559036255,-0.04061288759112358,0.9388989210128784
26,0,0.8254756927490234,0.6387564539909363,-0.04645713418722153,0.9990922808647156
26,1,0.8361610174179077,0.6180959343910217,-0.029309675097465515,0.9986979961395264
26,2,0.8358414769172668,0.6153961420059204,-0.02936961129307747,0.9988241195678711
26,3,0.8355439901351929,0.612101674079895,-0.029424423351883888,0.9989665150642395
26,4,0.8357332348823547,0.6163097620010376,-0.07109878957271576,0.9987626075744629
26,5,0.8351411819458008,0.6126694083213806,-0.07112451642751694,0.998969316482544
26,6,0.8345888257026672,0.6084400415420532,-0.07115091383457184,0.9991289973258972
26,7,0.825340747833252,0.583888053894043,0.05426552891731262,0.9981803297996521
26,8,0.8235281705856323,0.5800929665565491,-0.1347285509109497,0.9991222023963928
26,9,0.8095283508300781,0.6345452070236206,-0.010119142010807991,0.9981933832168579
26,10,0.8094452023506165,0.63313227891922,-0.06439999490976334,0.998920202255249
26,11,0.7385056018829346,0.5282571911811829,0.16722914576530457,0.9972858428955078
26,12,0.7469688653945923,0.5750621557235718,-0.21127967536449432,0.9997199773788452
26,13,0.6273000836372375,0.5543680787086487,0.21753931045532227,0.08807937055826187
26,14,0.6202466487884521,0.5931040644645691,-0.2441374957561493,0.9757322669029236
26,15,0.6409102082252502,0.677614152431488,0.15122303366661072,0.12799978256225586
26,16,0.6404215097427368,0.7529825568199158,-0.1694597601890564,0.9422716498374939
26,17,0.6569315195083618,0.695923924446106,0.14442874491214752,0.15398384630680084
26,18,0.6572055816650391,0.7774674296379089,-0.19147127866744995,0.9285987019538879
26,19,0.6599846482276917,0.6993096470832825,0.11380014568567276,0.15720535814762115
26,20,0.6679022908210754,0.7647026777267456,-0.1720091551542282,0.9189039468765259
26,21,0.6548383831977844,0.6970686316490173,0.13354527950286865,0.15681543946266174
26,22,0.6617164015769958,0.7567642331123352,-0.15911203622817993,0.8779550194740295
26,23,0.5143495798110962,0.5967150926589966,0.12258557975292206,0.9862357378005981
26,24,0.5114675164222717,0.6469189524650574,-0.12240614742040634,0.9922775626182556
26,25,0.34500938653945923,0.6276803016662598,0.16736538708209991,0.3372882306575775
26,26,0.3373202383518219,0.6704314947128296,-0.06257139146327972,0.9465341567993164
26,27,0.19528748095035553,0.6289110779762268,0.2456163465976715,0.6087586283683777
26,28,0.17635712027549744,0.6534668207168579,0.0193791463971138,0.9567298293113708
26,29,0.1698504388332367,0.6070906519889832,0.24709205329418182,0.7096005082130432
26,30,0.14618027210235596,0.6285628080368042,0.025914151221513748,0.9352381229400635
26,31,0.1816348284482956,0.7192835211753845,0.18951669335365295,0.7491306066513062
26,32,0.15737691521644592,0.7536433935165405,-0.04530506953597069,0.9357371926307678
27,0,0.8282114863395691,0.6634548902511597,-0.05003277212381363,0.999005913734436
27,1,0.8394914865493774,0.6427240967750549,-0.032133109867572784,0.9986113905906677
27,2,0.8392588496208191,0.6397497653961182,-0.03219634294509888,0.9987457990646362
27,3,0.8390322923660278,0.6362952589988708,-0.0322437509894371,0.9988941550254822
27,4,0.8388922810554504,0.6410050988197327,-0.07389642298221588,0.9986155033111572
27,5,0.838257908821106,0.6373203992843628,-0.07392509281635284,0.9988261461257935
27,6,0.8376412391662598,0.6330392360687256,-0.07395874708890915,0.9990096092224121
27,7,0.8285720944404602,0.6060000658035278,0.05214739590883255,0.9980643391609192
27,8,0.8262004852294922,0.6027341485023499,-0.13653084635734558,0.9990048408508301
27,9,0.8125144243240356,0.6579680442810059,-0.013743236660957336,0.9979861974716187
27,10,0.8123068809509277,0.6560599207878113,-0.06799327582120895,0.9987969398498535
27,11,0.7421640753746033,0.5506058931350708,0.16429370641708374,0.9972837567329407
27,12,0.748321533203125,0.5936285853385925,-0.2155941277742386,0.9996978044509888
27,13,0.6305767297744751,0.5540153980255127,0.21091517806053162,0.08258400857448578
27,14,0.621593177318573,0.5916453003883362,-0.2468433380126953,0.9734077453613281
27,15,0.6386159658432007,0.6817906498908997,0.14751757681369781,0.11962829530239105
27,16,0.6402490139007568,0.753308117389679,-0.18056058883666992,0.9348494410514832
27,17,0.6548115015029907,0.7006584405899048,0.1399831473827362,0.145829439163208
27,18,0.6570087671279907,0.7782498002052307,-0.20565226674079895,0.9207821488380432
27,19,0.6586889028549194,0.7061834335327148,0.1091017946600914,0.14879879355430603
27,20,0.6673756241798401,0.7672954201698303,-0.18587061762809753,0.9109514951705933
27,21,0.6531471014022827,0.7011916041374207,0.12980279326438904,0.14823377132415771
27,22,0.6610258221626282,0.7585886716842651,-0.17049936950206757,0.8688316941261292
27,23,0.5147796869277954,0.6089993119239807,0.12213291972875595,0.9858654141426086
27,24,0.511093020439148,0.6549890041351318,-0.12195344269275665,0.9920296669006348
27,25,0.3459213674068451,0.6393615007400513,0.16745515167713165,0.3287583291530609
27,26,0.3370257616043091,0.6772505640983582,-0.064455546438694,0.9437166452407837
27,27,0.19560223817825317,0.629209578037262,0.24499881267547607,0.5914711356163025
27,28,0.17702391743659973,0.6531040072441101,0.016341742128133774,0.9540080428123474
27,29,0.1696896255016327,0.6042066216468811,0.24592456221580505,0.695904552936554
27,30,0.1453305184841156,0.6200246214866638,0.02248074673116207,0.9320128560066223
27,31,0.18083453178405762,0.7214323878288269,0.18730607628822327,0.7333928942680359
27,32,0.15563608705997467,0.7538883686065674,-0.050607867538928986,0.9325067400932312
28,0,0.8301215171813965,0.6866822838783264,-0.052232373505830765,0.9988922476768494
28,1,0.8413503766059875,0.6655036807060242,-0.034009043127298355,0.9984736442565918
28,2,0.8411532640457153,0.6623217463493347,-0.03406774625182152,0.9986369609832764
28,3,0.8409568071365356,0.6585645079612732,-0.034106116741895676,0.9987897276878357
28,4,0.8406752347946167,0.6639642715454102,-0.07533512264490128,0.9984064102172852
28,5,0.8400004506111145,0.660271942615509,-0.07536504417657852,0.9986416697502136
28,6,0.8393096923828125,0.6559838056564331,-0.0754004716873169,0.9988465309143066
28,7,0.8302413821220398,0.6256207823753357,0.050691157579422,0.9979128837585449
28,8,0.8277691006660461,0.6253504157066345,-0.1359076350927353,0.9988303780555725
28,9,0.8146626353263855,0.6822426915168762,-0.016012199223041534,0.9976939558982849
28,10,0.8143802881240845,0.6799834966659546,-0.06952700018882751,0.998623788356781
28,11,0.7446380257606506,0.5695480108261108,0.16111722588539124,0.9972507953643799
28,12,0.7493451833724976,0.614128053188324,-0.216194748878479,0.9996753931045532
28,13,0.6353921890258789,0.5580910444259644,0.2115800827741623,0.07867218554019928
28,14,0.622484564781189,0.5905608534812927,-0.2481582909822464,0.9722407460212708
28,15,0.63709956407547,0.68604576587677,0.1644202172756195,0.11125212907791138
28,16,0.6386820077896118,0.752848744392395,-0.18581373989582062,0.9296087622642517
28,17,0.6535832285881042,0.706042468547821,0.1600342094898224,0.1368858814239502
28,18,0.6505546569824219,0.7783554792404175,-0.21184685826301575,0.914670467376709
28,19,0.6579767465591431,0.7131678462028503,0.13024501502513885,0.13955309987068176
28,20,0.6619475483894348,0.7680320143699646,-0.19168725609779358,0.9047613143920898
28,21,0.6522671580314636,0.7062489986419678,0.147867351770401,0.13897328078746796
28,22,0.6582598686218262,0.7586730122566223,-0.17581486701965332,0.8618648648262024
28,23,0.5174395442008972,0.6219531297683716,0.12200406938791275,0.985212504863739
28,24,0.5125436186790466,0.6634117364883423,-0.12182500213384628,0.9917706847190857
28,25,0.34840697050094604,0.6478567719459534,0.16511952877044678,0.3188420832157135
28,26,0.3386703133583069,0.681503176689148,-0.0658474862575531,0.9404695630073547
28,27,0.20066237449645996,0.6307125091552734,0.24166333675384521,0.5714523792266846
28,28,0.17944836616516113,0.6528344750404358,0.012131686322391033,0.9514753818511963
28,29,0.1737302988767624,0.603966474533081,0.24240896105766296,0.6796578168869019
28,30,0.1469346284866333,0.6174412369728088,0.018024874851107597,0.9296407103538513
28,31,0.18182304501533508,0.7215359210968018,0.18411102890968323,0.715304970741272
28,32,0.15383173525333405,0.7535008192062378,-0.05466744303703308,0.9296054840087891
29,0,0.8301927447319031,0.7043483257293701,-0.050556786358356476,0.9985960721969604
29,1,0.8413307070732117,0.683488130569458,-0.03290719911456108,0.998036801815033
29,2,0.8411809206008911,0.6801245212554932,-0.032969020307064056,0.9983025193214417
29,3,0.8410608172416687,0.6761093139648438,-0.033015064895153046,0.9984649419784546
29,4,0.8408400416374207,0.6820725798606873,-0.07491682469844818,0.9978522062301636
29,5,0.8403102159500122,0.6782671213150024,-0.0749489888548851,0.9981865882873535
29,6,0.8397744297981262,0.6736236214637756,-0.07496994733810425,0.9984304308891296
29,7,0.8308051824569702,0.643772542476654,0.05091019347310066,0.9974337816238403
29,8,0.8290172815322876,0.6433112025260925,-0.13018764555454254,0.9983702898025513
29,9,0.814937949180603,0.6984276175498962,-0.014382774941623211,0.9969663023948669
29,10,0.8148382902145386,0.6956495046615601,-0.06857985258102417,0.9981816411018372
29,11,0.7466273903846741,0.5950549840927124,0.16382959485054016,0.9970928430557251
29,12,0.7523999214172363,0.6268578171730042,-0.21366798877716064,0.9996471405029297
29,13,0.6373872756958008,0.5659218430519104,0.21745720505714417,0.07687491178512573
29,14,0.6270979642868042,0.588509202003479,-0.2516714334487915,0.9715861678123474
29,15,0.6343616843223572,0.6971378922462463,0.18793554604053497,0.10343196988105774
29,16,0.638651430606842,0.7508741021156311,-0.212560772895813,0.9247249364852905
29,17,0.6507764458656311,0.7176874876022339,0.18806996941566467,0.12799198925495148
29,18,0.6506263017654419,0.7776755690574646,-0.2358044683933258,0.9079335331916809
29,19,0.6534808278083801,0.7253813147544861,0.1575680524110794,0.13035039603710175
29,20,0.661992073059082,0.7680095434188843,-0.21203827857971191,0.8975562453269958
29,21,0.6478404998779297,0.7178451418876648,0.1718219369649887,0.12982602417469025
29,22,0.6581923365592957,0.7585188746452332,-0.20100168883800507,0.8538487553596497
29,23,0.5185819864273071,0.6305564045906067,0.1225731149315834,0.9839742183685303
29,24,0.513465404510498,0.6669093370437622,-0.12238650023937225,0.9913334250450134
29,25,0.34988486766815186,0.6523311734199524,0.15789036452770233,0.3067152798175812
29,26,0.3397102952003479,0.6804284453392029,-0.07239260524511337,0.9384396076202393
29,27,0.2019377052783966,0.6316546201705933,0.22766165435314178,0.5471526980400085
29,28,0.1800197809934616,0.6526660919189453,-0.009566743858158588,0.9493152499198914
29,29,0.17568203806877136,0.6037434935569763,0.2265985757112503,0.6572291254997253
29,30,0.1469213366508484,0.6150410771369934,-0.005030924454331398,0.9280623197555542
29,31,0.18312908709049225,0.7241783142089844,0.16547891497612,0.6930405497550964
29,32,0.15299513936042786,0.7546176314353943,-0.07943655550479889,0.9274196624755859
30,0,0.8315292596817017,0.721013069152832,-0.0496380552649498,0.9985014796257019
30,1,0.8431658744812012,0.6997422575950623,-0.031942158937454224,0.9979449510574341
30,2,0.8430546522140503,0.6963672041893005,-0.032003503292798996,0.9982505440711975
30,3,0.8428797721862793,0.6920880079269409,-0.032047852873802185,0.9984031319618225
30,4,0.8425921201705933,0.6987171173095703,-0.0743771567940712,0.9976834058761597
30,5,0.8420549631118774,0.6948873400688171,-0.074404776096344,0.9980555772781372
30,6,0.8414546251296997,0.6900783777236938,-0.07443259656429291,0.9983002543449402
30,7,0.8320560455322266,0.6584877967834473,0.05118940398097038,0.9973798394203186
30,8,0.8305054903030396,0.6581858992576599,-0.12466952949762344,0.9982659220695496
30,9,0.8162790536880493,0.7146094441413879,-0.013474544510245323,0.9967594146728516
30,10,0.8158522844314575,0.7126141786575317,-0.06758210062980652,0.9980486631393433
30,11,0.7465693950653076,0.611829936504364,0.16387036442756653,0.9970681667327881
30,12,0.7524349093437195,0.6418747305870056,-0.209476038813591,0.999626100063324
30,13,0.6362691521644592,0.5660807490348816,0.21536853909492493,0.07571306824684143
30,14,0.6286810636520386,0.5869809985160828,-0.23978836834430695,0.9703059792518616
30,15,0.6276477575302124,0.7058370113372803,0.19118401408195496,0.09591616690158844
30,16,0.6380290985107422,0.7509348392486572,-0.1721402108669281,0.913597583770752
30,17,0.6365992426872253,0.7246941328048706,0.1920519471168518,0.1191990002989769
30,18,0.6480138301849365,0.777938187122345,-0.18930238485336304,0.8940976858139038
30,19,0.6417067050933838,0.7326222658157349,0.16340163350105286,0.12128373980522156
30,20,0.660527765750885,0.7699416875839233,-0.1649521440267563,0.882879376411438
30,21,0.6387426257133484,0.7263460755348206,0.17592433094978333,0.12082100659608841
30,22,0.6575633883476257,0.7598999738693237,-0.15967190265655518,0.8383089303970337
30,23,0.519160270690918,0.6365004777908325,0.12241445481777191,0.9834691286087036
30,24,0.5143560767173767,0.6719380021095276,-0.12222490459680557,0.9912353754043579
30,25,0.3508020043373108,0.6562016606330872,0.1494273990392685,0.3004710376262665
30,26,0.34126508235931396,0.6837422847747803,-0.07307673990726471,0.938373327255249
30,27,0.2029007226228714,0.6339350938796997,0.21008312702178955,0.532940149307251
30,28,0.18190522491931915,0.656120240688324,-0.01499984972178936,0.9489220380783081
30,29,0.1775023639202118,0.6052792072296143,0.20811939239501953,0.6429607272148132
30,30,0.15136215090751648,0.6191884279251099,-0.010966473259031773,0.927648663520813
30,31,0.1822616159915924,0.7251803874969482,0.14303061366081238,0.679847240447998
30,32,0.15313714742660522,0.7546284794807434,-0.08605463802814484,0.9271637797355652
31,0,0.8321889042854309,0.7323122024536133,-0.04962249472737312,0.9984315633773804
31,1,0.844089686870575,0.7099494338035583,-0.03137000650167465,0.9978843331336975
31,2,0.8439424633979797,0.7065338492393494,-0.03142910450696945,0.9982199668884277
31,3,0.8437212109565735,0.702605128288269,-0.03147163987159729,0.9983688592910767
31,4,0.8433718681335449,0.7081888318061829,-0.0735827311873436,0.997565746307373
31,5,0.8427289724349976,0.7040159702301025,-0.07360830157995224,0.9979604482650757
31,6,0.8420146703720093,0.6990982294082642,-0.07364053279161453,0.99820876121521
31,7,0.8324904441833496,0.6712847352027893,0.05191689729690552,0.9973568320274353
31,8,0.83111971616745,0.6700966358184814,-0.12057318538427353,0.9981851577758789
31,9,0.8167564272880554,0.7283258438110352,-0.01322660781443119,0.9966160655021667
31,10,0.8160383105278015,0.726348876953125,-0.06671538203954697,0.9979404807090759
31,11,0.7479516863822937,0.6335617303848267,0.16484001278877258,0.9970418214797974
31,12,0.7529752850532532,0.6527643203735352,-0.20611903071403503,0.9996041059494019
31,13,0.6355931162834167,0.5654587745666504,0.21917447447776794,0.075360968708992
31,14,0.630174994468689,0.5841842889785767,-0.23312631249427795,0.9689521789550781
31,15,0.6238953471183777,0.7128835320472717,0.21085591614246368,0.08899744600057602
31,16,0.6379131078720093,0.7510935664176941,-0.1597936600446701,0.9001632928848267
31,17,0.6300653219223022,0.7304271459579468,0.21347686648368835,0.11089187115430832
31,18,0.6471544504165649,0.7787435054779053,-0.1765080839395523,0.8765186667442322
31,19,0.6365021467208862,0.7399970889091492,0.18586167693138123,0.11276062577962875
31,20,0.6598395109176636,0.7726620435714722,-0.15073737502098083,0.8640320897102356
31,21,0.6326187252998352,0.7346106767654419,0.19623586535453796,0.11235775053501129
31,22,0.6574256420135498,0.762023389339447,-0.1467263251543045,0.818443238735199
31,23,0.5200275182723999,0.643903374671936,0.12240668386220932,0.9829049110412598
31,24,0.5156904458999634,0.6738272905349731,-0.12221477925777435,0.9911144375801086
31,25,0.35137665271759033,0.6599130630493164,0.1410609781742096,0.29260215163230896
31,26,0.34340333938598633,0.683552622795105,-0.07624597102403641,0.937738835811615
31,27,0.20235243439674377,0.6373124718666077,0.19914253056049347,0.5167253017425537
31,28,0.18240328133106232,0.658325731754303,-0.022588137537240982,0.9481977224349976
31,29,0.17710790038108826,0.6076568365097046,0.1970239132642746,0.6248418092727661
31,30,0.1524525135755539,0.6230316162109375,-0.01932987943291664,0.9263697266578674
31,31,0.17655499279499054,0.7268632054328918,0.12691137194633484,0.6649647355079651
31,32,0.15071380138397217,0.7545770406723022,-0.0999869555234909,0.9266545176506042
32,0,0.8330593109130859,0.7316737771034241,-0.04499756544828415,0.9983282685279846
32,1,0.8442618250846863,0.7114982008934021,-0.024732833728194237,0.9977998733520508
32,2,0.844012439250946,0.708489179611206,-0.02478766068816185,0.998171329498291
32,3,0.8436828851699829,0.70504230260849,-0.024826884269714355,0.9983270168304443
32,4,0.8436132669448853,0.7094429135322571,-0.06641563773155212,0.9974225163459778
32,5,0.842954158782959,0.7053481340408325,-0.06645574420690536,0.997842013835907
32,6,0.8422380685806274,0.7006970643997192,-0.06651226431131363,0.9981012940406799
32,7,0.8329421281814575,0.6765482425689697,0.06538467109203339,0.9972962141036987
32,8,0.8318307995796204,0.6752169728279114,-0.11354821920394897,0.9980940818786621
32,9,0.8179704546928406,0.7277894020080566,-0.007109998259693384,0.9964389204978943
32,10,0.8172289729118347,0.7259790897369385,-0.06025538966059685,0.9978038668632507
32,11,0.7499147057533264,0.6428080201148987,0.18148663640022278,0.9970124959945679
32,12,0.7540834546089172,0.656947672367096,-0.20426376163959503,0.9995916485786438
32,13,0.6350772976875305,0.566707193851471,0.2346380203962326,0.07496819645166397
32,14,0.6321893334388733,0.5837792158126831,-0.23393039405345917,0.967853307723999
32,15,0.6209653615951538,0.7212817668914795,0.21303460001945496,0.08265028893947601
32,16,0.6379293203353882,0.7539222836494446,-0.16917818784713745,0.890312671661377
32,17,0.6266673803329468,0.738936185836792,0.2139042168855667,0.10320989787578583
32,18,0.6473559141159058,0.7821379899978638,-0.18967178463935852,0.8632010221481323
32,19,0.634895920753479,0.7486468553543091,0.1839587390422821,0.10490596294403076
32,20,0.6598641276359558,0.7780865430831909,-0.1631692349910736,0.849399209022522
32,21,0.6321292519569397,0.74361252784729,0.1967797726392746,0.1046004593372345
32,22,0.6573919653892517,0.7670544981956482,-0.15631577372550964,0.8028534054756165
32,23,0.5217688679695129,0.648627758026123,0.1263962984085083,0.981777548789978
32,24,0.5186368227005005,0.673047661781311,-0.12616665661334991,0.9908290505409241
32,25,0.35274064540863037,0.6645163893699646,0.136666938662529,0.2818211317062378
32,26,0.34519216418266296,0.6844431757926941,-0.09151860326528549,0.9365944862365723
32,27,0.20237687230110168,0.6391367316246033,0.18761995434761047,0.49581557512283325
32,28,0.1818210482597351,0.6589500308036804,-0.052064258605241776,0.9468322992324829
32,29,0.17777545750141144,0.6091936230659485,0.18447452783584595,0.6018059253692627
32,30,0.15193584561347961,0.6268352270126343,-0.05146029591560364,0.9249304533004761
32,31,0.17667654156684875,0.7321938276290894,0.11159797012805939,0.6456730365753174
32,32,0.1503046452999115,0.7595648169517517,-0.14114408195018768,0.925559937953949
33,0,0.833617091178894,0.7332105040550232,-0.03622455149888992,0.9983706474304199
33,1,0.8441728353500366,0.7105157375335693,-0.015369459986686707,0.9978764653205872
33,2,0.8438522219657898,0.7070679664611816,-0.01541632879525423,0.998244047164917
33,3,0.8434745073318481,0.7032761573791504,-0.01544756256043911,0.9983960390090942
33,4,0.8436040878295898,0.708489716053009,-0.05452189967036247,0.9974865317344666
33,5,0.8429401516914368,0.704140305519104,-0.05456401780247688,0.9978960752487183
33,6,0.8422805070877075,0.6996145844459534,-0.054623883217573166,0.9981465935707092
33,7,0.8326119184494019,0.6744068264961243,0.07705885171890259,0.9974072575569153
33,8,0.8318082094192505,0.6740612983703613,-0.09523950517177582,0.998139500617981
33,9,0.8187094926834106,0.7300408482551575,0.002084363717585802,0.9965432286262512
33,10,0.8180809020996094,0.7281640768051147,-0.04815475642681122,0.997847855091095
33,11,0.7487449645996094,0.6377866268157959,0.19252309203147888,0.9970874190330505
33,12,0.7569133043289185,0.660276472568512,-0.18974795937538147,0.9995986819267273
33,13,0.6350200176239014,0.5654643774032593,0.23934300243854523,0.0764988511800766
33,14,0.636256217956543,0.5832384824752808,-0.224086731672287,0.9668689966201782
33,15,0.6159273982048035,0.7209081649780273,0.21620731055736542,0.07712166011333466
33,16,0.6375299096107483,0.7544190287590027,-0.1703709214925766,0.8810437917709351
33,17,0.6208356022834778,0.7396141886711121,0.21679362654685974,0.0962805449962616
33,18,0.645577073097229,0.7828860878944397,-0.1923927217721939,0.8503878116607666
33,19,0.6267287135124207,0.7486758828163147,0.1853158175945282,0.09781864285469055
33,20,0.6575711965560913,0.7794542908668518,-0.1642225682735443,0.8352052569389343
33,21,0.6245537996292114,0.7436481714248657,0.19928941130638123,0.09760332852602005
33,22,0.654678225517273,0.7683547735214233,-0.1571497768163681,0.7884303331375122
33,23,0.5225149393081665,0.6454169154167175,0.12725405395030975,0.9813593029975891
33,24,0.521239161491394,0.6721801161766052,-0.12701725959777832,0.990825355052948
33,25,0.3522966504096985,0.6625458002090454,0.12325683981180191,0.27182796597480774
33,26,0.3451954424381256,0.6840988397598267,-0.1026146188378334,0.9358557462692261
33,27,0.19829265773296356,0.6410370469093323,0.16028201580047607,0.47568628191947937
33,28,0.18121486902236938,0.660417914390564,-0.07639126479625702,0.9454518556594849
33,29,0.17607343196868896,0.6118454933166504,0.1554519236087799,0.5788530707359314
33,30,0.15161366760730743,0.6309913992881775,-0.07749967277050018,0.9235904812812805
33,31,0.17259423434734344,0.7376319169998169,0.07745073735713959,0.6274446249008179
33,32,0.14793315529823303,0.7685832381248474,-0.17011773586273193,0.9249770641326904
34,0,0.8355511426925659,0.7375521063804626,-0.029136672616004944,0.9984116554260254
34,1,0.8454391360282898,0.7148742079734802,-0.008569964207708836,0.997943103313446
34,2,0.8450220823287964,0.711148738861084,-0.008609307929873466,0.9983054995536804
34,3,0.8445690274238586,0.7069962024688721,-0.008634112775325775,0.9984560608863831
34,4,0.8450785875320435,0.7133883833885193,-0.0471428781747818,0.9975473880767822
34,5,0.8444560170173645,0.7092511653900146,-0.047179896384477615,0.9979417324066162
34,6,0.8438599705696106,0.7049111127853394,-0.04723972827196121,0.9981840252876282
34,7,0.833503246307373,0.6781479120254517,0.08332178741693497,0.9975078105926514
34,8,0.8332532048225403,0.6802436113357544,-0.0889243632555008,0.9981794357299805
34,9,0.8208898305892944,0.7342678308486938,0.008967379108071327,0.9966497421264648
34,10,0.8204559087753296,0.7325792908668518,-0.040779825299978256,0.9979013800621033
34,11,0.7481406927108765,0.6458449959754944,0.19803473353385925,0.9971326589584351
34,12,0.7584325075149536,0.6661542057991028,-0.1842576414346695,0.9996082186698914
34,13,0.6347092390060425,0.5657097697257996,0.24632489681243896,0.07832339406013489
34,14,0.6380792856216431,0.583081841468811,-0.2224629819393158,0.9663452506065369
34,15,0.6098868250846863,0.7236780524253845,0.2194993942975998,0.07205811887979507
34,16,0.6358267068862915,0.7547906637191772,-0.1717321127653122,0.8730223178863525
34,17,0.6125057935714722,0.7444256544113159,0.21912220120429993,0.08998530358076096
34,18,0.639703631401062,0.7840070128440857,-0.19379201531410217,0.8395739197731018
34,19,0.6204372644424438,0.7544950842857361,0.1864127516746521,0.09140291810035706
34,20,0.6497441530227661,0.7827268838882446,-0.1692718267440796,0.8234185576438904
34,21,0.6193728446960449,0.7487608790397644,0.2019859254360199,0.09133418649435043
34,22,0.6483356356620789,0.7711774110794067,-0.15998736023902893,0.7765684723854065
34,23,0.5227271318435669,0.6496596336364746,0.1278713047504425,0.9807748198509216
34,24,0.522614061832428,0.6755541563034058,-0.12763093411922455,0.9907601475715637
34,25,0.35260486602783203,0.664638102054596,0.12152822315692902,0.2616741359233856
34,26,0.34612908959388733,0.6881213188171387,-0.10654552280902863,0.9347997307777405
34,27,0.19775614142417908,0.6419733166694641,0.16018588840961456,0.45489999651908875
34,28,0.18077513575553894,0.6620754599571228,-0.08251956850290298,0.9436023831367493
34,29,0.17560730874538422,0.6121420860290527,0.15592950582504272,0.5571415424346924
34,30,0.15105578303337097,0.6333260536193848,-0.08326695114374161,0.9221228361129761
34,31,0.17181645333766937,0.7375785112380981,0.08007603138685226,0.6075366139411926
34,32,0.14678701758384705,0.7704979181289673,-0.17504635453224182,0.9235943555831909
35,0,0.8358379602432251,0.7390606999397278,-0.027706686407327652,0.9984508752822876
35,1,0.845676600933075,0.7154584527015686,-0.00769054377451539,0.9979872107505798
35,2,0.8452011942863464,0.7118759155273438,-0.007731619291007519,0.9983522891998291
35,3,0.8447188138961792,0.7080820202827454,-0.007753686048090458,0.9984984397888184
35,4,0.8455057144165039,0.7136505246162415,-0.04560840129852295,0.9975879788398743
35,5,0.8449584245681763,0.7094393968582153,-0.04563906043767929,0.997978925704956
35,6,0.8444477915763855,0.7051854133605957,-0.045697569847106934,0.9982084631919861
35,7,0.8336213231086731,0.6793582439422607,0.0832601934671402,0.9975861310958862
35,8,0.8336209058761597,0.6809791922569275,-0.08607541024684906,0.9982062578201294
35,9,0.8207812309265137,0.7351531982421875,0.010129725560545921,0.9967339038848877
35,10,0.8205337524414062,0.7332015037536621,-0.03881343826651573,0.9979497790336609
35,11,0.7477424144744873,0.6495203375816345,0.19709151983261108,0.9971475601196289
35,12,0.7592934370040894,0.6692045331001282,-0.17990204691886902,0.9996182918548584
35,13,0.634610652923584,0.5655704736709595,0.24801775813102722,0.08018963783979416
35,14,0.6390506029129028,0.5825846791267395,-0.22424927353858948,0.9664700031280518
35,15,0.6099199652671814,0.724705696105957,0.21964573860168457,0.06757491081953049
35,16,0.6355819702148438,0.7552697062492371,-0.19840273261070251,0.8690930008888245
35,17,0.6128568053245544,0.7467426657676697,0.21932737529277802,0.08450376987457275
35,18,0.6380954384803772,0.7851017713546753,-0.22440972924232483,0.8338847756385803
35,19,0.6191533803939819,0.7569411396980286,0.18567359447479248,0.0858016312122345
35,20,0.6468192338943481,0.7860852479934692,-0.19495220482349396,0.8169687986373901
35,21,0.6182869672775269,0.7506450414657593,0.20191112160682678,0.08588145673274994
35,22,0.645756721496582,0.7739802002906799,-0.18528851866722107,0.770009458065033
35,23,0.5227590203285217,0.6509470343589783,0.12757402658462524,0.980067253112793
35,24,0.5233210921287537,0.675943911075592,-0.12733492255210876,0.9906836152076721
35,25,0.35315006971359253,0.667358934879303,0.11817292124032974,0.25287649035453796
35,26,0.3471447229385376,0.6909492611885071,-0.10713459551334381,0.9355292320251465
35,27,0.19806936383247375,0.6421399116516113,0.1556965857744217,0.43693462014198303
35,28,0.18061722815036774,0.6618823409080505,-0.08752179145812988,0.9432328343391418
35,29,0.17582246661186218,0.6121160984039307,0.1514875888824463,0.5383544564247131
35,30,0.15070666372776031,0.633057177066803,-0.08861370384693146,0.9219524264335632
35,31,0.17205367982387543,0.7376365065574646,0.07809486240148544,0.5908015966415405
35,32,0.1469421684741974,0.770946741104126,-0.17846953868865967,0.9234520792961121
36,0,0.8352652788162231,0.7428988218307495,-0.025331128388643265,0.9984936118125916
36,1,0.8454488515853882,0.7186278700828552,-0.0051358952187001705,0.9980368614196777
36,2,0.8449972867965698,0.715103805065155,-0.00517678027972579,0.9984022378921509
36,3,0.8445555567741394,0.7115022540092468,-0.005195032339543104,0.998544454574585
36,4,0.8453540802001953,0.7172379493713379,-0.04301822558045387,0.9976353049278259
36,5,0.8448696136474609,0.7132688164710999,-0.0430445596575737,0.9980200529098511
36,6,0.8444329500198364,0.7092351913452148,-0.043100375682115555,0.9982360005378723
36,7,0.8336261510848999,0.6832029223442078,0.08650635927915573,0.9976630210876465
36,8,0.8335126042366028,0.684407114982605,-0.08307997137308121,0.9982320070266724
36,9,0.8201220631599426,0.7383549809455872,0.012757077813148499,0.9968128204345703
36,10,0.8198784589767456,0.7369661331176758,-0.03619552403688431,0.9979929327964783
36,11,0.7473166584968567,0.6492965817451477,0.2008921205997467,0.9971575736999512
36,12,0.7590073347091675,0.6710180640220642,-0.1779973804950714,0.9996260404586792
36,13,0.634641170501709,0.5652668476104736,0.25093623995780945,0.08119247853755951
36,14,0.6406928300857544,0.5820460319519043,-0.22553329169750214,0.9663031101226807
36,15,0.6086364984512329,0.7232517004013062,0.21872451901435852,0.06327413767576218
36,16,0.6354299187660217,0.7553489804267883,-0.22101660072803497,0.8635880947113037
36,17,0.6133872270584106,0.7456064224243164,0.2185342013835907,0.07929738610982895
36,18,0.637876033782959,0.7850130796432495,-0.24983689188957214,0.8267574310302734
36,19,0.6186953783035278,0.755993664264679,0.18399325013160706,0.08047619462013245
36,20,0.6461332440376282,0.7859166264533997,-0.21800263226032257,0.808840274810791
36,21,0.6174923181533813,0.7495144605636597,0.20056331157684326,0.08069970458745956
36,22,0.6448606252670288,0.7739220261573792,-0.20740821957588196,0.7613887190818787
36,23,0.5236513018608093,0.6522663831710815,0.12844601273536682,0.9794803857803345
36,24,0.524064838886261,0.6794777512550354,-0.12820403277873993,0.9906280040740967
36,25,0.3529447317123413,0.6662449240684509,0.11938538402318954,0.2442239373922348
36,26,0.3470483422279358,0.6938964128494263,-0.11081346124410629,0.9368994235992432
36,27,0.1980438232421875,0.6419980525970459,0.15829484164714813,0.42047786712646484
36,28,0.18041196465492249,0.661676824092865,-0.0940517857670784,0.9438859224319458
36,29,0.17558838427066803,0.6120446920394897,0.15420332551002502,0.5216100811958313
36,30,0.15044890344142914,0.6329231858253479,-0.09557592868804932,0.9229248762130737
36,31,0.17234660685062408,0.7379138469696045,0.08045279234647751,0.5759329199790955
36,32,0.14761808514595032,0.772042989730835,-0.1871074140071869,0.9241849780082703
37,0,0.8321967124938965,0.746675431728363,-0.02159661427140236,0.9985200762748718
37,1,0.8441959619522095,0.7242298722267151,-0.001293203211389482,0.9980655312538147
37,2,0.8439569473266602,0.7207013368606567,-0.0013349830405786633,0.9984314441680908
37,3,0.8437585830688477,0.7170581221580505,-0.001352662337012589,0.9985738396644592
37,4,0.8442727327346802,0.7223456501960754,-0.039379414170980453,0.9976624250411987
37,5,0.8440749049186707,0.7181481122970581,-0.03940616920590401,0.9980406165122986
37,6,0.8439350128173828,0.7138868570327759,-0.03946247324347496,0.9982477426528931
37,7,0.8332687616348267,0.6864481568336487,0.09027557075023651,0.9977014064788818
37,8,0.8330695033073425,0.6865296363830566,-0.08059213310480118,0.9982358813285828
37,9,0.8174907565116882,0.7408601641654968,0.016449404880404472,0.9968444108963013
37,10,0.8174006342887878,0.7390263676643372,-0.03283687308430672,0.9980077147483826
37,11,0.7472478151321411,0.6496018171310425,0.20347659289836884,0.9971418976783752
37,12,0.7588904500007629,0.6709160804748535,-0.17568336427211761,0.9996296763420105
37,13,0.6347401142120361,0.5646647810935974,0.25416043400764465,0.08130920678377151
37,14,0.6416161060333252,0.5817980766296387,-0.226677805185318,0.9660409092903137
37,15,0.607832670211792,0.7222830057144165,0.2204912006855011,0.05930835381150246
37,16,0.6350122690200806,0.7557083368301392,-0.2145676612854004,0.8572530150413513
37,17,0.6116580367088318,0.7447962164878845,0.2196577489376068,0.07453202456235886
37,18,0.6365194916725159,0.7853730320930481,-0.241512268781662,0.8187831044197083
37,19,0.618581235408783,0.7553662061691284,0.185093492269516,0.07562287151813507
37,20,0.6447165608406067,0.7866677045822144,-0.21133260428905487,0.8001054525375366
37,21,0.617392897605896,0.7488855719566345,0.20210783183574677,0.07598546147346497
37,22,0.6435426473617554,0.7743245363235474,-0.2012244462966919,0.7522344589233398
37,23,0.5241018533706665,0.6554538011550903,0.1289673149585724,0.9785610437393188
37,24,0.5239005088806152,0.6819819808006287,-0.1287299543619156,0.9904167056083679
37,25,0.35282984375953674,0.6681159734725952,0.11925274133682251,0.23780284821987152
37,26,0.34679681062698364,0.6951993107795715,-0.11378558725118637,0.9381440281867981
37,27,0.19802717864513397,0.6419894695281982,0.15676911175251007,0.40625452995300293
37,28,0.17965635657310486,0.6615411043167114,-0.10094442218542099,0.9444925785064697
37,29,0.17591658234596252,0.6120132207870483,0.1524442732334137,0.5063285827636719
37,30,0.15024329721927643,0.6326318383216858,-0.1029411107301712,0.923693060874939
37,31,0.17256787419319153,0.7395422458648682,0.07936286181211472,0.5633640289306641
37,32,0.14764760434627533,0.7736814618110657,-0.19517959654331207,0.9249705076217651
38,0,0.8305641412734985,0.7477882504463196,-0.01830940879881382,0.998516857624054
38,1,0.8435639142990112,0.7264435887336731,0.0024686038959771395,0.9980713129043579
38,2,0.843468189239502,0.7229069471359253,0.0024260643403977156,0.9984392523765564
38,3,0.8434348106384277,0.7192137837409973,0.002403543796390295,0.9985870718955994
38,4,0.8437336087226868,0.7243356704711914,-0.03629760816693306,0.997656524181366
38,5,0.8437384366989136,0.7200446128845215,-0.036327216774225235,0.998028039932251
38,6,0.8438262939453125,0.7157289385795593,-0.03638824447989464,0.9982346892356873
38,7,0.8330011367797852,0.6877896189689636,0.09487687051296234,0.9977061748504639
38,8,0.8326994776725769,0.6878100633621216,-0.07903311401605606,0.9982149004936218
38,9,0.8159734010696411,0.7418283224105835,0.01995021663606167,0.9968284368515015
38,10,0.8159710168838501,0.7397275567054749,-0.030210400000214577,0.9979830980300903
38,11,0.7476711869239807,0.6503955125808716,0.20853403210639954,0.9971312284469604
38,12,0.7589629292488098,0.6710079908370972,-0.17626447975635529,0.9996297955513
38,13,0.635205090045929,0.5644139051437378,0.256841778755188,0.081405408680439
38,14,0.6425131559371948,0.5816335678100586,-0.22691337764263153,0.9655175805091858
38,15,0.607055127620697,0.7219482660293579,0.22192290425300598,0.055725645273923874
38,16,0.6347749829292297,0.7572497129440308,-0.20780713856220245,0.8493735194206238
38,17,0.61159747838974,0.7453451156616211,0.2207617312669754,0.07015664130449295
38,18,0.6365578174591064,0.7874727249145508,-0.2325751781463623,0.8085128664970398
38,19,0.6174598932266235,0.7561948895454407,0.18685667216777802,0.07116677612066269
38,20,0.6448513865470886,0.7882682085037231,-0.19978755712509155,0.7889862656593323
38,21,0.6161954402923584,0.7494986653327942,0.20361506938934326,0.07161695510149002
38,22,0.6433814764022827,0.7755346298217773,-0.19291163980960846,0.740550696849823
38,23,0.5243483781814575,0.6575203537940979,0.13065876066684723,0.977809488773346
38,24,0.5239000916481018,0.6832876801490784,-0.13043911755084991,0.9902219176292419
38,25,0.3526618778705597,0.6682143807411194,0.12056330591440201,0.23200878500938416
38,26,0.34675437211990356,0.6944736838340759,-0.116047702729702,0.9383556842803955
38,27,0.1955268234014511,0.6427491307258606,0.15903013944625854,0.39418232440948486
38,28,0.17788594961166382,0.6616615653038025,-0.09905628114938736,0.9444578289985657
38,29,0.17493630945682526,0.6123273372650146,0.15460459887981415,0.49230509996414185
38,30,0.14956921339035034,0.6325294375419617,-0.10072950273752213,0.923534631729126
38,31,0.17183373868465424,0.7405754923820496,0.07939953356981277,0.5526109337806702
38,32,0.146916925907135,0.7732887268066406,-0.19459731876850128,0.9252901673316956
39,0,0.830295205116272,0.7476956844329834,-0.020392443984746933,0.9984706044197083
39,1,0.8434694409370422,0.7263254523277283,2.3017191779217683e-05,0.9980173707008362
39,2,0.843328595161438,0.7229646444320679,-2.0844909158768132e-05,0.9984002709388733
39,3,0.8432384729385376,0.7194751501083374,-4.480406278162263e-05,0.998557448387146
39,4,0.8435743451118469,0.7241101861000061,-0.03887996822595596,0.9975771903991699
39,5,0.8434913754463196,0.719886839389801,-0.03890993818640709,0.9979506134986877
39,6,0.8434780836105347,0.7156000137329102,-0.038968659937381744,0.9981600046157837
39,7,0.8329339027404785,0.6888645887374878,0.09147502481937408,0.9976485967636108
39,8,0.8325039744377136,0.6876650452613831,-0.08295585960149765,0.9981226921081543
39,9,0.8156661987304688,0.7419714331626892,0.01762980781495571,0.9967033267021179
39,10,0.815678596496582,0.739745557308197,-0.032698437571525574,0.9978911876678467
39,11,0.7480854392051697,0.6514900326728821,0.20527632534503937,0.997054934501648
39,12,0.7588649988174438,0.6710741519927979,-0.17837932705879211,0.999614953994751
39,13,0.6363323926925659,0.5641599893569946,0.2541040778160095,0.08173768222332001
39,14,0.6432510614395142,0.5813718438148499,-0.22793778777122498,0.9647161364555359
39,15,0.6072139143943787,0.7215455174446106,0.2186753749847412,0.05261354148387909
39,16,0.6347674131393433,0.7583972215652466,-0.2065051794052124,0.8409112691879272
39,17,0.6118317246437073,0.7451017498970032,0.21768078207969666,0.06638000160455704
39,18,0.6368519067764282,0.7888040542602539,-0.22881579399108887,0.798115074634552
39,19,0.6186398267745972,0.7560594081878662,0.1841578483581543,0.06730639934539795
39,20,0.6453001499176025,0.789595901966095,-0.19562886655330658,0.7779310941696167
39,21,0.616186261177063,0.7491216659545898,0.20061500370502472,0.0678308978676796
39,22,0.6437379121780396,0.7764052748680115,-0.19077284634113312,0.729009211063385
39,23,0.5244127511978149,0.6579396724700928,0.13040047883987427,0.9771324396133423
39,24,0.5237312912940979,0.6831794381141663,-0.13018184900283813,0.9899897575378418
39,25,0.3529018759727478,0.6710115075111389,0.1213323324918747,0.22699175775051117
39,26,0.3466174304485321,0.6943458318710327,-0.11386275291442871,0.9378344416618347
39,27,0.20170028507709503,0.6426844596862793,0.1600707471370697,0.383417010307312
39,28,0.1797102391719818,0.6615991592407227,-0.09062208235263824,0.9440319538116455
39,29,0.17970213294029236,0.612311840057373,0.1558455228805542,0.48069167137145996
39,30,0.1511894166469574,0.6322889924049377,-0.09173397719860077,0.9232146739959717
39,31,0.1732347160577774,0.7400513291358948,0.07988516986370087,0.5420742630958557
39,32,0.14724887907505035,0.7722594141960144,-0.18421825766563416,0.9248607754707336
40,0,0.8302604556083679,0.7475129961967468,-0.02055612951517105,0.9984408617019653
40,1,0.8432791829109192,0.7259641885757446,-0.00027029344346374273,0.9979817867279053
40,2,0.8431265950202942,0.7226158380508423,-0.00031535938614979386,0.9983741641044617
40,3,0.8430215716362,0.7191547155380249,-0.00033857644302770495,0.9985387325286865
40,4,0.843342661857605,0.7238233685493469,-0.03949182108044624,0.9975206255912781
40,5,0.843220055103302,0.7196403741836548,-0.03952789679169655,0.997893214225769
40,6,0.8431611061096191,0.7153698205947876,-0.03959325700998306,0.9981038570404053
40,7,0.8330079317092896,0.6886893510818481,0.09033975750207901,0.9976097941398621
40,8,0.8325091600418091,0.6874061822891235,-0.08487875014543533,0.9980485439300537
40,9,0.8156248331069946,0.7417924404144287,0.01737816445529461,0.9966232776641846
40,10,0.8156141042709351,0.7396327257156372,-0.03328780084848404,0.9978306889533997
40,11,0.7485955953598022,0.6519762873649597,0.20457634329795837,0.9970115423202515
40,12,0.7590553760528564,0.6710906028747559,-0.17948490381240845,0.9996045231819153
40,13,0.6369365453720093,0.5640338659286499,0.25384488701820374,0.08148695528507233
40,14,0.6437279582023621,0.5811708569526672,-0.23128017783164978,0.964187741279602
40,15,0.6063529849052429,0.7212247252464294,0.21699830889701843,0.049629367887973785
40,16,0.6347020268440247,0.7590779662132263,-0.20530347526073456,0.8338766098022461
40,17,0.6110981702804565,0.7447208762168884,0.21604590117931366,0.06275550276041031
40,18,0.6368463635444641,0.7891261577606201,-0.22833526134490967,0.7893681526184082
40,19,0.617377519607544,0.7555431723594666,0.18267479538917542,0.06360572576522827
40,20,0.6453222036361694,0.7897804379463196,-0.19660785794258118,0.7687163352966309
40,21,0.6156169772148132,0.748711884021759,0.19904747605323792,0.06419813632965088
40,22,0.6437760591506958,0.7766468524932861,-0.19055141508579254,0.7192816734313965
40,23,0.5243557691574097,0.6574268341064453,0.13029970228672028,0.9769630432128906
40,24,0.5235806107521057,0.6837801933288574,-0.1300772875547409,0.9899040460586548
40,25,0.3528921902179718,0.6709162592887878,0.12230978161096573,0.22291384637355804
40,26,0.3465117812156677,0.6959651708602905,-0.11296945810317993,0.9375030398368835
40,27,0.20217077434062958,0.6429802775382996,0.16265854239463806,0.37473416328430176
40,28,0.18102732300758362,0.662236213684082,-0.08993171155452728,0.9438393712043762
40,29,0.1796683520078659,0.6125116348266602,0.15878939628601074,0.47077202796936035
40,30,0.15283268690109253,0.6327177286148071,-0.09135562926530838,0.9228637218475342
40,31,0.17325280606746674,0.7381681799888611,0.08544418960809708,0.5337148904800415
40,32,0.14943896234035492,0.7684770226478577,-0.18324550986289978,0.9249001741409302
41,0,0.8302471041679382,0.7474979758262634,-0.021599359810352325,0.9984325766563416
41,1,0.843148410320282,0.7259427309036255,-0.001327774254605174,0.9979715347290039
41,2,0.8429844975471497,0.7226488590240479,-0.0013729571364820004,0.9983706474304199
41,3,0.8428661227226257,0.7192644476890564,-0.001397280371747911,0.9985377788543701
41,4,0.8431784510612488,0.7237249612808228,-0.040293458849191666,0.9974972605705261
41,5,0.8430250287055969,0.7195391058921814,-0.040324125438928604,0.997871994972229
41,6,0.8429338335990906,0.7152575850486755,-0.0403825044631958,0.998079240322113
41,7,0.8330340385437012,0.6891008615493774,0.08961997926235199,0.99760502576828
41,8,0.8324750661849976,0.6873957514762878,-0.08406946063041687,0.9980165958404541
41,9,0.8155850172042847,0.7419222593307495,0.016334982588887215,0.9965887069702148
41,10,0.8155514001846313,0.7397153377532959,-0.03405347093939781,0.9977999329566956
41,11,0.7488094568252563,0.6529698371887207,0.20324142277240753,0.9969679713249207
41,12,0.759271502494812,0.6718006730079651,-0.1794063150882721,0.9995999932289124
41,13,0.6373010873794556,0.563656747341156,0.2521069049835205,0.08151993155479431
41,14,0.6443576812744141,0.5812016725540161,-0.23163127899169922,0.9638204574584961
41,15,0.6055463552474976,0.7209886908531189,0.21660561859607697,0.04685758426785469
41,16,0.6346920728683472,0.7591016888618469,-0.20749297738075256,0.8280022740364075
41,17,0.610214352607727,0.7445018291473389,0.2160310000181198,0.0593671016395092
41,18,0.6369108557701111,0.7890679836273193,-0.23184898495674133,0.7820833921432495
41,19,0.6164655685424805,0.755182147026062,0.18265894055366516,0.06013987958431244
41,20,0.6454246044158936,0.7896674871444702,-0.2009011059999466,0.7609038949012756
41,21,0.6151273846626282,0.748429536819458,0.19871968030929565,0.06081316992640495
41,22,0.6438779234886169,0.7766087651252747,-0.19339260458946228,0.7110897898674011
41,23,0.5243726968765259,0.6573370099067688,0.1301509290933609,0.9767578840255737
41,24,0.5238056182861328,0.68329918384552,-0.12993110716342926,0.9898568391799927
41,25,0.352847158908844,0.6712738871574402,0.12260079383850098,0.21926066279411316
41,26,0.3463875949382782,0.6966841816902161,-0.11103818565607071,0.9381123781204224
41,27,0.20200200378894806,0.6431868672370911,0.1641855388879776,0.3669028878211975
41,28,0.1808723658323288,0.6631612777709961,-0.0865120142698288,0.9442103505134583
41,29,0.1793690025806427,0.6128049492835999,0.16033968329429626,0.4616736173629761
41,30,0.15258565545082092,0.6332599520683289,-0.08752481639385223,0.923162579536438
41,31,0.17331460118293762,0.7382838129997253,0.0866156667470932,0.5267463326454163
41,32,0.1498890072107315,0.7684745788574219,-0.1786949336528778,0.9255271553993225
42,0,0.8301606178283691,0.7474268674850464,-0.02156081423163414,0.9984112977981567
42,1,0.843096911907196,0.7257927656173706,-0.0011386587284505367,0.9979463219642639
42,2,0.8429156541824341,0.7225028276443481,-0.0011849619913846254,0.9983553290367126
42,3,0.8427761197090149,0.7191402912139893,-0.0012106510112062097,0.9985269904136658
42,4,0.8430940508842468,0.7236033082008362,-0.039971720427274704,0.9974537491798401
42,5,0.8429077863693237,0.7194309830665588,-0.039998605847358704,0.9978336691856384
42,6,0.8427838087081909,0.7151410579681396,-0.04005454480648041,0.9980391263961792
42,7,0.8330076336860657,0.6892836689949036,0.09030605107545853,0.9975820183753967
42,8,0.832409679889679,0.6874703168869019,-0.08309219777584076,0.9979705214500427
42,9,0.8154953718185425,0.7418045997619629,0.01646825298666954,0.9965271353721619
42,10,0.8154776692390442,0.739612340927124,-0.03377990797162056,0.9977489113807678
42,11,0.7488394379615784,0.6535629630088806,0.20409679412841797,0.9969181418418884
42,12,0.7592709064483643,0.6724258065223694,-0.1795586347579956,0.9995938539505005
42,13,0.6375052332878113,0.5633973479270935,0.25266221165657043,0.08132763206958771
42,14,0.6447576284408569,0.5810692310333252,-0.2323048859834671,0.963239312171936
42,15,0.60508131980896,0.720856249332428,0.21866747736930847,0.04423950985074043
42,16,0.6346875429153442,0.7590885758399963,-0.2093324214220047,0.8217430710792542
42,17,0.6097460985183716,0.7442717552185059,0.21860265731811523,0.05617344379425049
42,18,0.6369718909263611,0.7890444993972778,-0.23458130657672882,0.7745583653450012
42,19,0.616093635559082,0.7548707723617554,0.1849365383386612,0.05687768757343292
42,20,0.6455504894256592,0.7894755005836487,-0.2037826031446457,0.752823531627655
42,21,0.614970862865448,0.748175323009491,0.2006976157426834,0.05763192102313042
42,22,0.6440014243125916,0.7765063047409058,-0.19547751545906067,0.7026277780532837
42,23,0.5243240594863892,0.6575025320053101,0.1303909718990326,0.9765028357505798
42,24,0.5238563418388367,0.68329256772995,-0.13017503917217255,0.9897779822349548
42,25,0.35280025005340576,0.6713870763778687,0.12300684303045273,0.2156473696231842
42,26,0.34634074568748474,0.6968497633934021,-0.11053217947483063,0.9387319087982178
42,27,0.20137199759483337,0.6434520483016968,0.16547833383083344,0.35959523916244507
42,28,0.18083849549293518,0.6636960506439209,-0.08661417663097382,0.9446744918823242
42,29,0.17915606498718262,0.612862229347229,0.1617015153169632,0.4532451331615448
42,30,0.15253205597400665,0.6332008242607117,-0.08757445961236954,0.923508882522583
42,31,0.17330165207386017,0.7387438416481018,0.08793678134679794,0.5202525854110718
42,32,0.1498967856168747,0.7686638832092285,-0.17904235422611237,0.9262157678604126
43,0,0.8298957943916321,0.7477738261222839,-0.021232526749372482,0.9983699917793274
43,1,0.8429657220840454,0.7261567711830139,-0.0007491500000469387,0.9978917241096497
43,2,0.8428239822387695,0.7228127121925354,-0.0007968827849254012,0.9983176589012146
43,3,0.8427322506904602,0.7193964719772339,-0.0008239401504397392,0.9984959959983826
43,4,0.8429964184761047,0.7239866256713867,-0.03967835381627083,0.9973752498626709
43,5,0.8428629636764526,0.7198054790496826,-0.039702869951725006,0.9977663159370422
43,6,0.8427276611328125,0.7155134677886963,-0.039759110659360886,0.997970461845398
43,7,0.8329747319221497,0.689349353313446,0.09091884642839432,0.997524619102478
43,8,0.832349956035614,0.6876754760742188,-0.08317261934280396,0.9978945851325989
43,9,0.8152362108230591,0.7419558167457581,0.01688389480113983,0.9964148998260498
43,10,0.815252959728241,0.7397571802139282,-0.033501915633678436,0.9976653456687927
43,11,0.7488168478012085,0.6539506912231445,0.205033540725708,0.9968543648719788
43,12,0.7591751217842102,0.6723476648330688,-0.1798914670944214,0.9995842576026917
43,13,0.6377035975456238,0.5631835460662842,0.2547440230846405,0.08123518526554108
43,14,0.6448952555656433,0.580986738204956,-0.23398485779762268,0.962537407875061
43,15,0.6053407192230225,0.7206987142562866,0.22271719574928284,0.041923072189092636
43,16,0.6347519755363464,0.7590960264205933,-0.2124844342470169,0.8162317276000977
43,17,0.610221266746521,0.7442604899406433,0.22337706387043,0.053360648453235626
43,18,0.6370740532875061,0.7889943718910217,-0.23836979269981384,0.7681429386138916
43,19,0.6166222095489502,0.754840075969696,0.1891612857580185,0.0540064200758934
43,20,0.6456698775291443,0.7894453406333923,-0.20726697146892548,0.7459157705307007
43,21,0.6153714656829834,0.7481886148452759,0.2045883685350418,0.05483585596084595
43,22,0.6440447568893433,0.7765499353408813,-0.198635533452034,0.6952559351921082
43,23,0.5242829322814941,0.6580561399459839,0.13082566857337952,0.9760690331459045
43,24,0.5238693952560425,0.6834521889686584,-0.13061274588108063,0.9896182417869568
43,25,0.35276156663894653,0.6718194484710693,0.12317462265491486,0.21287037432193756
43,26,0.34631049633026123,0.6966709494590759,-0.1106603592634201,0.9394568204879761
43,27,0.2007569819688797,0.6436615586280823,0.16571812331676483,0.3536115884780884
43,28,0.18065999448299408,0.6638347506523132,-0.08685895800590515,0.9453220963478088
43,29,0.17899742722511292,0.6128573417663574,0.1620320826768875,0.44638046622276306
43,30,0.15237358212471008,0.6329103112220764,-0.08768486976623535,0.9240609407424927
43,31,0.17302019894123077,0.7390002608299255,0.08888296037912369,0.5148991942405701
43,32,0.14960017800331116,0.7686866521835327,-0.1791524887084961,0.9270246028900146
44,0,0.82964026927948,0.7478360533714294,-0.02163618616759777,0.9983235001564026
44,1,0.8428283929824829,0.7262688279151917,-0.0012118853628635406,0.9978246092796326
44,2,0.8427219390869141,0.7229117751121521,-0.0012595475418493152,0.998270571231842
44,3,0.8426750898361206,0.7194673418998718,-0.0012867448385804892,0.9984554052352905
44,4,0.8428889513015747,0.7240683436393738,-0.04014596715569496,0.9972817897796631
44,5,0.8428017497062683,0.7198801636695862,-0.04017028957605362,0.9976865649223328
44,6,0.8426911234855652,0.7155680060386658,-0.04022575169801712,0.9978891015052795
44,7,0.8329547047615051,0.689231812953949,0.09031917154788971,0.9974530339241028
44,8,0.832308292388916,0.6876516342163086,-0.08386413753032684,0.9978018403053284
44,9,0.814961314201355,0.7419072389602661,0.01644810661673546,0.996285617351532
44,10,0.8150135278701782,0.7396038770675659,-0.033947788178920746,0.99757319688797
44,11,0.7488621473312378,0.6546993255615234,0.20427842438220978,0.9967980980873108
44,12,0.7590895891189575,0.6720702052116394,-0.18018503487110138,0.9995733499526978
44,13,0.6379376649856567,0.5630050301551819,0.2551358640193939,0.08101046085357666
44,14,0.6448933482170105,0.5808918476104736,-0.23617200553417206,0.9619880318641663
44,15,0.6055852174758911,0.7206360697746277,0.22494156658649445,0.03988578915596008
44,16,0.6348935961723328,0.7591109275817871,-0.2161920964717865,0.8122516870498657
44,17,0.6106098890304565,0.7443801164627075,0.22600877285003662,0.05091109126806259
44,18,0.6373168230056763,0.7889627814292908,-0.2423207312822342,0.7635089755058289
44,19,0.6169977784156799,0.7549818158149719,0.19149541854858398,0.05150238052010536
44,20,0.645943284034729,0.7894592881202698,-0.2112794816493988,0.7408932447433472
44,21,0.6156207323074341,0.748355507850647,0.20679326355457306,0.05239659920334816
44,22,0.6443566083908081,0.7766072750091553,-0.20240981876850128,0.689717710018158
44,23,0.5242434144020081,0.6588675379753113,0.13084885478019714,0.9756932854652405
44,24,0.523818850517273,0.683699905872345,-0.13063760101795197,0.9894646406173706
44,25,0.35274869203567505,0.6723571419715881,0.12341687828302383,0.21048007905483246
44,26,0.3462563157081604,0.697848916053772,-0.11031074821949005,0.9401487708091736
44,27,0.20042090117931366,0.643882691860199,0.1658986657857895,0.3486578166484833
44,28,0.18057218194007874,0.6645310521125793,-0.08568154275417328,0.9459859728813171
44,29,0.17889897525310516,0.6128376722335815,0.16224107146263123,0.44069045782089233
44,30,0.15219798684120178,0.6328659057617188,-0.08632154762744904,0.9245755672454834
44,31,0.17226241528987885,0.739084005355835,0.08952651917934418,0.5103952884674072
44,32,0.14913128316402435,0.7688191533088684,-0.17721638083457947,0.9278115034103394
45,0,0.8292313814163208,0.7478502988815308,-0.02350461110472679,0.9982824921607971
45,1,0.8425750732421875,0.7264384627342224,-0.0031602508388459682,0.9977599382400513
45,2,0.8425132036209106,0.7231335043907166,-0.0032085529528558254,0.9982252717018127
45,3,0.8425204157829285,0.7197245359420776,-0.0032350041437894106,0.9984132647514343
45,4,0.8426604270935059,0.7240447402000427,-0.041976556181907654,0.9971976280212402
45,5,0.8426238298416138,0.7197967767715454,-0.04199758544564247,0.9976167678833008
45,6,0.8425722122192383,0.715382993221283,-0.04205054044723511,0.9978163242340088
45,7,0.8329294323921204,0.6893246173858643,0.08840636163949966,0.9973844885826111
45,8,0.8322714567184448,0.6872214674949646,-0.08531109988689423,0.997715413570404
45,9,0.8144859075546265,0.7419074177742004,0.014595200307667255,0.9961717128753662
45,10,0.8145610690116882,0.7394015789031982,-0.035659659653902054,0.9974966049194336
45,11,0.7489012479782104,0.6555094122886658,0.2014741152524948,0.9967434406280518
45,12,0.7590026259422302,0.6716483235359192,-0.18048813939094543,0.9995617866516113
45,13,0.6381502151489258,0.562917172908783,0.25455334782600403,0.08071330189704895
45,14,0.6447970271110535,0.5807064771652222,-0.2377835512161255,0.961706280708313
45,15,0.6057576537132263,0.7205760478973389,0.22435471415519714,0.038041841238737106
45,16,0.6350987553596497,0.7591038942337036,-0.21632829308509827,0.8090552091598511
45,17,0.6108875274658203,0.7443565130233765,0.2254108488559723,0.04869157075881958
45,18,0.6376001834869385,0.7889279723167419,-0.24186953902244568,0.7595743536949158
45,19,0.6172717809677124,0.7549386024475098,0.19124101102352142,0.04923337697982788
45,20,0.6464513540267944,0.7894102334976196,-0.21146544814109802,0.7366430759429932
45,21,0.6157691478729248,0.7483508586883545,0.2063857614994049,0.050178252160549164
45,22,0.6451007127761841,0.7765876054763794,-0.2027132213115692,0.6849871277809143
45,23,0.5241855978965759,0.659602165222168,0.13078799843788147,0.9753316640853882
45,24,0.5237938165664673,0.6836478114128113,-0.13057729601860046,0.9893127679824829
45,25,0.35271376371383667,0.6730870604515076,0.12325721979141235,0.20928029716014862
45,26,0.34614747762680054,0.6986016035079956,-0.10993614047765732,0.9410600662231445
45,27,0.2001962661743164,0.6440245509147644,0.16644605994224548,0.34565675258636475
45,28,0.1804574429988861,0.6651586890220642,-0.08486928045749664,0.9468434453010559
45,29,0.17885670065879822,0.6128275990486145,0.16277223825454712,0.4366753101348877
45,30,0.15205582976341248,0.632843554019928,-0.08543574810028076,0.9252095818519592
45,31,0.17130544781684875,0.7398077249526978,0.08955470472574234,0.5078925490379333
45,32,0.1482735425233841,0.7698689699172974,-0.1759951412677765,0.9288354516029358
46,0,0.8289011120796204,0.7477467060089111,-0.026814406737685204,0.998247504234314
46,1,0.8423537015914917,0.7264508008956909,-0.0067234584130346775,0.9977018237113953
46,2,0.8423281908035278,0.7232111692428589,-0.006771697662770748,0.9981855154037476
46,3,0.8423792123794556,0.7198594212532043,-0.006797382142394781,0.9983742237091064
46,4,0.8424533009529114,0.7238958477973938,-0.045185256749391556,0.9971204400062561
46,5,0.8424563407897949,0.719598650932312,-0.04520420730113983,0.9975539445877075
46,6,0.8424503207206726,0.7150865197181702,-0.04525336995720863,0.9977492094039917
46,7,0.8329087495803833,0.6894347071647644,0.08437366783618927,0.9973239302635193
46,8,0.8322445750236511,0.6867561936378479,-0.08784341812133789,0.9976325035095215
46,9,0.8140686750411987,0.7417882084846497,0.011136714369058609,0.9960757493972778
46,10,0.8141584396362305,0.7391249537467957,-0.038675591349601746,0.9974322319030762
46,11,0.7488769292831421,0.6555313467979431,0.1957440972328186,0.9967005252838135
46,12,0.7588090896606445,0.6714364290237427,-0.18072828650474548,0.9995510578155518
46,13,0.6382187604904175,0.5628299117088318,0.250860333442688,0.08061064779758453
46,14,0.6447200179100037,0.5806028842926025,-0.23848390579223633,0.9614830017089844
46,15,0.6058928966522217,0.7205461263656616,0.22393448650836945,0.036476995795965195
46,16,0.6353774070739746,0.759212851524353,-0.2159566581249237,0.8066486716270447
46,17,0.6110700964927673,0.7442994713783264,0.22454369068145752,0.0468016192317009
46,18,0.6381627321243286,0.788897693157196,-0.24111106991767883,0.756489098072052
46,19,0.6184635162353516,0.7548892498016357,0.19044658541679382,0.047295942902565
46,20,0.6471893191337585,0.7893561720848083,-0.21089594066143036,0.7332756519317627
46,21,0.6158806681632996,0.7483058571815491,0.20585274696350098,0.048272524029016495
46,22,0.6459258794784546,0.7765830159187317,-0.20238912105560303,0.6812329888343811
46,23,0.5241687893867493,0.6598438024520874,0.13014690577983856,0.9750662446022034
46,24,0.523754894733429,0.6837930083274841,-0.12993770837783813,0.9892070889472961
46,25,0.35269680619239807,0.6735019087791443,0.12290934473276138,0.20848417282104492
46,26,0.3460642993450165,0.6990426182746887,-0.10918019711971283,0.9418876767158508
46,27,0.20012004673480988,0.6440266370773315,0.16683271527290344,0.3432967960834503
46,28,0.1803799271583557,0.6655505895614624,-0.08373197168111801,0.9476112127304077
46,29,0.178712397813797,0.6127665042877197,0.16317859292030334,0.43321892619132996
46,30,0.1520317792892456,0.6327874064445496,-0.08413052558898926,0.9257569909095764
46,31,0.1705431342124939,0.7399882674217224,0.08972343057394028,0.5058853030204773
46,32,0.14784842729568481,0.7700956463813782,-0.17345182597637177,0.9297505617141724
47,0,0.8283990621566772,0.7477853298187256,-0.0291433148086071,0.9982004761695862
47,1,0.8420161008834839,0.7265589237213135,-0.009373711422085762,0.9976263046264648
47,2,0.8420268297195435,0.7233372330665588,-0.009421118535101414,0.9981322884559631
47,3,0.8421221971511841,0.7199957370758057,-0.009446781128644943,0.9983221888542175
47,4,0.8421290516853333,0.7239205241203308,-0.04749471694231033,0.9970253109931946
47,5,0.8421688079833984,0.7195923924446106,-0.047511883080005646,0.9974758625030518
47,6,0.842208743095398,0.7150212526321411,-0.047557927668094635,0.9976685643196106
47,7,0.8329011797904968,0.6894210577011108,0.08094082772731781,0.9972469210624695
47,8,0.8322107195854187,0.6865149736404419,-0.08971790224313736,0.9975317716598511
47,9,0.8135275840759277,0.7417653203010559,0.008572032675147057,0.9959526658058167
47,10,0.8136581182479858,0.7390105128288269,-0.04079712554812431,0.9973512887954712
47,11,0.7488038539886475,0.6555849313735962,0.1905938982963562,0.9966513514518738
47,12,0.7584225535392761,0.6712167263031006,-0.18090522289276123,0.9995383024215698
47,13,0.6382550001144409,0.5627561807632446,0.24694976210594177,0.08092117309570312
47,14,0.644670844078064,0.5804253220558167,-0.23839791119098663,0.9613455533981323
47,15,0.6059799790382385,0.7205033302307129,0.22364875674247742,0.035220857709646225
47,16,0.6357743740081787,0.7592307925224304,-0.2151254117488861,0.8048632740974426
47,17,0.6111921072006226,0.7442518472671509,0.22420057654380798,0.04526285454630852
47,18,0.6393316984176636,0.7888748049736023,-0.24087420105934143,0.7539886832237244
47,19,0.6199043393135071,0.7548295855522156,0.18985861539840698,0.04571060836315155
47,20,0.6487007737159729,0.7893323302268982,-0.21053583920001984,0.7305439710617065
47,21,0.6160795092582703,0.7482545375823975,0.20562458038330078,0.04670323058962822
47,22,0.6473534107208252,0.7765656113624573,-0.2015811651945114,0.6781928539276123
47,23,0.5241402387619019,0.6600536108016968,0.12866845726966858,0.9747475385665894
47,24,0.5237282514572144,0.6837580800056458,-0.1284627765417099,0.9890780448913574
47,25,0.35267308354377747,0.6740612983703613,0.12194757163524628,0.2077670842409134
47,26,0.34596899151802063,0.6988929510116577,-0.10685460269451141,0.942261815071106
47,27,0.2000054568052292,0.6440504193305969,0.16628170013427734,0.3406330645084381
47,28,0.18054728209972382,0.6656691431999207,-0.08060049265623093,0.9478811621665955
47,29,0.17850571870803833,0.6127601265907288,0.16262860596179962,0.42958319187164307
47,30,0.15218040347099304,0.6327367424964905,-0.08074210584163666,0.9258583188056946
47,31,0.17028698325157166,0.7401999831199646,0.08911636471748352,0.5031777620315552
47,32,0.14771422743797302,0.7700930833816528,-0.16829317808151245,0.9300852417945862
48,0,0.828029990196228,0.7475812435150146,-0.03022644855082035,0.9981604814529419
48,1,0.8417161703109741,0.7264692783355713,-0.010499829426407814,0.99755859375
48,2,0.8417477607727051,0.723295271396637,-0.01054658554494381,0.9980853199958801
48,3,0.8418725728988647,0.7200033664703369,-0.010571521706879139,0.9982753992080688
48,4,0.8418461084365845,0.723763108253479,-0.04829366132616997,0.9969425201416016
48,5,0.8419172167778015,0.7194189429283142,-0.048309456557035446,0.9974100589752197
48,6,0.8419955372810364,0.7148038148880005,-0.048355042934417725,0.9975998401641846
48,7,0.8328930139541626,0.6895188093185425,0.07976971566677094,0.9971783757209778
48,8,0.8321827054023743,0.6862756609916687,-0.08976326137781143,0.9974414706230164
48,9,0.8131729364395142,0.7415822148323059,0.007440892048180103,0.9958420991897583
48,10,0.8133300542831421,0.7387642860412598,-0.041498225182294846,0.9972772598266602
48,11,0.748790442943573,0.6559510827064514,0.18906113505363464,0.9966133236885071
48,12,0.75822514295578,0.6712469458580017,-0.18055684864521027,0.9995281100273132
48,13,0.6382961273193359,0.5627297163009644,0.24640575051307678,0.08128117024898529
48,14,0.6446346044540405,0.5800829529762268,-0.2382858246564865,0.961382269859314
48,15,0.6060332655906677,0.7204819321632385,0.22352489829063416,0.03405003622174263
48,16,0.6362773180007935,0.759169340133667,-0.21471917629241943,0.8034648895263672
48,17,0.6113377213478088,0.7442285418510437,0.22460925579071045,0.04381237551569939
48,18,0.6406081914901733,0.7887336611747742,-0.2400403916835785,0.7516953945159912
48,19,0.6207883954048157,0.7548113465309143,0.19104842841625214,0.04421263188123703
48,20,0.6499471664428711,0.7891928553581238,-0.2098596841096878,0.7279849648475647
48,21,0.6177769303321838,0.7482199668884277,0.2059297114610672,0.04521200805902481
48,22,0.6484566926956177,0.7765308618545532,-0.2012089490890503,0.675337016582489
48,23,0.5241101980209351,0.660248875617981,0.127746120095253,0.9744566679000854
48,24,0.5237595438957214,0.6836344003677368,-0.1275453269481659,0.9889599084854126
48,25,0.35265251994132996,0.6744166612625122,0.11999690532684326,0.2072281539440155
48,26,0.3458957374095917,0.6987721920013428,-0.10656772553920746,0.9427488446235657
48,27,0.19992074370384216,0.6440615653991699,0.16286936402320862,0.3382611572742462
48,28,0.18080714344978333,0.6656404137611389,-0.08048667013645172,0.9481692910194397
48,29,0.17842456698417664,0.6127597093582153,0.15894410014152527,0.42586809396743774
48,30,0.15223665535449982,0.6325837969779968,-0.08064276725053787,0.9258696436882019
48,31,0.16995561122894287,0.7406009435653687,0.08476094901561737,0.5007540583610535
48,32,0.14754937589168549,0.7700586915016174,-0.16820454597473145,0.9305034279823303
49,0,0.8279567956924438,0.7474977374076843,-0.030172765254974365,0.9981570839881897
49,1,0.8416436910629272,0.726290225982666,-0.010462479665875435,0.9975525736808777
49,2,0.8416796922683716,0.723143458366394,-0.010509745217859745,0.9980816841125488
49,3,0.8418130874633789,0.7198795676231384,-0.010535062290728092,0.9982703924179077
49,4,0.8417650461196899,0.72355717420578,-0.04802422970533371,0.9969363212585449
49,5,0.8418334722518921,0.7192063331604004,-0.04803998023271561,0.997401237487793
49,6,0.8419123888015747,0.7145695090293884,-0.04808444902300835,0.9975895881652832
49,7,0.8328801989555359,0.6893464922904968,0.07991673052310944,0.9971703886985779
49,8,0.8321386575698853,0.6860373020172119,-0.08870498090982437,0.9974185824394226
49,9,0.8130769729614258,0.7415748834609985,0.007512100040912628,0.995823323726654
49,10,0.8132478594779968,0.7386918663978577,-0.04124142974615097,0.9972626566886902
49,11,0.7487646341323853,0.6558688879013062,0.18927955627441406,0.9966177344322205
49,12,0.7581566572189331,0.6711384057998657,-0.17820248007774353,0.9995232224464417
49,13,0.6383280158042908,0.5626904964447021,0.24639758467674255,0.0815575048327446
49,14,0.6446020603179932,0.5796077847480774,-0.23258361220359802,0.961533784866333
49,15,0.6066673994064331,0.7204597592353821,0.22316107153892517,0.03317556902766228
49,16,0.6367548704147339,0.7587980628013611,-0.20161612331867218,0.8018941283226013
49,17,0.6123358607292175,0.7441771626472473,0.22410747408866882,0.04272433742880821
49,18,0.6417992115020752,0.7880226373672485,-0.22322924435138702,0.7489959001541138
49,19,0.6219453811645508,0.7547892928123474,0.19087126851081848,0.04309375584125519
49,20,0.6510832905769348,0.7884147763252258,-0.1946648359298706,0.725108802318573
49,21,0.6193008422851562,0.7481896877288818,0.2057146579027176,0.044087741523981094
49,22,0.6494305729866028,0.7761512994766235,-0.1882108747959137,0.672480583190918
49,23,0.5240840315818787,0.6602832078933716,0.1271062195301056,0.974433422088623
49,24,0.5238393545150757,0.6835442781448364,-0.1269111931324005,0.9889426827430725
49,25,0.35263592004776,0.6744725108146667,0.1188979372382164,0.20843498408794403
49,26,0.3458438515663147,0.698698103427887,-0.10642766952514648,0.9433407783508301
49,27,0.19984285533428192,0.6440432071685791,0.16026684641838074,0.3375535011291504
49,28,0.18088744580745697,0.6656281352043152,-0.08055141568183899,0.9484003782272339
49,29,0.1782708317041397,0.6127456426620483,0.1560831069946289,0.423106849193573
49,30,0.1522703468799591,0.6325573325157166,-0.08074233680963516,0.9256870150566101
49,31,0.16956348717212677,0.740664005279541,0.08162127435207367,0.4998202621936798
49,32,0.1473560333251953,0.7700514197349548,-0.16829080879688263,0.9309765100479126
50,0,0.8280513882637024,0.7475993037223816,-0.032935433089733124,0.9981619119644165
50,1,0.8416536450386047,0.7260525822639465,-0.013242555782198906,0.9975575804710388
50,2,0.8416695594787598,0.722905158996582,-0.01328788697719574,0.9980828166007996
50,3,0.8417842984199524,0.7196470499038696,-0.013312381692230701,0.9982709884643555
50,4,0.841751754283905,0.7233352065086365,-0.05075312405824661,0.9969543814659119
50,5,0.84178626537323,0.7189949750900269,-0.050774794071912766,0.9974092245101929
50,6,0.8418415784835815,0.7144008874893188,-0.050820816308259964,0.9976027607917786
50,7,0.8329033851623535,0.6892905235290527,0.07644779980182648,0.9971656203269958
50,8,0.8321231007575989,0.6859678626060486,-0.09150025993585587,0.9974245429039001
50,9,0.8130565881729126,0.7417551875114441,0.0043983468785882,0.9958479404449463
50,10,0.8132189512252808,0.7388200759887695,-0.044151078909635544,0.9972856640815735
50,11,0.7482689619064331,0.6555443406105042,0.1869162619113922,0.9966183304786682
50,12,0.7572725415229797,0.6709354519844055,-0.18013650178909302,0.9995267987251282
50,13,0.6382837891578674,0.5627230405807495,0.24368587136268616,0.08046037703752518
50,14,0.6437603831291199,0.5791773796081543,-0.23274147510528564,0.9622749090194702
50,15,0.6089744567871094,0.7209334373474121,0.20888416469097137,0.03245607390999794
50,16,0.6367518305778503,0.7587420344352722,-0.2006472796201706,0.8042494654655457
50,17,0.6195396780967712,0.7446521520614624,0.20644672214984894,0.04200698062777519
50,18,0.6425514817237854,0.7878648638725281,-0.22290506958961487,0.7508636116981506
50,19,0.6262581944465637,0.7551345229148865,0.17358927428722382,0.042368073016405106
50,20,0.6521312594413757,0.7878952026367188,-0.19498194754123688,0.7269796133041382
50,21,0.6231552958488464,0.7486839890480042,0.1911969929933548,0.04334884136915207
50,22,0.6501529216766357,0.7759905457496643,-0.1874590814113617,0.6741584539413452
50,23,0.5240620374679565,0.6601330041885376,0.1271103322505951,0.9742134809494019
50,24,0.5238243341445923,0.682919979095459,-0.12691499292850494,0.9889557361602783
50,25,0.35284721851348877,0.6744383573532104,0.11901179701089859,0.21036396920681
50,26,0.34595003724098206,0.6987131834030151,-0.10714666545391083,0.9447314739227295
50,27,0.1997741013765335,0.6440408229827881,0.16088080406188965,0.3402089774608612
50,28,0.18085744976997375,0.6654578447341919,-0.08204223215579987,0.9495509266853333
50,29,0.17824113368988037,0.6127409338951111,0.1568615585565567,0.4236702620983124
50,30,0.15218429267406464,0.632172703742981,-0.08261582255363464,0.9262723326683044
50,31,0.1695985347032547,0.7407925128936768,0.0822063758969307,0.5034615993499756
50,32,0.14602860808372498,0.7700482606887817,-0.1717071384191513,0.9323527216911316
51,0,0.8283411264419556,0.7453874349594116,-0.034814633429050446,0.9982171654701233
51,1,0.8418713808059692,0.7207507491111755,-0.01516307145357132,0.9976218938827515
51,2,0.8418313264846802,0.7170448303222656,-0.015210126526653767,0.9981327056884766
51,3,0.841881275177002,0.7130687236785889,-0.015232709236443043,0.9983145594596863
51,4,0.8419478535652161,0.7188787460327148,-0.05242796614766121,0.9970394372940063
51,5,0.8419035077095032,0.7141169905662537,-0.052449457347393036,0.9974790215492249
51,6,0.8418921232223511,0.7091214656829834,-0.05249429866671562,0.9976711869239807
51,7,0.8329146504402161,0.6824257969856262,0.07437310367822647,0.9972277283668518
51,8,0.8321755528450012,0.6817903518676758,-0.09232992678880692,0.9974839091300964
51,9,0.8131338953971863,0.7392880916595459,0.0024469434283673763,0.9959614872932434
51,10,0.8133394122123718,0.7366586327552795,-0.04571980983018875,0.99736487865448
51,11,0.748253583908081,0.6531788110733032,0.18567104637622833,0.9966843128204346
51,12,0.757396936416626,0.6678646802902222,-0.18038547039031982,0.9995400309562683
51,13,0.6364150047302246,0.5616772174835205,0.24081115424633026,0.0797857865691185
51,14,0.6418176293373108,0.5787200331687927,-0.2329064905643463,0.9635830521583557
51,15,0.6109287142753601,0.7198950052261353,0.1953037828207016,0.03253013268113136
51,16,0.6367965936660767,0.758171021938324,-0.20929889380931854,0.8118678331375122
51,17,0.6239726543426514,0.7433773279190063,0.19155940413475037,0.04235736280679703
51,18,0.644102931022644,0.7864037156105042,-0.23556900024414062,0.7592101693153381
51,19,0.6299644708633423,0.7535013556480408,0.1565953940153122,0.0427054800093174
51,20,0.6538625955581665,0.7858850955963135,-0.2089429348707199,0.7357582449913025
51,21,0.626587986946106,0.7475972771644592,0.17666757106781006,0.04364251345396042
51,22,0.6513120532035828,0.7747794389724731,-0.1969279944896698,0.6831416487693787
51,23,0.5239633917808533,0.6551875472068787,0.12689782679080963,0.9744426012039185
51,24,0.5239399671554565,0.6792981624603271,-0.12669506669044495,0.9891485571861267
51,25,0.3531065583229065,0.6737938523292542,0.11880079656839371,0.2125692069530487
51,26,0.3466673493385315,0.6986756920814514,-0.10907944291830063,0.9466412663459778
51,27,0.19845175743103027,0.6440061926841736,0.15963494777679443,0.34387755393981934
51,28,0.18084736168384552,0.6653823256492615,-0.0866895318031311,0.9511051774024963
51,29,0.17549918591976166,0.6124093532562256,0.15516650676727295,0.4243195950984955
51,30,0.15155509114265442,0.631576657295227,-0.08815476298332214,0.927209198474884
51,31,0.16851547360420227,0.7402016520500183,0.08067497611045837,0.5092328190803528
51,32,0.14547327160835266,0.768430233001709,-0.17941154539585114,0.9342753291130066
52,0,0.83097904920578,0.7355068922042847,-0.03948027640581131,0.9982923269271851
52,1,0.8435112237930298,0.7096371650695801,-0.020333288237452507,0.9977177381515503
52,2,0.8432639837265015,0.7061460018157959,-0.020388426259160042,0.9982076287269592
52,3,0.8430631756782532,0.7023731470108032,-0.020413585007190704,0.9983813762664795
52,4,0.8434352874755859,0.7077699303627014,-0.058077819645404816,0.9971606135368347
52,5,0.8431347012519836,0.70301353931427,-0.0581001341342926,0.9975814819335938
52,6,0.8428813815116882,0.6982018947601318,-0.058135151863098145,0.9977685809135437
52,7,0.8329567909240723,0.6714076399803162,0.06824824959039688,0.9973336458206177
52,8,0.8323491215705872,0.6707842350006104,-0.10046589374542236,0.9975771903991699
52,9,0.814322292804718,0.7308953404426575,-0.0024974842090159655,0.9961178302764893
52,10,0.8145240545272827,0.7288542985916138,-0.05123525112867355,0.9974704384803772
52,11,0.747603714466095,0.6434109807014465,0.18047672510147095,0.9967413544654846
52,12,0.7571339011192322,0.6616543531417847,-0.18610879778862,0.9995477199554443
52,13,0.6346648931503296,0.561543345451355,0.23425237834453583,0.07867061346769333
52,14,0.6400817036628723,0.5795453190803528,-0.2334727793931961,0.9638650417327881
52,15,0.6130989789962769,0.714518666267395,0.19033274054527283,0.03259051591157913
52,16,0.636095404624939,0.7542533278465271,-0.20932355523109436,0.816693127155304
52,17,0.6271462440490723,0.7365576028823853,0.18725810945034027,0.04271557182073593
52,18,0.6444708108901978,0.781589686870575,-0.23594596982002258,0.7651476860046387
52,19,0.6345712542533875,0.7455021142959595,0.15259622037410736,0.04307423159480095
52,20,0.6545897722244263,0.7794106602668762,-0.20976515114307404,0.7419865131378174
52,21,0.6289249658584595,0.7401876449584961,0.1718725711107254,0.04395444318652153
52,22,0.6516725420951843,0.7690985798835754,-0.19712606072425842,0.6892460584640503
52,23,0.5238163471221924,0.6453395485877991,0.12602046132087708,0.9750599265098572
52,24,0.5238696336746216,0.673153817653656,-0.12579187750816345,0.9894387722015381
52,25,0.3539680242538452,0.6722392439842224,0.11896736919879913,0.21506287157535553
52,26,0.348771333694458,0.6967303156852722,-0.10890767723321915,0.948392391204834
52,27,0.19900932908058167,0.6438249945640564,0.16016529500484467,0.35153207182884216
52,28,0.18204736709594727,0.6642393469810486,-0.08505139499902725,0.9528123736381531
52,29,0.17519639432430267,0.6121753454208374,0.1557874232530594,0.4298469126224518
52,30,0.1515701562166214,0.6310173273086548,-0.08674665540456772,0.9283534288406372
52,31,0.16783881187438965,0.7400620579719543,0.08128126710653305,0.5192060470581055
52,32,0.14549866318702698,0.76759934425354,-0.17710766196250916,0.9363514184951782
53,0,0.8308932185173035,0.7175254225730896,-0.040518540889024734,0.9984050393104553
53,1,0.8434311747550964,0.6906485557556152,-0.021980062127113342,0.9978645443916321
53,2,0.8431952595710754,0.6872924566268921,-0.022034790366888046,0.9983194470405579
53,3,0.8430015444755554,0.6837523579597473,-0.022056128829717636,0.998482882976532
53,4,0.8433626294136047,0.6888728141784668,-0.060633379966020584,0.9973525404930115
53,5,0.8430980443954468,0.6841802597045898,-0.06066710874438286,0.9977443218231201
53,6,0.8427861928939819,0.678846001625061,-0.0606958270072937,0.9979241490364075
53,7,0.8326811790466309,0.6516202092170715,0.06588713824748993,0.9974895715713501
53,8,0.8318243026733398,0.6510536670684814,-0.1072954386472702,0.9977394938468933
53,9,0.8142913579940796,0.7128344774246216,-0.0036528375931084156,0.9963617324829102
53,10,0.8144895434379578,0.7106300592422485,-0.053475506603717804,0.9976381659507751
53,11,0.7475942969322205,0.6214920282363892,0.1801251769065857,0.9968803524971008
53,12,0.755571722984314,0.6431304812431335,-0.19110113382339478,0.9995689988136292
53,13,0.6319747567176819,0.5606929659843445,0.2354947328567505,0.07806515693664551
53,14,0.6348315477371216,0.5796098709106445,-0.23122549057006836,0.965209424495697
53,15,0.6203775405883789,0.7025632858276367,0.19483739137649536,0.03436646983027458
53,16,0.6353756785392761,0.7489105463027954,-0.18381527066230774,0.8259339332580566
53,17,0.6383620500564575,0.7220610976219177,0.19267717003822327,0.04539606720209122
53,18,0.6455548405647278,0.7748086452484131,-0.20810635387897491,0.7760276794433594
53,19,0.639944314956665,0.7417244911193848,0.15847423672676086,0.045833468437194824
53,20,0.6568787097930908,0.7701285481452942,-0.18634188175201416,0.7536440491676331
53,21,0.6367085576057434,0.7245635986328125,0.1766945719718933,0.04647544398903847
53,22,0.652682900428772,0.7611661553382874,-0.17272064089775085,0.7016669511795044
53,23,0.5233029723167419,0.6337951421737671,0.12538889050483704,0.9757242798805237
53,24,0.5229309797286987,0.6630573868751526,-0.12513789534568787,0.9897598624229431
53,25,0.3538972735404968,0.668576180934906,0.11831486225128174,0.22079986333847046
53,26,0.3486376106739044,0.6910504102706909,-0.11042962223291397,0.9501161575317383
53,27,0.19898435473442078,0.642993688583374,0.15218456089496613,0.362712562084198
53,28,0.18200801312923431,0.6638171076774597,-0.0902538001537323,0.9543165564537048
53,29,0.1747027188539505,0.6118928790092468,0.14680825173854828,0.4386933743953705
53,30,0.1515611708164215,0.6310269832611084,-0.09300936758518219,0.9294866323471069
53,31,0.16789162158966064,0.7390860915184021,0.07524950057268143,0.533442497253418
53,32,0.1461261808872223,0.7667807936668396,-0.18384023010730743,0.9384278059005737
54,0,0.830241322517395,0.6908199191093445,-0.0313071683049202,0.9985070824623108
54,1,0.842734158039093,0.6634249687194824,-0.01326750684529543,0.9979855418205261
54,2,0.8425000905990601,0.6596567034721375,-0.013339834287762642,0.9984171390533447
54,3,0.8423230051994324,0.6555827856063843,-0.013353320769965649,0.9985696077346802
54,4,0.8427448272705078,0.663358211517334,-0.05362212657928467,0.9975098371505737
54,5,0.8425094485282898,0.6597536206245422,-0.0536528043448925,0.9978824853897095
54,6,0.8422524333000183,0.6559129357337952,-0.05370401218533516,0.9980498552322388
54,7,0.8316848874092102,0.6271718144416809,0.07494834065437317,0.9976273775100708
54,8,0.8311174511909485,0.6321007013320923,-0.10638397932052612,0.9978660941123962
54,9,0.813956618309021,0.6864360570907593,0.0061878906562924385,0.9965640306472778
54,10,0.8143638372421265,0.6863426566123962,-0.045892056077718735,0.9977694749832153
54,11,0.7473762631416321,0.5958787798881531,0.1971208155155182,0.9970181584358215
54,12,0.7559383511543274,0.6265665292739868,-0.1908152550458908,0.9995924234390259
54,13,0.6304311156272888,0.5606844425201416,0.2619868814945221,0.07898188382387161
54,14,0.635273814201355,0.5840417742729187,-0.2617819905281067,0.9673667550086975
54,15,0.6257600784301758,0.7010836601257324,0.20870356261730194,0.03777315467596054
54,16,0.6375747919082642,0.7516772150993347,-0.295875608921051,0.8401479721069336
54,17,0.6443213820457458,0.7211960554122925,0.20941570401191711,0.05029561370611191
54,18,0.6517862677574158,0.7764831781387329,-0.3369210362434387,0.7937703728675842
54,19,0.6471897959709167,0.7325800657272339,0.16479411721229553,0.05082542821764946
54,20,0.6640340685844421,0.7712852358818054,-0.3060690760612488,0.7728691697120667
54,21,0.6409255266189575,0.722926914691925,0.18682917952537537,0.05137214437127113
54,22,0.6585114002227783,0.7618151307106018,-0.28399115800857544,0.7234107851982117
54,23,0.5227681994438171,0.6176959276199341,0.12614375352859497,0.976852297782898
54,24,0.5228594541549683,0.6482606530189514,-0.12585553526878357,0.990272581577301
54,25,0.3538941740989685,0.6632570028305054,0.11834798753261566,0.22573567926883698
54,26,0.34870606660842896,0.6815416812896729,-0.1180994063615799,0.9528678059577942
54,27,0.1990777552127838,0.6408595442771912,0.15355266630649567,0.37552523612976074
54,28,0.18199412524700165,0.6596441268920898,-0.10339932143688202,0.957149863243103
54,29,0.1739906519651413,0.6111363172531128,0.1484621912240982,0.45009317994117737
54,30,0.15125377476215363,0.6288283467292786,-0.10702577978372574,0.9330077767372131
54,31,0.1689876765012741,0.7388430833816528,0.07571622729301453,0.5505736470222473
54,32,0.14819452166557312,0.7654063105583191,-0.20111045241355896,0.9421329498291016
55,0,0.8299382925033569,0.6581032872200012,-0.024990832433104515,0.9985930323600769
55,1,0.8421372175216675,0.6336182951927185,-0.0071095312014222145,0.9980944991111755
55,2,0.8418631553649902,0.6305259466171265,-0.007193390280008316,0.9985005855560303
55,3,0.8416351079940796,0.6270615458488464,-0.007218365557491779,0.9986461400985718
55,4,0.8420610427856445,0.633510947227478,-0.04782940447330475,0.9976559281349182
55,5,0.84173983335495,0.6306198835372925,-0.04786984622478485,0.9980069994926453
55,6,0.8414055705070496,0.6273245215415955,-0.04793953523039818,0.9981701374053955
55,7,0.8308538198471069,0.6015805006027222,0.08000542968511581,0.9977369904518127
55,8,0.8301489949226379,0.6063516139984131,-0.10317011922597885,0.9979886412620544
55,9,0.81364905834198,0.6554214954376221,0.012129481881856918,0.996746301651001
55,10,0.813983142375946,0.6558869481086731,-0.04020753502845764,0.9978896379470825
55,11,0.7445961236953735,0.567193329334259,0.20616476237773895,0.9971413612365723
55,12,0.753843367099762,0.6004523634910583,-0.19037531316280365,0.9996144771575928
55,13,0.6267584562301636,0.561531662940979,0.27066653966903687,0.07834567874670029
55,14,0.6319846510887146,0.5841223001480103,-0.2522992789745331,0.9691559076309204
55,15,0.6327005624771118,0.7000675201416016,0.2087063491344452,0.042863696813583374
55,16,0.6392890214920044,0.7521323561668396,-0.28450721502304077,0.8525272607803345
55,17,0.6565738320350647,0.7166553139686584,0.20883245766162872,0.05768725275993347
55,18,0.6563402414321899,0.7768964171409607,-0.29652139544487,0.809098482131958
55,19,0.6604911684989929,0.7251740097999573,0.16513410210609436,0.058446113020181656
55,20,0.6691244840621948,0.7700217962265015,-0.26385918259620667,0.7894139885902405
55,21,0.6504953503608704,0.7208826541900635,0.18702253699302673,0.058462269604206085
55,22,0.6628881692886353,0.7617015242576599,-0.26405245065689087,0.7420108318328857
55,23,0.5211557149887085,0.596743106842041,0.12754735350608826,0.9777979254722595
55,24,0.5219439268112183,0.6293341517448425,-0.12721511721611023,0.9907158017158508
55,25,0.35182684659957886,0.6482963562011719,0.12135825306177139,0.22982530295848846
55,26,0.34675735235214233,0.6733169555664062,-0.12154890596866608,0.9554710984230042
55,27,0.19566769897937775,0.6365383863449097,0.15465755760669708,0.3897799849510193
55,28,0.17887285351753235,0.6568648219108582,-0.10971494764089584,0.9598026871681213
55,29,0.1679408699274063,0.609006404876709,0.14967545866966248,0.4621013104915619
55,30,0.1461857259273529,0.6275234222412109,-0.11433734744787216,0.936396062374115
55,31,0.1700790822505951,0.7365202903747559,0.07685123383998871,0.5686625838279724
55,32,0.14867143332958221,0.7647576332092285,-0.21055416762828827,0.9455612897872925
56,0,0.8283392190933228,0.6240659356117249,-0.016703395172953606,0.9986682534217834
56,1,0.8395949602127075,0.599642813205719,0.001962978858500719,0.9981967210769653
56,2,0.8393195271492004,0.5969724059104919,0.0018791696056723595,0.9985741972923279
56,3,0.8391011953353882,0.5939590930938721,0.0018461719155311584,0.9987156987190247
56,4,0.8393197059631348,0.5984230637550354,-0.039522070437669754,0.9977982044219971
56,5,0.8388927578926086,0.5954593420028687,-0.03957586735486984,0.9981268644332886
56,6,0.8384764790534973,0.59239262342453,-0.03966278210282326,0.9982886910438538
56,7,0.8279992938041687,0.5692821741104126,0.09077627956867218,0.9978235960006714
56,8,0.8268953561782837,0.5715717077255249,-0.09513162821531296,0.9981141090393066
56,9,0.8126052021980286,0.6242803931236267,0.020807476714253426,0.9969124794006348
56,10,0.8126059770584106,0.6228364706039429,-0.032456621527671814,0.9979971051216125
56,11,0.7429550290107727,0.5484653115272522,0.21898970007896423,0.997241735458374
56,12,0.7480137348175049,0.5730847120285034,-0.19010300934314728,0.9996339678764343
56,13,0.6257826089859009,0.561460554599762,0.2746044397354126,0.07658465951681137
56,14,0.6266125440597534,0.5829039812088013,-0.23231513798236847,0.9708532094955444
56,15,0.6337288022041321,0.6974002122879028,0.19850048422813416,0.04826095327734947
56,16,0.639225959777832,0.7521847486495972,-0.19236500561237335,0.8634824752807617
56,17,0.6586617231369019,0.7131614089012146,0.1932925432920456,0.06577322632074356
56,18,0.6582022905349731,0.7777585387229919,-0.21933014690876007,0.8226177096366882
56,19,0.6626337766647339,0.718894362449646,0.1537172496318817,0.06681724637746811
56,20,0.6707407832145691,0.769288957118988,-0.19932451844215393,0.8040533065795898
56,21,0.6519973278045654,0.7161057591438293,0.1769927442073822,0.06624167412519455
56,22,0.663887619972229,0.7611154913902283,-0.18149958550930023,0.7584116458892822
56,23,0.5180139541625977,0.5862655639648438,0.12948021292686462,0.978725016117096
56,24,0.5202160477638245,0.6113978624343872,-0.12916193902492523,0.9910879731178284
56,25,0.3486655056476593,0.6395246982574463,0.12417949736118317,0.2383013218641281
56,26,0.3439611792564392,0.6601007580757141,-0.1262659877538681,0.9575096964836121
56,27,0.1926385462284088,0.63482266664505,0.15526750683784485,0.40828701853752136
56,28,0.17666611075401306,0.6549912095069885,-0.11184801906347275,0.9616888165473938
56,29,0.16454419493675232,0.609004020690918,0.15022049844264984,0.47745710611343384
56,30,0.14415748417377472,0.6276567578315735,-0.1160421371459961,0.9381570816040039
56,31,0.17066442966461182,0.7328474521636963,0.07778966426849365,0.5876694917678833
56,32,0.15025945007801056,0.7595429420471191,-0.21344833076000214,0.9480305314064026
57,0,0.8249799013137817,0.5835134387016296,-0.01336042582988739,0.9987616539001465
57,1,0.8361611366271973,0.5617750287055969,0.004732389934360981,0.9983148574829102
57,2,0.8359376788139343,0.559280276298523,0.004648641217499971,0.9986611008644104
57,3,0.8357905149459839,0.5563672780990601,0.0046181222423911095,0.9987953305244446
57,4,0.8357904553413391,0.5596776008605957,-0.03541179001331329,0.9979607462882996
57,5,0.8353654146194458,0.5563260912895203,-0.035459086298942566,0.998263955116272
57,6,0.8350037336349487,0.5528320074081421,-0.035548873245716095,0.998419463634491
57,7,0.8247359991073608,0.5301454067230225,0.09261675924062729,0.997937023639679
57,8,0.8236706852912903,0.5308476686477661,-0.08659393340349197,0.9982513189315796
57,9,0.8098991513252258,0.5832229256629944,0.023940928280353546,0.9971191883087158
57,10,0.8096590042114258,0.5798935294151306,-0.027702027931809425,0.9981337785720825
57,11,0.7400612831115723,0.5205116271972656,0.2187923640012741,0.9973487257957458
57,12,0.744031548500061,0.5384977459907532,-0.1859930455684662,0.9996576309204102
57,13,0.6239839792251587,0.5587984919548035,0.2706218957901001,0.07756305485963821
57,14,0.6243768930435181,0.573000431060791,-0.23095722496509552,0.9728797674179077
57,15,0.6313241720199585,0.6975235342979431,0.17104461789131165,0.05756918340921402
57,16,0.638771653175354,0.752400279045105,-0.20452408492565155,0.8750191330909729
57,17,0.6528681516647339,0.7119783759117126,0.16299521923065186,0.07851465046405792
57,18,0.6578972935676575,0.7792568802833557,-0.24427621066570282,0.8372066020965576
57,19,0.657314658164978,0.7167531251907349,0.12153923511505127,0.07995513826608658
57,20,0.6698302030563354,0.7689923644065857,-0.22470691800117493,0.8199951648712158
57,21,0.6484554409980774,0.7148555517196655,0.14863775670528412,0.07868803292512894
57,22,0.6629430055618286,0.7607865333557129,-0.19657662510871887,0.7767887115478516
57,23,0.5162233114242554,0.5682893395423889,0.12942571938037872,0.979633629322052
57,24,0.5190733075141907,0.584816038608551,-0.1291133016347885,0.9914785027503967
57,25,0.34656959772109985,0.6272466778755188,0.12811589241027832,0.2507014870643616
57,26,0.34025150537490845,0.6436136960983276,-0.1287924200296402,0.9599332213401794
57,27,0.1921420395374298,0.6346750259399414,0.1622418314218521,0.42983776330947876
57,28,0.17471247911453247,0.6548294425010681,-0.1112285628914833,0.9639326333999634
57,29,0.16481728851795197,0.6091706156730652,0.15792496502399445,0.4956231117248535
57,30,0.14186686277389526,0.6292638778686523,-0.1150386780500412,0.9407390356063843
57,31,0.17221464216709137,0.7315374612808228,0.08880703151226044,0.6086724400520325
57,32,0.15009865164756775,0.7590394616127014,-0.21346919238567352,0.9507752060890198
58,0,0.8237595558166504,0.5893961787223816,-0.008869585581123829,0.998827338218689
58,1,0.8346808552742004,0.5620517134666443,0.008468960411846638,0.9983974695205688
58,2,0.8344714045524597,0.5586653351783752,0.00839773379266262,0.9987171292304993
58,3,0.8343636393547058,0.5547629594802856,0.00837075337767601,0.9988494515419006
58,4,0.8344205617904663,0.560929000377655,-0.031469400972127914,0.9980865120887756
58,5,0.8340423703193665,0.5572272539138794,-0.03151066228747368,0.9983692765235901
58,6,0.8337365388870239,0.5530654191970825,-0.03159366548061371,0.9985241293907166
58,7,0.823246955871582,0.5268323421478271,0.09396572411060333,0.9980016350746155
58,8,0.8226200342178345,0.5297253131866455,-0.08397214114665985,0.9983576536178589
58,9,0.8091707229614258,0.586641252040863,0.027599042281508446,0.9972596764564514
58,10,0.809162974357605,0.5847882628440857,-0.02384723722934723,0.9982345700263977
58,11,0.7399698495864868,0.5168313384056091,0.22114630043506622,0.9973978400230408
58,12,0.7430328130722046,0.5326308608055115,-0.18501797318458557,0.9996777772903442
58,13,0.6244312524795532,0.5538215637207031,0.27020061016082764,0.0770953968167305
58,14,0.6247566342353821,0.5694714784622192,-0.23005321621894836,0.9746514558792114
58,15,0.6335805654525757,0.6931948065757751,0.16620762646198273,0.06296493113040924
58,16,0.6386131048202515,0.7512630820274353,-0.21136946976184845,0.8853375315666199
58,17,0.6574527025222778,0.7072622776031494,0.15732595324516296,0.08628247678279877
58,18,0.6592425107955933,0.7792854309082031,-0.2532411217689514,0.8502757549285889
58,19,0.661063015460968,0.7121670842170715,0.11742882430553436,0.08775948733091354
58,20,0.6691800951957703,0.7660341262817383,-0.23351912200450897,0.834296703338623
58,21,0.6497910022735596,0.7100452184677124,0.14435651898384094,0.08610010892152786
58,22,0.6623294353485107,0.7576234340667725,-0.20391149818897247,0.7932359576225281
58,23,0.5158368945121765,0.562599241733551,0.1295674443244934,0.9803743362426758
58,24,0.5183561444282532,0.5776859521865845,-0.12926101684570312,0.9917906522750854
58,25,0.34669893980026245,0.6263396143913269,0.1284140646457672,0.2572586238384247
58,26,0.3405029773712158,0.6418384313583374,-0.12941709160804749,0.9615806341171265
58,27,0.1934908926486969,0.6316577196121216,0.162226140499115,0.44222426414489746
58,28,0.17499706149101257,0.6515405178070068,-0.11410243809223175,0.9653421640396118
58,29,0.16698883473873138,0.6079241037368774,0.15789902210235596,0.5093200206756592
58,30,0.14227771759033203,0.6284205317497253,-0.11791341006755829,0.9423249363899231
58,31,0.1795276552438736,0.7273816466331482,0.09007687866687775,0.6222901940345764
58,32,0.15441088378429413,0.753922164440155,-0.21418409049510956,0.9525981545448303
59,0,0.8224430084228516,0.5471652150154114,-0.009315842762589455,0.998917281627655
59,1,0.8332871198654175,0.5204492211341858,0.007360231131315231,0.9985141754150391
59,2,0.8329917192459106,0.5180184841156006,0.007288056425750256,0.9988077878952026
59,3,0.8327755928039551,0.5151020288467407,0.007261230610311031,0.9989310503005981
59,4,0.8328729867935181,0.5182894468307495,-0.03144114464521408,0.9982395768165588
59,5,0.8323341608047485,0.5150001049041748,-0.031482040882110596,0.9985016584396362
59,6,0.8318637013435364,0.5114794969558716,-0.031564727425575256,0.99864661693573
59,7,0.8206548690795898,0.4922371208667755,0.09249736368656158,0.9981376528739929
59,8,0.8199040293693542,0.49225202202796936,-0.07992066442966461,0.998491108417511
59,9,0.807511031627655,0.5498064160346985,0.02687470056116581,0.9974708557128906
59,10,0.807122528553009,0.5465070009231567,-0.02293005958199501,0.9983723759651184
59,11,0.7358431816101074,0.49699804186820984,0.22057151794433594,0.9974939823150635
59,12,0.7391864061355591,0.506698727607727,-0.18219998478889465,0.9997010231018066
59,13,0.6225283741950989,0.5482672452926636,0.2705303132534027,0.08108974993228912
59,14,0.6240023374557495,0.5611181259155273,-0.22259370982646942,0.976363480091095
59,15,0.6333585977554321,0.6933543086051941,0.17272993922233582,0.06911207735538483
59,16,0.6367987990379333,0.750568151473999,-0.21881191432476044,0.8950616717338562
59,17,0.6563923358917236,0.708149790763855,0.16608166694641113,0.0936359167098999
59,18,0.6588045954704285,0.7775939106941223,-0.2633945345878601,0.8626793622970581
59,19,0.6582316756248474,0.7119765281677246,0.12526747584342957,0.09534191340208054
59,20,0.6672414541244507,0.7625714540481567,-0.24171197414398193,0.8478754758834839
59,21,0.6470173597335815,0.7094140648841858,0.1510275900363922,0.09359048306941986
59,22,0.6583266258239746,0.75473952293396,-0.21115779876708984,0.8090869188308716
59,23,0.5128750801086426,0.5446922779083252,0.12789206206798553,0.9813693761825562
59,24,0.5162991285324097,0.5540046095848083,-0.12760208547115326,0.9922399520874023
59,25,0.3455551564693451,0.6225202083587646,0.12454745918512344,0.26419228315353394
59,26,0.3398172855377197,0.6307126879692078,-0.12882347404956818,0.9635378122329712
59,27,0.19101473689079285,0.6312714219093323,0.15795853734016418,0.4560844898223877
59,28,0.1737893521785736,0.6485615372657776,-0.11513729393482208,0.9670863747596741
59,29,0.1625356376171112,0.6075373291969299,0.15411947667598724,0.5220009088516235
59,30,0.13933895528316498,0.6267328262329102,-0.11914105713367462,0.944270133972168
59,31,0.17867842316627502,0.7274537682533264,0.08840686827898026,0.6377711892127991
59,32,0.15296441316604614,0.7542634606361389,-0.21595123410224915,0.9548828601837158
60,0,0.8213502764701843,0.501358151435852,-0.01631999760866165,0.9990088939666748
60,1,0.8313319087028503,0.47717124223709106,-0.002600530395284295,0.9986330270767212
60,2,0.830957293510437,0.47500261664390564,-0.0026805787347257137,0.9989015460014343
60,3,0.8306331634521484,0.472253680229187,-0.002705751918256283,0.9990150928497314
60,4,0.8307186961174011,0.47433391213417053,-0.0391034260392189,0.9983916282653809
60,5,0.8299826383590698,0.470966637134552,-0.039153214544057846,0.9986329078674316
60,6,0.8292739987373352,0.4673030376434326,-0.03924272954463959,0.9987663626670837
60,7,0.8176948428153992,0.44998878240585327,0.07766997069120407,0.9982826113700867
60,8,0.8160955309867859,0.4457383453845978,-0.08393697440624237,0.9986218214035034
60,9,0.8061363101005554,0.5054541826248169,0.0185676421970129,0.997686505317688
60,10,0.8053337931632996,0.5012810230255127,-0.02822089195251465,0.9985122680664062
60,11,0.7311147451400757,0.4707005023956299,0.20934781432151794,0.9975945353507996
60,12,0.7356747984886169,0.4724816083908081,-0.18308119475841522,0.9997236728668213
60,13,0.6222351789474487,0.5374977588653564,0.2583235502243042,0.0869075134396553
60,14,0.6245846748352051,0.553128719329834,-0.22276751697063446,0.9780789017677307
60,15,0.6279447674751282,0.6928892731666565,0.16182628273963928,0.07602289319038391
60,16,0.6340398788452148,0.7507031559944153,-0.22293218970298767,0.9038890600204468
60,17,0.6474555134773254,0.7089676260948181,0.15563026070594788,0.10107306391000748
60,18,0.6557424664497375,0.7771016359329224,-0.26691949367523193,0.8738410472869873
60,19,0.6507725715637207,0.7129887342453003,0.11395728588104248,0.10321779549121857
60,20,0.6621174812316895,0.7631698846817017,-0.24559727311134338,0.8600762486457825
60,21,0.6418567895889282,0.7097956538200378,0.1401020586490631,0.1013273298740387
60,22,0.6530810594558716,0.7552540302276611,-0.21525518596172333,0.8232508897781372
60,23,0.5095024704933167,0.5304328203201294,0.12090764939785004,0.9823931455612183
60,24,0.5122976303100586,0.5295571684837341,-0.12065758556127548,0.9927094578742981
60,25,0.34565430879592896,0.6180778741836548,0.10896722227334976,0.275786429643631
60,26,0.3387001156806946,0.6182466149330139,-0.12461485713720322,0.9656925201416016
60,27,0.1871604025363922,0.6319813132286072,0.14321185648441315,0.47395116090774536
60,28,0.16823215782642365,0.648436427116394,-0.11302091181278229,0.9689785242080688
60,29,0.15933331847190857,0.6092902421951294,0.1400781124830246,0.5355991125106812
60,30,0.13624978065490723,0.6262388229370117,-0.116480752825737,0.9462588429450989
60,31,0.1780688613653183,0.7276827692985535,0.07394422590732574,0.6562311053276062
60,32,0.15273310244083405,0.7551335692405701,-0.2133435755968094,0.9573519825935364
61,0,0.819183349609375,0.46516868472099304,-0.023446712642908096,0.9990903735160828
61,1,0.8283499479293823,0.44014084339141846,-0.011639920063316822,0.9987362027168274
61,2,0.8280755877494812,0.43833625316619873,-0.011710703372955322,0.998981237411499
61,3,0.8278328776359558,0.4359864592552185,-0.011729739606380463,0.9990860819816589
61,4,0.8273833990097046,0.43590304255485535,-0.04607613384723663,0.9985277652740479
61,5,0.8265109062194824,0.4319917559623718,-0.0461241714656353,0.9987500905990601
61,6,0.8256255984306335,0.4276009500026703,-0.04621317237615585,0.998873233795166
61,7,0.8141187429428101,0.41324183344841003,0.06619242578744888,0.9984066486358643
61,8,0.8110339045524597,0.4039852023124695,-0.08652514964342117,0.9987384080886841
61,9,0.8045792579650879,0.47083455324172974,0.010687821544706821,0.9978797435760498
61,10,0.8029997944831848,0.4643181562423706,-0.03339352086186409,0.9986383318901062
61,11,0.7286957502365112,0.44948524236679077,0.19247159361839294,0.9976481199264526
61,12,0.7319580316543579,0.4397015869617462,-0.1828271448612213,0.9997424483299255
61,13,0.6242482662200928,0.5327094793319702,0.24470193684101105,0.0950322151184082
61,14,0.6264179348945618,0.5513872504234314,-0.21423974633216858,0.979454517364502
61,15,0.626480221748352,0.6933961510658264,0.1648702323436737,0.08636436611413956
61,16,0.6310620307922363,0.7493879795074463,-0.198353573679924,0.9110708832740784
61,17,0.643240213394165,0.7095392942428589,0.15983846783638,0.11131998151540756
61,18,0.6503008008003235,0.7724958062171936,-0.23400697112083435,0.8827999234199524
61,19,0.6481055021286011,0.7131288051605225,0.11966588348150253,0.11412756890058517
61,20,0.6566319465637207,0.7621064186096191,-0.2180279791355133,0.8698208928108215
61,21,0.6394453644752502,0.7108373641967773,0.1440279483795166,0.11230852454900742
61,22,0.6483899354934692,0.7542492151260376,-0.1913156658411026,0.8343979716300964
61,23,0.5069690942764282,0.5203887224197388,0.11065696179866791,0.9833119511604309
61,24,0.5078152418136597,0.5072621703147888,-0.11049409210681915,0.9931190609931946
61,25,0.34565481543540955,0.6114724278450012,0.10442863404750824,0.2909005880355835
61,26,0.3371768593788147,0.6015275716781616,-0.1159764975309372,0.9669771194458008
61,27,0.1877402365207672,0.6329904198646545,0.13946077227592468,0.49308112263679504
61,28,0.16662326455116272,0.646344780921936,-0.09940119087696075,0.9699193835258484
61,29,0.16023434698581696,0.6116759181022644,0.1369536817073822,0.551583468914032
61,30,0.13584573566913605,0.6256239414215088,-0.1031080037355423,0.9468954801559448
61,31,0.17839962244033813,0.7302461266517639,0.07337258756160736,0.6729117035865784
61,32,0.1525956690311432,0.7569941282272339,-0.19914616644382477,0.9585915207862854
62,0,0.81444251537323,0.43381813168525696,-0.021181756630539894,0.9991552233695984
62,1,0.8228934407234192,0.4052105247974396,-0.009842772968113422,0.9988179802894592
62,2,0.8225533366203308,0.4031536877155304,-0.00991063378751278,0.9990413784980774
62,3,0.8222543597221375,0.400571346282959,-0.00992444809526205,0.9991418123245239
62,4,0.8219178915023804,0.40172263979911804,-0.04506867751479149,0.9986447691917419
62,5,0.8209559321403503,0.3978644907474518,-0.04512934759259224,0.9988502264022827
62,6,0.8199563026428223,0.3933132290840149,-0.0452248677611351,0.99896639585495
62,7,0.8077826499938965,0.3782837390899658,0.06885920464992523,0.9985036849975586
62,8,0.8043900728225708,0.36986589431762695,-0.08808863908052444,0.9988396167755127
62,9,0.8001206517219543,0.43959736824035645,0.012445051223039627,0.9980405569076538
62,10,0.7980119585990906,0.4337843060493469,-0.03297419846057892,0.9987434148788452
62,11,0.7239166498184204,0.4160418212413788,0.19259431958198547,0.997651994228363
62,12,0.7249809503555298,0.41703301668167114,-0.1858145296573639,0.9997578263282776
62,13,0.6311554908752441,0.5244727730751038,0.24446925520896912,0.0995493233203888
62,14,0.6312371492385864,0.5497559309005737,-0.20739373564720154,0.9806875586509705
62,15,0.6266630291938782,0.6934296488761902,0.16296109557151794,0.09158939868211746
62,16,0.6307621598243713,0.7495025396347046,-0.15483587980270386,0.9170086979866028
62,17,0.6433663368225098,0.7126169204711914,0.15931351482868195,0.11630717664957047
62,18,0.6489979028701782,0.7728584408760071,-0.18645140528678894,0.8900744318962097
62,19,0.6490186452865601,0.7148618698120117,0.11985713243484497,0.1195497065782547
62,20,0.655958354473114,0.7630849480628967,-0.16709335148334503,0.8776295185089111
62,21,0.6408429741859436,0.7122917771339417,0.14243295788764954,0.11839528381824493
62,22,0.6485285758972168,0.7553859353065491,-0.14560922980308533,0.8430531620979309
62,23,0.503253161907196,0.5035596489906311,0.11273099482059479,0.9840239882469177
62,24,0.5016708374023438,0.49608755111694336,-0.11255039274692535,0.99343341588974
62,25,0.34527820348739624,0.5978573560714722,0.10566665232181549,0.3038429617881775
62,26,0.33562004566192627,0.5949842929840088,-0.11622587591409683,0.9685505628585815
62,27,0.18785369396209717,0.6330984830856323,0.14108595252037048,0.512734591960907
62,28,0.16445718705654144,0.6456609964370728,-0.09949652850627899,0.9711906313896179
62,29,0.16085633635520935,0.6117275357246399,0.13768813014030457,0.5696064233779907
62,30,0.135123148560524,0.6256340742111206,-0.10315027087926865,0.9483068585395813
62,31,0.17988784611225128,0.7317900061607361,0.08134928345680237,0.6894304156303406
62,32,0.152497798204422,0.7627949118614197,-0.19919458031654358,0.9600923657417297
63,0,0.8090808987617493,0.4008869528770447,-0.020004022866487503,0.9992202520370483
63,1,0.8168483972549438,0.3727303743362427,-0.009520750492811203,0.9989004731178284
63,2,0.816512405872345,0.37109827995300293,-0.009594088420271873,0.9991040825843811
63,3,0.8162305951118469,0.36892029643058777,-0.009612301364541054,0.9991998672485352
63,4,0.81565922498703,0.3682403862476349,-0.04423089697957039,0.9987561702728271
63,5,0.814507782459259,0.3638659119606018,-0.044287923723459244,0.9989455342292786
63,6,0.8132648468017578,0.35862281918525696,-0.04438905417919159,0.9990538954734802
63,7,0.8018203973770142,0.34817278385162354,0.06995626538991928,0.9986088871955872
63,8,0.7970216274261475,0.33604446053504944,-0.08817344158887863,0.9989345669746399
63,9,0.7949453592300415,0.40827852487564087,0.013020058162510395,0.9981982707977295
63,10,0.7920259237289429,0.4012293517589569,-0.03227106109261513,0.9988442063331604
63,11,0.7176885604858398,0.39362001419067383,0.19309201836585999,0.9977121949195862
63,12,0.7191042900085449,0.3843245506286621,-0.18443621695041656,0.9997722506523132
63,13,0.6322947144508362,0.5111796259880066,0.24502214789390564,0.10793197900056839
63,14,0.635177493095398,0.5373353958129883,-0.20679576694965363,0.9818574786186218
63,15,0.6266272664070129,0.6916735768318176,0.1662101298570633,0.10138062387704849
63,16,0.6309305429458618,0.7491567134857178,-0.17330488562583923,0.9229256510734558
63,17,0.6432181596755981,0.712139368057251,0.1621154248714447,0.12499333173036575
63,18,0.6490426659584045,0.7717297077178955,-0.20681039988994598,0.8973646759986877
63,19,0.6488286256790161,0.7157968878746033,0.12265397608280182,0.12901079654693604
63,20,0.6562045216560364,0.7632504105567932,-0.18734939396381378,0.8855742812156677
63,21,0.6411141753196716,0.7128781676292419,0.14565342664718628,0.12806403636932373
63,22,0.6488715410232544,0.7555797100067139,-0.1646459996700287,0.8521034717559814
63,23,0.5021549463272095,0.49409034848213196,0.10751573741436005,0.9849310517311096
63,24,0.498586505651474,0.4715518057346344,-0.10735026746988297,0.9937748908996582
63,25,0.3451276123523712,0.5919923186302185,0.09028858691453934,0.3123805522918701
63,26,0.3346728980541229,0.5860132575035095,-0.11301787942647934,0.9684625864028931
63,27,0.18716362118721008,0.6342713832855225,0.11763457953929901,0.5243905186653137
63,28,0.16268612444400787,0.6458107829093933,-0.09958307445049286,0.9707556962966919
63,29,0.1607857048511505,0.6137087345123291,0.11469949781894684,0.5798099040985107
63,30,0.13371838629245758,0.6264845132827759,-0.10340126603841782,0.9476581811904907
63,31,0.17951998114585876,0.7321569919586182,0.04955447465181351,0.7007091641426086
63,32,0.1505628079175949,0.7634954452514648,-0.1999756395816803,0.9599142074584961
64,0,0.7984892725944519,0.3726732134819031,-0.020065929740667343,0.9992771744728088
64,1,0.8071057200431824,0.34697166085243225,-0.010142098180949688,0.9989687204360962
64,2,0.8071165084838867,0.3452082574367523,-0.010216744616627693,0.9991542100906372
64,3,0.8071893453598022,0.34297844767570496,-0.01024402305483818,0.9992464184761047
64,4,0.8057681322097778,0.3422948122024536,-0.04443357512354851,0.9988523125648499
64,5,0.8048906326293945,0.33810678124427795,-0.04448210820555687,0.999028205871582
64,6,0.8040026426315308,0.3333382308483124,-0.04457448050379753,0.9991293549537659
64,7,0.7949190139770508,0.3210107088088989,0.06297086179256439,0.9986951947212219
64,8,0.7899413108825684,0.31041887402534485,-0.08879785239696503,0.9990159273147583
64,9,0.7854064702987671,0.3787762224674225,0.012330529280006886,0.9983400702476501
64,10,0.7823923826217651,0.372094988822937,-0.03233145922422409,0.9989328384399414
64,11,0.7111908793449402,0.36272674798965454,0.18395258486270905,0.9977868795394897
64,12,0.7128862142562866,0.3576744496822357,-0.18325963616371155,0.9997843503952026
64,13,0.6378954648971558,0.49967965483665466,0.2341628521680832,0.11915066838264465
64,14,0.6453120112419128,0.5295538902282715,-0.20527291297912598,0.9830286502838135
64,15,0.6265390515327454,0.6900649070739746,0.16818775236606598,0.11085900664329529
64,16,0.6310359835624695,0.74906325340271,-0.17042626440525055,0.928322970867157
64,17,0.6428300142288208,0.7115472555160522,0.16350486874580383,0.13211700320243835
64,18,0.6474867463111877,0.7718261480331421,-0.2028648406267166,0.9038734436035156
64,19,0.6479538679122925,0.7160001397132874,0.12401790916919708,0.13662394881248474
64,20,0.6544551849365234,0.764056384563446,-0.18467170000076294,0.8926580548286438
64,21,0.6406275033950806,0.7119106650352478,0.14761559665203094,0.13647331297397614
64,22,0.6479336023330688,0.7559223771095276,-0.16227735579013824,0.8603291511535645
64,23,0.5016087293624878,0.47852960228919983,0.10043134540319443,0.9857416152954102
64,24,0.49696841835975647,0.45491379499435425,-0.10035896301269531,0.9940126538276672
64,25,0.3444419503211975,0.5830861330032349,0.08368287980556488,0.3206747770309448
64,26,0.33413243293762207,0.5787492394447327,-0.10614343732595444,0.9664284586906433
64,27,0.18618132174015045,0.6351937055587769,0.10794690996408463,0.5318821668624878
64,28,0.16340969502925873,0.644551157951355,-0.09517192095518112,0.9688071012496948
64,29,0.1592349410057068,0.6181010007858276,0.10527931153774261,0.5895945429801941
64,30,0.13403579592704773,0.6267092227935791,-0.09894271194934845,0.9462146759033203
64,31,0.17926838994026184,0.7326254844665527,0.03952518850564957,0.7071425318717957
64,32,0.15055525302886963,0.7624076008796692,-0.19259658455848694,0.95795077085495
65,0,0.7962431311607361,0.35332968831062317,-0.027748962864279747,0.9993230700492859
65,1,0.8042376637458801,0.3281043469905853,-0.0188568364828825,0.9990179538726807
65,2,0.8041074872016907,0.32698673009872437,-0.018948771059513092,0.9991883635520935
65,3,0.804018497467041,0.3254457414150238,-0.019004834815859795,0.9992796778678894
65,4,0.8024988174438477,0.32282382249832153,-0.05277654528617859,0.9989311695098877
65,5,0.8011150360107422,0.3182380795478821,-0.05279875919222832,0.9990967512130737
65,6,0.7997065186500549,0.3132260739803314,-0.05286060646176338,0.9991918802261353
65,7,0.7900641560554504,0.3043385446071625,0.051890093833208084,0.998762845993042
65,8,0.7839222550392151,0.2901870310306549,-0.09824377298355103,0.9990828633308411
65,9,0.781450629234314,0.36121827363967896,0.004076006822288036,0.998461902141571
65,10,0.7782803177833557,0.35437440872192383,-0.039697401225566864,0.9990060329437256
65,11,0.7071142196655273,0.3523748517036438,0.17241814732551575,0.9978184103965759
65,12,0.7047898173332214,0.33972346782684326,-0.18598027527332306,0.9997869729995728
65,13,0.6427736282348633,0.5044344663619995,0.22533674538135529,0.13073936104774475
65,14,0.6519321203231812,0.5331166386604309,-0.20661167800426483,0.9839176535606384
65,15,0.6295518279075623,0.693640947341919,0.1693706214427948,0.1169636994600296
65,16,0.6336532831192017,0.7491124272346497,-0.177480548620224,0.9323562383651733
65,17,0.6453503370285034,0.7139663696289062,0.163961261510849,0.135607048869133
65,18,0.6483115553855896,0.7716596722602844,-0.21012389659881592,0.9084841012954712
65,19,0.6486459970474243,0.7174568176269531,0.12436427921056747,0.14056606590747833
65,20,0.6547082662582397,0.7642369866371155,-0.18782766163349152,0.897629976272583
65,21,0.6411398649215698,0.7138413190841675,0.14880642294883728,0.1414928138256073
65,22,0.6482188105583191,0.7561089396476746,-0.16790412366390228,0.8658804297447205
65,23,0.49900680780410767,0.4717121124267578,0.09692306816577911,0.9864614009857178
65,24,0.49257034063339233,0.4415711760520935,-0.09686630219221115,0.9941564202308655
65,25,0.3442949652671814,0.5807467103004456,0.07994990050792694,0.32871270179748535
65,26,0.33319607377052307,0.5712436437606812,-0.10058947652578354,0.9641215801239014
65,27,0.18525508046150208,0.6362885236740112,0.10109446197748184,0.5419452786445618
65,28,0.16331999003887177,0.6445305943489075,-0.09199152886867523,0.9671632647514343
65,29,0.15783724188804626,0.6219605803489685,0.09836291521787643,0.5995791554450989
65,30,0.13389374315738678,0.6288005709648132,-0.09622065722942352,0.9447804689407349
65,31,0.17980961501598358,0.7326932549476624,0.03227512910962105,0.7152900099754333
65,32,0.15232782065868378,0.7609601616859436,-0.19000980257987976,0.9562780261039734
66,0,0.7907857894897461,0.3440707325935364,-0.0345291942358017,0.9993306398391724
66,1,0.7995565533638,0.3187171220779419,-0.024756036698818207,0.9989972114562988
66,2,0.7995476126670837,0.31724223494529724,-0.02484806254506111,0.9991586208343506
66,3,0.7995479106903076,0.3153088092803955,-0.024904955178499222,0.9992637634277344
66,4,0.7976788282394409,0.3141162097454071,-0.06011994555592537,0.9989616274833679
66,5,0.7963548898696899,0.30990830063819885,-0.060142308473587036,0.9991245269775391
66,6,0.7949620485305786,0.3051530420780182,-0.06020864099264145,0.9992206692695618
66,7,0.7849538922309875,0.29253536462783813,0.047257933765649796,0.9987480044364929
66,8,0.7795075178146362,0.28276437520980835,-0.10931915044784546,0.9991008639335632
66,9,0.776032030582428,0.35079026222229004,-0.00226085027679801,0.9985114336013794
66,10,0.7723835706710815,0.34422335028648376,-0.04778989776968956,0.9990271329879761
66,11,0.7028116583824158,0.34053629636764526,0.1682252287864685,0.9977331757545471
66,12,0.6975743770599365,0.33209583163261414,-0.19478213787078857,0.9997762441635132
66,13,0.6473232507705688,0.5080150365829468,0.20883166790008545,0.1384919434785843
66,14,0.6559752225875854,0.5349616408348083,-0.2145494520664215,0.9843156933784485
66,15,0.6330221891403198,0.6951000094413757,0.14984235167503357,0.12185988575220108
66,16,0.6352192759513855,0.748159646987915,-0.18071560561656952,0.9347443580627441
66,17,0.6491056680679321,0.7166979312896729,0.14871148765087128,0.1382375806570053
66,18,0.6509907841682434,0.770318329334259,-0.21217770874500275,0.9109841585159302
66,19,0.6502441167831421,0.7212845683097839,0.11038129031658173,0.14339962601661682
66,20,0.655945360660553,0.7643042802810669,-0.19026143848896027,0.9001578092575073
66,21,0.6418249607086182,0.7171590924263,0.13021215796470642,0.1450996696949005
66,22,0.6484233736991882,0.7561618089675903,-0.16984860599040985,0.8681499361991882
66,23,0.4947455823421478,0.4566674828529358,0.09886159747838974,0.9868348240852356
66,24,0.48673081398010254,0.4316409230232239,-0.09878607094287872,0.9940913319587708
66,25,0.34387415647506714,0.5734671950340271,0.08623914420604706,0.3319580554962158
66,26,0.3319283127784729,0.5678989887237549,-0.10086415708065033,0.9618082642555237
66,27,0.1849781572818756,0.6365111470222473,0.111541748046875,0.5474414229393005
66,28,0.1629473716020584,0.6449349522590637,-0.08845324069261551,0.9647696614265442
66,29,0.15808215737342834,0.6227511763572693,0.10795072466135025,0.6047536134719849
66,30,0.13369473814964294,0.6317523717880249,-0.09268533438444138,0.9423032999038696
66,31,0.18023987114429474,0.7327479124069214,0.039698876440525055,0.7197605967521667
66,32,0.1537373960018158,0.7655835747718811,-0.18853408098220825,0.9536434412002563
67,0,0.7905611395835876,0.34140869975090027,-0.0348081961274147,0.999343752861023
67,1,0.7985560894012451,0.3117106854915619,-0.02423911727964878,0.9989910125732422
67,2,0.7982973456382751,0.3095880150794983,-0.024317117407917976,0.9991446733474731
67,3,0.7979539632797241,0.3069388270378113,-0.024367181584239006,0.9992592930793762
67,4,0.7966963052749634,0.3084382712841034,-0.06081119924783707,0.999001145362854
67,5,0.7951824069023132,0.3046196699142456,-0.06083444505929947,0.9991597533226013
67,6,0.7935819625854492,0.3002760112285614,-0.060890696942806244,0.999254584312439
67,7,0.7806123495101929,0.2841109037399292,0.04946883022785187,0.9987492561340332
67,8,0.7770479917526245,0.2794596254825592,-0.11257486045360565,0.9991287589073181
67,9,0.7755836248397827,0.3495289385318756,-0.0018534682458266616,0.9985678791999817
67,10,0.7721213102340698,0.34483715891838074,-0.048820897936820984,0.9990577101707458
67,11,0.6976242661476135,0.3365534842014313,0.17286285758018494,0.9975489377975464
67,12,0.6938470602035522,0.3293997049331665,-0.19992771744728088,0.9997645020484924
67,13,0.647580087184906,0.5099353194236755,0.20926228165626526,0.14258864521980286
67,14,0.6551024913787842,0.5326597690582275,-0.23084525763988495,0.9844892024993896
67,15,0.6342492699623108,0.7032244205474854,0.1419740468263626,0.12357830256223679
67,16,0.6356878280639648,0.7477933168411255,-0.20143041014671326,0.9357319474220276
67,17,0.6502199172973633,0.7259523272514343,0.1425841897726059,0.13817542791366577
67,18,0.6509885191917419,0.7703564763069153,-0.23960170149803162,0.9117255806922913
67,19,0.6507056355476379,0.733205258846283,0.10356871038675308,0.1434013992547989
67,20,0.6557877063751221,0.7648704648017883,-0.21642732620239258,0.9004592299461365
67,21,0.6422077417373657,0.7275428175926208,0.12198629230260849,0.14584662020206451
67,22,0.6481879949569702,0.7568056583404541,-0.192191019654274,0.8671566247940063
67,23,0.488980233669281,0.4495491087436676,0.10059386491775513,0.9871243834495544
67,24,0.48367196321487427,0.433258593082428,-0.10047940164804459,0.9940652847290039
67,25,0.34240418672561646,0.5678650140762329,0.09910539537668228,0.3364053964614868
67,26,0.3299543857574463,0.563590943813324,-0.10093033313751221,0.9618799686431885
67,27,0.1854938417673111,0.6347379684448242,0.14396248757839203,0.5585563778877258
67,28,0.16319260001182556,0.6446717381477356,-0.07914145290851593,0.9650213122367859
67,29,0.15824800729751587,0.6219311952590942,0.14400455355644226,0.6161606907844543
67,30,0.13354724645614624,0.6317175030708313,-0.08282637596130371,0.9429541826248169
67,31,0.18014121055603027,0.7324393391609192,0.07978726923465729,0.7277902364730835
67,32,0.15418268740177155,0.765545666217804,-0.18276339769363403,0.9534498453140259
68,0,0.7888816595077515,0.33862394094467163,-0.03372040018439293,0.9993703365325928
68,1,0.7963898181915283,0.3088756203651428,-0.022526491433382034,0.9990209937095642
68,2,0.7960270643234253,0.30668407678604126,-0.02260143682360649,0.9991641640663147
68,3,0.7955838441848755,0.30406835675239563,-0.022647585719823837,0.9992823600769043
68,4,0.7946447134017944,0.3056242763996124,-0.05918634682893753,0.9990566968917847
68,5,0.7931417226791382,0.30175483226776123,-0.05921204760670662,0.9992069005966187
68,6,0.7915765047073364,0.29739516973495483,-0.0592677965760231,0.9992992877960205
68,7,0.778664231300354,0.28221002221107483,0.051875412464141846,0.9987896680831909
68,8,0.7757588028907776,0.2775214612483978,-0.11064711958169937,0.9991729855537415
68,9,0.7742260694503784,0.3465510606765747,-0.00047465795069001615,0.9986456632614136
68,10,0.7711250185966492,0.3426160216331482,-0.047589510679244995,0.9991027116775513
68,11,0.6941428780555725,0.33083266019821167,0.17570190131664276,0.997505784034729
68,12,0.6922762393951416,0.32897982001304626,-0.1985764056444168,0.9997634291648865
68,13,0.6485787034034729,0.5114482641220093,0.2070757895708084,0.148534893989563
68,14,0.654212474822998,0.531220018863678,-0.23063591122627258,0.9848288297653198
68,15,0.6348574757575989,0.7047589421272278,0.1405063420534134,0.12655185163021088
68,16,0.6357195377349854,0.7482745051383972,-0.19193917512893677,0.9373526573181152
68,17,0.6518518924713135,0.7275288701057434,0.14218845963478088,0.13895943760871887
68,18,0.651628851890564,0.7716110944747925,-0.23146295547485352,0.9132840633392334
68,19,0.6518111824989319,0.7351140379905701,0.1035863608121872,0.14406976103782654
68,20,0.6560152173042297,0.7664515972137451,-0.2058396339416504,0.9017090797424316
68,21,0.642634928226471,0.7302619218826294,0.12098656594753265,0.1472330093383789
68,22,0.648285984992981,0.7583848834037781,-0.18229012191295624,0.8677257895469666
68,23,0.48430079221725464,0.43784958124160767,0.10165417194366455,0.9875538945198059
68,24,0.48119840025901794,0.4318923056125641,-0.10151036083698273,0.9941242933273315
68,25,0.3384290635585785,0.5610409379005432,0.11090602725744247,0.3406243324279785
68,26,0.3269053101539612,0.560628354549408,-0.09894626587629318,0.9616992473602295
68,27,0.18562382459640503,0.6306179761886597,0.15681229531764984,0.5685544610023499
68,28,0.1633385419845581,0.6428788304328918,-0.07122742384672165,0.9648498892784119
68,29,0.1572946459054947,0.6208482384681702,0.15705686807632446,0.6275138258934021
68,30,0.13300831615924835,0.6314852237701416,-0.07431336492300034,0.9432727098464966
68,31,0.18036222457885742,0.7291341423988342,0.09508161246776581,0.7341040968894958
68,32,0.15874210000038147,0.7614145278930664,-0.1725844442844391,0.9528355598449707
69,0,0.7864475846290588,0.3405385911464691,-0.03320614621043205,0.9993916153907776
69,1,0.7941303253173828,0.31108638644218445,-0.0222230963408947,0.9990360140800476
69,2,0.79375159740448,0.30864807963371277,-0.022292420268058777,0.9991705417633057
69,3,0.7933183312416077,0.30598437786102295,-0.022335490211844444,0.999293327331543
69,4,0.7924515008926392,0.3081441819667816,-0.0588366761803627,0.9991018772125244
69,5,0.790955126285553,0.3039807975292206,-0.05886490270495415,0.9992483854293823
69,6,0.789363443851471,0.2993283271789551,-0.05892376974225044,0.9993389844894409
69,7,0.776900053024292,0.28301534056663513,0.05110104754567146,0.9988071918487549
69,8,0.7738230228424072,0.2776157259941101,-0.11067488044500351,0.9992112517356873
69,9,0.7714831829071045,0.34653469920158386,-1.7967737221624702e-05,0.9987094402313232
69,10,0.7687925100326538,0.3422599732875824,-0.04714708775281906,0.9991438388824463
69,11,0.6924656629562378,0.3329097032546997,0.17510703206062317,0.9974318146705627
69,12,0.6902664303779602,0.3290461599826813,-0.19767357409000397,0.9997662305831909
69,13,0.6474015712738037,0.5145826935768127,0.20832690596580505,0.1553940325975418
69,14,0.6534374952316284,0.5315916538238525,-0.2291807234287262,0.9853094816207886
69,15,0.6346436738967896,0.7080954909324646,0.14599427580833435,0.13245882093906403
69,16,0.6358386874198914,0.750881552696228,-0.1973884552717209,0.9401603937149048
69,17,0.6513619422912598,0.7306495904922485,0.14575974643230438,0.14254644513130188
69,18,0.6528767943382263,0.7754359841346741,-0.23862197995185852,0.9163807034492493
69,19,0.6517512202262878,0.7369605898857117,0.10722228139638901,0.1478133499622345
69,20,0.6576951742172241,0.7691766619682312,-0.21234126389026642,0.9047876000404358
69,21,0.6428457498550415,0.7335346937179565,0.12622644007205963,0.15120065212249756
69,22,0.6496222019195557,0.7614551782608032,-0.18769659101963043,0.8705724477767944
69,23,0.4842577874660492,0.43946194648742676,0.10149656236171722,0.9877611398696899
69,24,0.4815071225166321,0.4330279529094696,-0.10138358920812607,0.994168221950531
69,25,0.33824819326400757,0.5647321343421936,0.10583402216434479,0.34176647663116455
69,26,0.32675057649612427,0.564760684967041,-0.0996473878622055,0.9608164429664612
69,27,0.18550848960876465,0.6298869848251343,0.14576905965805054,0.5745366215705872
69,28,0.1635695844888687,0.6425501704216003,-0.07507927715778351,0.9642589092254639
69,29,0.15517008304595947,0.6198514103889465,0.14626751840114594,0.6334455013275146
69,30,0.13185913860797882,0.6308017373085022,-0.07724733650684357,0.9427425265312195
69,31,0.18065333366394043,0.7292519211769104,0.08623818308115005,0.7396625876426697
69,32,0.15857625007629395,0.7613179683685303,-0.17630361020565033,0.9519888758659363
70,0,0.7826539874076843,0.3426559865474701,-0.028355374932289124,0.9994096159934998
70,1,0.7907878160476685,0.314604252576828,-0.01816733554005623,0.9990508556365967
70,2,0.7905484437942505,0.3120690584182739,-0.01821095123887062,0.999175488948822
70,3,0.7902489304542542,0.3091946244239807,-0.018244458362460136,0.9993037581443787
70,4,0.7892558574676514,0.3116791844367981,-0.05586184188723564,0.9991422891616821
70,5,0.7879967093467712,0.30735304951667786,-0.05589743331074715,0.9992843866348267
70,6,0.7866535782814026,0.30243077874183655,-0.05595090985298157,0.99937504529953
70,7,0.7748473882675171,0.28371870517730713,0.05329996347427368,0.9988173246383667
70,8,0.7718043923377991,0.2777770459651947,-0.10947112739086151,0.9992466568946838
70,9,0.7677968144416809,0.3463993966579437,0.004717563278973103,0.9987613558769226
70,10,0.7652027010917664,0.34199801087379456,-0.043843016028404236,0.9991773962974548
70,11,0.6903245449066162,0.328816294670105,0.18269935250282288,0.9974163770675659
70,12,0.6892907023429871,0.32734736800193787,-0.19708140194416046,0.9997737407684326
70,13,0.6476989984512329,0.5163846611976624,0.21163180470466614,0.15992872416973114
70,14,0.653876781463623,0.5310611128807068,-0.22874252498149872,0.9857738018035889
70,15,0.6362744569778442,0.7088217735290527,0.14722786843776703,0.13815999031066895
70,16,0.6368020176887512,0.7508812546730042,-0.19691790640354156,0.9430983066558838
70,17,0.6522423028945923,0.7310492396354675,0.1503121703863144,0.14628112316131592
70,18,0.6547855138778687,0.7754793167114258,-0.23794829845428467,0.9198545217514038
70,19,0.6530653834342957,0.7369063496589661,0.11203818023204803,0.1513856202363968
70,20,0.6595433950424194,0.7691786885261536,-0.20928815007209778,0.9082932472229004
70,21,0.6445868611335754,0.7335801720619202,0.1266825646162033,0.15511582791805267
70,22,0.6512317061424255,0.7614631652832031,-0.18621666729450226,0.874081015586853
70,23,0.48274126648902893,0.4372011423110962,0.10225214064121246,0.98784339427948
70,24,0.48074689507484436,0.4373651146888733,-0.10219397395849228,0.994168758392334
70,25,0.33624476194381714,0.5661947131156921,0.11744455993175507,0.3396139442920685
70,26,0.3259919285774231,0.5685281157493591,-0.09759990870952606,0.9596355557441711
70,27,0.18520015478134155,0.6267117261886597,0.16826079785823822,0.5761129260063171
70,28,0.16298207640647888,0.64079749584198,-0.06605575978755951,0.9634891152381897
70,29,0.15363112092018127,0.6184033155441284,0.1693836748600006,0.6394979357719421
70,30,0.12938541173934937,0.6298906803131104,-0.06858058273792267,0.9428966045379639
70,31,0.1805875301361084,0.7292025089263916,0.11003130674362183,0.7414750456809998
70,32,0.158362478017807,0.7612180709838867,-0.1655118316411972,0.9507730007171631
71,0,0.7807441353797913,0.34520819783210754,-0.011816944926977158,0.9994489550590515
71,1,0.7889927625656128,0.3164253830909729,-0.0011770325945690274,0.9991082549095154
71,2,0.7887444496154785,0.3139486014842987,-0.0012105952482670546,0.999222457408905
71,3,0.7884253263473511,0.31105807423591614,-0.0012240587966516614,0.9993447065353394
71,4,0.7877848148345947,0.3136257231235504,-0.03916320577263832,0.9992045164108276
71,5,0.7866805791854858,0.3094189167022705,-0.03920236974954605,0.9993382692337036
71,6,0.7854750156402588,0.3047075867652893,-0.039260003715753555,0.9994238018989563
71,7,0.7733550667762756,0.2848964333534241,0.06985865533351898,0.9988850951194763
71,8,0.7713218927383423,0.2808060646057129,-0.09714868664741516,0.9993033409118652
71,9,0.7661280035972595,0.3487080931663513,0.020653855055570602,0.9988477230072021
71,10,0.7640535831451416,0.3443240225315094,-0.028483886271715164,0.9992352724075317
71,11,0.6863894462585449,0.3245585262775421,0.20034320652484894,0.997525691986084
71,12,0.6894005537033081,0.3265654146671295,-0.19283965229988098,0.9997884631156921
71,13,0.6468320488929749,0.5164027214050293,0.23153719305992126,0.16632646322250366
71,14,0.6543897390365601,0.5301805138587952,-0.22883734107017517,0.9865667223930359
71,15,0.6359587907791138,0.7087389230728149,0.16597679257392883,0.14625276625156403
71,16,0.6373698115348816,0.7508792281150818,-0.20288407802581787,0.9469406008720398
71,17,0.6521614193916321,0.7293308973312378,0.17095984518527985,0.1523144245147705
71,18,0.655691921710968,0.775476336479187,-0.2446199357509613,0.9246388077735901
71,19,0.6529643535614014,0.7355622053146362,0.1304180920124054,0.15726371109485626
71,20,0.6601196527481079,0.7690553665161133,-0.2136143445968628,0.9134647250175476
71,21,0.6445001363754272,0.7333222031593323,0.1455569565296173,0.16102106869220734
71,22,0.6517755389213562,0.7614575624465942,-0.19093383848667145,0.8800426125526428
71,23,0.48277372121810913,0.4319301247596741,0.10329233109951019,0.9882676005363464
71,24,0.48200279474258423,0.437050461769104,-0.10325437784194946,0.9943063855171204
71,25,0.3356567323207855,0.5675106048583984,0.11151482164859772,0.33849725127220154
71,26,0.3263474106788635,0.5706385970115662,-0.10439176857471466,0.9596114754676819
71,27,0.18208730220794678,0.6269503831863403,0.15023106336593628,0.578073263168335
71,28,0.16381724178791046,0.6409192681312561,-0.08416538685560226,0.9633868336677551
71,29,0.14766594767570496,0.6182979941368103,0.14919036626815796,0.6448385715484619
71,30,0.12960155308246613,0.6298456788063049,-0.08823086321353912,0.9436659216880798
71,31,0.17382977902889252,0.729257345199585,0.08196109533309937,0.744521975517273
71,32,0.15820401906967163,0.7607612609863281,-0.18478766083717346,0.9507601261138916
72,0,0.7800900340080261,0.3461361229419708,-0.013289039023220539,0.9994872808456421
72,1,0.7882041335105896,0.3175777792930603,-0.002842590445652604,0.9991622567176819
72,2,0.7879174947738647,0.31524384021759033,-0.00288485549390316,0.9992668032646179
72,3,0.787619948387146,0.3126196265220642,-0.0029004584066569805,0.9993822574615479
72,4,0.7870869636535645,0.31447312235832214,-0.040480125695466995,0.9992626905441284
72,5,0.7859896421432495,0.3103192448616028,-0.04051852971315384,0.9993888139724731
72,6,0.784706711769104,0.30550020933151245,-0.04057949036359787,0.999468982219696
72,7,0.7725033164024353,0.28708505630493164,0.06879213452339172,0.9989494681358337
72,8,0.770371675491333,0.2819090485572815,-0.09755034744739532,0.9993568062782288
72,9,0.7653480768203735,0.3499661982059479,0.01916406862437725,0.9989311695098877
72,10,0.7633234262466431,0.34566906094551086,-0.02952250838279724,0.9992923140525818
72,11,0.686092734336853,0.3242660462856293,0.19772474467754364,0.997612476348877
72,12,0.6897563338279724,0.32683977484703064,-0.1928253024816513,0.999800980091095
72,13,0.6466974020004272,0.5145625472068787,0.23206393420696259,0.17350119352340698
72,14,0.6546021699905396,0.5275817513465881,-0.2310095727443695,0.9873502850532532
72,15,0.6356779336929321,0.7066746354103088,0.16851022839546204,0.15637999773025513
72,16,0.6373531818389893,0.7511463761329651,-0.20831957459449768,0.9506108164787292
72,17,0.651971697807312,0.7249729633331299,0.17248322069644928,0.1604621410369873
72,18,0.655941367149353,0.7762834429740906,-0.249673530459404,0.9291900396347046
72,19,0.6529321670532227,0.7307867407798767,0.13183102011680603,0.1654680371284485
72,20,0.660234808921814,0.7691618800163269,-0.22086913883686066,0.9184458255767822
72,21,0.6443895697593689,0.7305086851119995,0.14824631810188293,0.16896288096904755
72,22,0.6517794132232666,0.7614923119544983,-0.1971013993024826,0.8860132694244385
72,23,0.48190346360206604,0.4345412254333496,0.10274560749530792,0.9887657165527344
72,24,0.48188430070877075,0.4383581280708313,-0.1027035266160965,0.994492769241333
72,25,0.3352665305137634,0.5687472820281982,0.09661498665809631,0.3466440439224243
72,26,0.3264644145965576,0.5716491937637329,-0.10442616045475006,0.9598742723464966
72,27,0.17917093634605408,0.6266914010047913,0.1305333822965622,0.5894277691841125
72,28,0.1639218032360077,0.6413608193397522,-0.08714577555656433,0.963790774345398
72,29,0.14499875903129578,0.6179381608963013,0.12876750528812408,0.6541239619255066
72,30,0.1297890841960907,0.6308997273445129,-0.09223588556051254,0.9443116784095764
72,31,0.16922470927238464,0.7285714149475098,0.060614753514528275,0.7539331316947937
72,32,0.15644077956676483,0.7607981562614441,-0.1903202384710312,0.9515393972396851
73,0,0.780878484249115,0.3438110649585724,-0.01365954615175724,0.9995099306106567
73,1,0.7888316512107849,0.3145878314971924,-0.002974411239847541,0.9991912245750427
73,2,0.7885002493858337,0.31224995851516724,-0.0030157496221363544,0.9992879629135132
73,3,0.7881848812103271,0.30965885519981384,-0.0030298265628516674,0.9994031190872192
73,4,0.7877036333084106,0.3115779161453247,-0.041065774857997894,0.9993029832839966
73,5,0.7865824103355408,0.30757075548171997,-0.04110392555594444,0.9994240999221802
73,6,0.7852721214294434,0.30283626914024353,-0.04116668179631233,0.9995020627975464
73,7,0.7726665139198303,0.2847817838191986,0.06939305365085602,0.998978316783905
73,8,0.7705488204956055,0.28027424216270447,-0.09773913770914078,0.9993928670883179
73,9,0.7660228610038757,0.3481607437133789,0.01916939578950405,0.9989829659461975
73,10,0.7640928030014038,0.34418991208076477,-0.03008551523089409,0.9993273019790649
73,11,0.6863828301429749,0.3211270570755005,0.1999790072441101,0.9976440668106079
73,12,0.6896860599517822,0.3278454840183258,-0.19383636116981506,0.9998095035552979
73,13,0.6462966203689575,0.5134747624397278,0.23220129311084747,0.17622274160385132
73,14,0.6545423865318298,0.5276809930801392,-0.2321704924106598,0.9877726435661316
73,15,0.6361070275306702,0.7059038877487183,0.16812089085578918,0.16216231882572174
73,16,0.637340784072876,0.7511758804321289,-0.2072821855545044,0.9532192945480347
73,17,0.6517473459243774,0.7235844731330872,0.1722474992275238,0.16495217382907867
73,18,0.6559667587280273,0.776477038860321,-0.24818304181098938,0.9323399066925049
73,19,0.6529544591903687,0.729227602481842,0.13170430064201355,0.16988016664981842
73,20,0.6602760553359985,0.7691529393196106,-0.21977193653583527,0.9217115044593811
73,21,0.6445189118385315,0.7293968200683594,0.1479508876800537,0.1734936237335205
73,22,0.6517988443374634,0.7614599466323853,-0.19615349173545837,0.8894440531730652
73,23,0.4815302789211273,0.4337163269519806,0.10493125766515732,0.9888508319854736
73,24,0.4808650612831116,0.43845781683921814,-0.10489307343959808,0.9944689273834229
73,25,0.33550411462783813,0.5689507126808167,0.10300590097904205,0.34331125020980835
73,26,0.3264658749103546,0.5723426938056946,-0.10799272358417511,0.9589242339134216
73,27,0.17953833937644958,0.6264090538024902,0.13838635385036469,0.5897843837738037
73,28,0.16376863420009613,0.6408371329307556,-0.08946310728788376,0.963029146194458
73,29,0.14634081721305847,0.6177703738212585,0.13707290589809418,0.6573911309242249
73,30,0.12935754656791687,0.630584716796875,-0.09456070512533188,0.9442065954208374
73,31,0.17185969650745392,0.7287093997001648,0.07174736261367798,0.7558350563049316
73,32,0.15638554096221924,0.7608731389045715,-0.19412794709205627,0.9506787657737732
74,0,0.7809715270996094,0.3429764211177826,-0.009502334520220757,0.999537467956543
74,1,0.7891461253166199,0.3138023018836975,0.001927349017933011,0.9992319941520691
74,2,0.7888264060020447,0.3113536536693573,0.0018907543271780014,0.9993205666542053
74,3,0.7885677814483643,0.3086918592453003,0.0018809735774993896,0.9994328022003174
74,4,0.7880192995071411,0.3106498420238495,-0.037009455263614655,0.9993482232093811
74,5,0.7869383692741394,0.3066509962081909,-0.03704950585961342,0.9994630217552185
74,6,0.7857204675674438,0.30198121070861816,-0.03712073341012001,0.9995378255844116
74,7,0.7732900381088257,0.28429535031318665,0.07604406774044037,0.9990248680114746
74,8,0.7709125280380249,0.27921006083488464,-0.09561573714017868,0.9994338750839233
74,9,0.7659944295883179,0.34701430797576904,0.023844823241233826,0.9990423321723938
74,10,0.7642735242843628,0.3431864082813263,-0.026488278061151505,0.9993668794631958
74,11,0.6868657469749451,0.3234011232852936,0.2089829444885254,0.9977160692214966
74,12,0.6899158954620361,0.3267182409763336,-0.19369247555732727,0.9998201131820679
74,13,0.646019697189331,0.5138605833053589,0.2378191500902176,0.1783294975757599
74,14,0.6546898484230042,0.5276516079902649,-0.2320251762866974,0.9881131052970886
74,15,0.6360712647438049,0.7061262726783752,0.17014500498771667,0.16656677424907684
74,16,0.637427031993866,0.7503249049186707,-0.20688137412071228,0.9555420279502869
74,17,0.6515423059463501,0.7236560583114624,0.17492850124835968,0.168019637465477
74,18,0.6561522483825684,0.7762274742126465,-0.2478235512971878,0.935188889503479
74,19,0.6528734564781189,0.7294862270355225,0.13415634632110596,0.17282521724700928
74,20,0.6603021025657654,0.7688433527946472,-0.21907082200050354,0.9246614575386047
74,21,0.6444984674453735,0.7293583154678345,0.1498534083366394,0.1764640510082245
74,22,0.6518161296844482,0.761017382144928,-0.19558796286582947,0.8924240469932556
74,23,0.4820093512535095,0.4347717761993408,0.10735742002725601,0.988993763923645
74,24,0.48125892877578735,0.4383217990398407,-0.1073090210556984,0.994469165802002
74,25,0.3354029357433319,0.5669395923614502,0.10306509584188461,0.3406345248222351
74,26,0.3266604542732239,0.5728634595870972,-0.11256761848926544,0.9586811661720276
74,27,0.1797923445701599,0.6259292364120483,0.13731315732002258,0.5881350040435791
74,28,0.16372542083263397,0.6407648324966431,-0.09783924371004105,0.9623034596443176
74,29,0.1462097465991974,0.6173182129859924,0.13576090335845947,0.6594306826591492
74,30,0.12895740568637848,0.6304357051849365,-0.10302138328552246,0.9441088438034058
74,31,0.17207172513008118,0.7289193868637085,0.06853941082954407,0.7563027739524841
74,32,0.1563611924648285,0.7610110640525818,-0.20391607284545898,0.9498626589775085
75,0,0.7814883589744568,0.34315863251686096,-0.01067417487502098,0.9995594024658203
75,1,0.78978031873703,0.3148719072341919,0.0009550432441756129,0.9992592930793762
75,2,0.7894464731216431,0.31235700845718384,0.000929816800635308,0.9993404746055603
75,3,0.7891850471496582,0.30959469079971313,0.0009338561212643981,0.9994521141052246
75,4,0.7886132001876831,0.3113098442554474,-0.039530232548713684,0.999384343624115
75,5,0.7875019907951355,0.3070637881755829,-0.03957195207476616,0.9994944930076599
75,6,0.786298930644989,0.3023337721824646,-0.039647094905376434,0.9995671510696411
75,7,0.7739735841751099,0.28516238927841187,0.07536648213863373,0.9990501999855042
75,8,0.7712434530258179,0.2786943316459656,-0.10122579336166382,0.9994667768478394
75,9,0.7663928866386414,0.34678447246551514,0.023430585861206055,0.9990901947021484
75,10,0.7646232843399048,0.34290826320648193,-0.028968969359993935,0.9994004964828491
75,11,0.6879629492759705,0.3246001601219177,0.20575323700904846,0.9977796673774719
75,12,0.6902316808700562,0.3253709077835083,-0.1987939029932022,0.9998290538787842
75,13,0.6462947130203247,0.5143688917160034,0.23726646602153778,0.18202444911003113
75,14,0.65480637550354,0.5259811282157898,-0.23987464606761932,0.9885660409927368
75,15,0.6361814141273499,0.7064424753189087,0.1696687489748001,0.17302189767360687
75,16,0.6372636556625366,0.7490005493164062,-0.21952113509178162,0.9579664468765259
75,17,0.6514276266098022,0.7236549258232117,0.17414411902427673,0.17321130633354187
75,18,0.6556297540664673,0.7752763628959656,-0.26291924715042114,0.9382047057151794
75,19,0.6528086066246033,0.7295956015586853,0.13330592215061188,0.17804330587387085
75,20,0.6596192717552185,0.7681820392608643,-0.2332746684551239,0.9278854131698608
75,21,0.6444722414016724,0.7293052077293396,0.1493881493806839,0.18164591491222382
75,22,0.6512221097946167,0.7602939009666443,-0.20803575217723846,0.8959606885910034
75,23,0.48208051919937134,0.4346262514591217,0.10865876823663712,0.9891424775123596
75,24,0.4811309278011322,0.4382963478565216,-0.10861857235431671,0.9944586753845215
75,25,0.33499687910079956,0.5652531981468201,0.1047619953751564,0.33849450945854187
75,26,0.3268342912197113,0.573282778263092,-0.1145160049200058,0.9581204652786255
75,27,0.1800013929605484,0.6251422166824341,0.14004629850387573,0.5882648825645447
75,28,0.16376346349716187,0.6406004428863525,-0.09678475558757782,0.9616370797157288
75,29,0.14637276530265808,0.6160768270492554,0.13864962756633759,0.6621510982513428
75,30,0.12887927889823914,0.6301878094673157,-0.1016930341720581,0.9437512755393982
75,31,0.17229394614696503,0.7289760112762451,0.07051785290241241,0.7576761841773987
75,32,0.15622439980506897,0.7610018253326416,-0.20248138904571533,0.9491678476333618
76,0,0.7819816470146179,0.3426785171031952,-0.01253982912749052,0.9995788335800171
76,1,0.790219247341156,0.3145062327384949,-0.0008692724513821304,0.9992836713790894
76,2,0.7898593544960022,0.3120097517967224,-0.0008894161437638104,0.9993584156036377
76,3,0.7895771861076355,0.3092534840106964,-0.000880106701515615,0.9994693994522095
76,4,0.7890289425849915,0.3108823299407959,-0.041992735117673874,0.9994164109230042
76,5,0.7878793478012085,0.306610107421875,-0.042033851146698,0.9995222091674805
76,6,0.7866576910018921,0.30187860131263733,-0.04210726171731949,0.9995928406715393
76,7,0.7744108438491821,0.28530120849609375,0.07464279234409332,0.9990732073783875
76,8,0.7713869214057922,0.2785167098045349,-0.10437269508838654,0.999495804309845
76,9,0.766880214214325,0.34614062309265137,0.0220864899456501,0.9991330504417419
76,10,0.765068769454956,0.34228935837745667,-0.03124660812318325,0.999430239200592
76,11,0.6886715888977051,0.3241824209690094,0.2039629966020584,0.9978241324424744
76,12,0.6904460787773132,0.32541513442993164,-0.20064420998096466,0.9998360276222229
76,13,0.6464771032333374,0.514614462852478,0.23659002780914307,0.18469294905662537
76,14,0.6547736525535583,0.5238744020462036,-0.24075491726398468,0.9889304041862488
76,15,0.6361542344093323,0.7064272165298462,0.16958771646022797,0.17785492539405823
76,16,0.6368955969810486,0.7476272583007812,-0.21906666457653046,0.9599300026893616
76,17,0.6513214707374573,0.7235751748085022,0.17345432937145233,0.17706617712974548
76,18,0.6545361876487732,0.7739418148994446,-0.26182201504707336,0.9406037330627441
76,19,0.6527640223503113,0.7295829653739929,0.1329384297132492,0.1819135546684265
76,20,0.6584791541099548,0.7671970725059509,-0.23283568024635315,0.9303979873657227
76,21,0.644447922706604,0.7292614579200745,0.14918364584445953,0.18566063046455383
76,22,0.6502981185913086,0.7593203186988831,-0.20776990056037903,0.8986135721206665
76,23,0.4819904863834381,0.4340536892414093,0.10953216254711151,0.9892756938934326
76,24,0.4810340404510498,0.4386729300022125,-0.10949736833572388,0.9944469928741455
76,25,0.3346914052963257,0.5646277666091919,0.10865914821624756,0.3368207812309265
76,26,0.32682788372039795,0.573672890663147,-0.11469818651676178,0.9577651023864746
76,27,0.18017980456352234,0.6241063475608826,0.14572930335998535,0.5891492366790771
76,28,0.16379079222679138,0.6403804421424866,-0.09668323397636414,0.9612058997154236
76,29,0.1468014419078827,0.6146414875984192,0.14458319544792175,0.665032148361206
76,30,0.12894494831562042,0.6297912001609802,-0.10134860128164291,0.9433457851409912
76,31,0.1725904643535614,0.728823184967041,0.07804867625236511,0.7592898607254028
76,32,0.15613767504692078,0.7608816623687744,-0.20144939422607422,0.9486443400382996
77,0,0.7820307016372681,0.343514621257782,-0.012950556352734566,0.9995953440666199
77,1,0.7902542948722839,0.3154851198196411,-0.001235354458913207,0.9993054866790771
77,2,0.789863109588623,0.3129415810108185,-0.0012626247480511665,0.999374508857727
77,3,0.7895520329475403,0.3100665509700775,-0.0012569292448461056,0.9994848370552063
77,4,0.7890510559082031,0.3117891550064087,-0.042126141488552094,0.9994450807571411
77,5,0.787876546382904,0.3074064254760742,-0.04216601699590683,0.999547004699707
77,6,0.7866551280021667,0.3025965690612793,-0.04223993420600891,0.9996157884597778
77,7,0.7744113206863403,0.2855241894721985,0.07453296333551407,0.9990973472595215
77,8,0.7712973952293396,0.27897927165031433,-0.10464205592870712,0.999521791934967
77,9,0.7669625282287598,0.34668323397636414,0.02165953814983368,0.9991720914840698
77,10,0.7651134729385376,0.3427494168281555,-0.031463541090488434,0.9994567036628723
77,11,0.6889225244522095,0.3242882490158081,0.2032325267791748,0.9978477358818054
77,12,0.6903887391090393,0.3258814811706543,-0.200219988822937,0.999841034412384
77,13,0.6464489698410034,0.5148802995681763,0.23578965663909912,0.18649277091026306
77,14,0.654716968536377,0.5234155058860779,-0.23957376182079315,0.9891617298126221
77,15,0.6360911726951599,0.7069006562232971,0.16922242939472198,0.18028096854686737
77,16,0.6368762254714966,0.7478054761886597,-0.21684429049491882,0.9613751173019409
77,17,0.6508605480194092,0.7237426042556763,0.17316633462905884,0.17856507003307343
77,18,0.6544702053070068,0.7741596698760986,-0.25875675678253174,0.942294180393219
77,19,0.6525969505310059,0.7296571731567383,0.1326231211423874,0.18336600065231323
77,20,0.6584183573722839,0.7672699093818665,-0.23044581711292267,0.9320882558822632
77,21,0.6444035172462463,0.7292460799217224,0.148923859000206,0.18723183870315552
77,22,0.6502721309661865,0.7594149112701416,-0.20575518906116486,0.9001042246818542
77,23,0.4820965826511383,0.4343545734882355,0.10951219499111176,0.9893266558647156
77,24,0.4811534881591797,0.43840572237968445,-0.10947774350643158,0.9943927526473999
77,25,0.33452343940734863,0.5646209120750427,0.10839207470417023,0.336215078830719
77,26,0.32681262493133545,0.573824405670166,-0.11443091928958893,0.9570594429969788
77,27,0.18025079369544983,0.6241067051887512,0.14504340291023254,0.5900318622589111
77,28,0.16381607949733734,0.6402521729469299,-0.09603550285100937,0.9604575037956238
77,29,0.14710113406181335,0.614436149597168,0.14385947585105896,0.6677120327949524
77,30,0.12900413572788239,0.6295077204704285,-0.10066624730825424,0.9427416324615479
77,31,0.172859326004982,0.7287788987159729,0.07639692723751068,0.760052502155304
77,32,0.1560324877500534,0.7606104612350464,-0.2004871666431427,0.9476515650749207
78,0,0.7821613550186157,0.34381359815597534,-0.013675217516720295,0.9996153712272644
78,1,0.7903872132301331,0.3158002495765686,-0.0019178299698978662,0.9993343353271484
78,2,0.7899786233901978,0.31322652101516724,-0.0019500935450196266,0.9993979930877686
78,3,0.7896451354026794,0.3102806508541107,-0.0019488194957375526,0.9995051622390747
78,4,0.789181113243103,0.3121364116668701,-0.042455293238162994,0.9994763135910034
78,5,0.7879995107650757,0.30773401260375977,-0.04249458760023117,0.9995739459991455
78,6,0.786785900592804,0.3029446303844452,-0.042567286640405655,0.9996399879455566
78,7,0.7744506597518921,0.2853463590145111,0.07445374131202698,0.9991321563720703
78,8,0.7713444232940674,0.27907323837280273,-0.10444498062133789,0.9995502233505249
78,9,0.7669955492019653,0.3466092050075531,0.02086697332561016,0.9992176294326782
78,10,0.7651799321174622,0.34276896715164185,-0.03175976127386093,0.9994874596595764
78,11,0.6884538531303406,0.3242036700248718,0.20301690697669983,0.9978846907615662
78,12,0.6903959512710571,0.32623177766799927,-0.1998198926448822,0.999847412109375
78,13,0.6459351778030396,0.5149460434913635,0.2356322556734085,0.18964406847953796
78,14,0.6546627283096313,0.5232812166213989,-0.2394203245639801,0.9894973039627075
78,15,0.6359433531761169,0.7071965336799622,0.16900651156902313,0.1840137392282486
78,16,0.6368610858917236,0.7481815814971924,-0.2159356325864792,0.9630782604217529
78,17,0.650073230266571,0.7237327694892883,0.1728895604610443,0.1811746060848236
78,18,0.6544479727745056,0.7748838663101196,-0.25736314058303833,0.9443559646606445
78,19,0.6521841883659363,0.7296899557113647,0.13243690133094788,0.18596409261226654
78,20,0.6583626866340637,0.7676706314086914,-0.229737788438797,0.9342731237411499
78,21,0.6441973447799683,0.7292207479476929,0.1487993746995926,0.18978644907474518
78,22,0.6502516269683838,0.7597432732582092,-0.2051142156124115,0.9024691581726074
78,23,0.4821571409702301,0.4338856041431427,0.1089048981666565,0.9894712567329407
78,24,0.48131006956100464,0.4382367432117462,-0.10887376964092255,0.9944309592247009
78,25,0.3343362510204315,0.5647608637809753,0.10596100986003876,0.33757415413856506
78,26,0.32676994800567627,0.5739299058914185,-0.114321269094944,0.9566932916641235
78,27,0.17968234419822693,0.6241417527198792,0.14133396744728088,0.5934328436851501
78,28,0.16334345936775208,0.6402665972709656,-0.09582462161779404,0.9603230357170105
78,29,0.1468135267496109,0.6144209504127502,0.13990521430969238,0.6710963845252991
78,30,0.12859956920146942,0.629477858543396,-0.1003044992685318,0.9427914023399353
78,31,0.17201519012451172,0.7287988662719727,0.07141159474849701,0.7630041837692261
78,32,0.15432977676391602,0.7606120705604553,-0.1998898983001709,0.9475433230400085
79,0,0.7821875810623169,0.3441799283027649,-0.014136646874248981,0.999632716178894
79,1,0.7904024720191956,0.316100537776947,-0.002331240102648735,0.9993593096733093
79,2,0.7899781465530396,0.31349238753318787,-0.002367866225540638,0.999418318271637
79,3,0.7896262407302856,0.31047165393829346,-0.002370022237300873,0.999522864818573
79,4,0.7892078161239624,0.3124922513961792,-0.04265309125185013,0.9995037317276001
79,5,0.7880306839942932,0.3080882728099823,-0.04269162937998772,0.9995977282524109
79,6,0.7868406772613525,0.30334773659706116,-0.04276374727487564,0.999661386013031
79,7,0.7743639945983887,0.2852397859096527,0.07431778311729431,0.9991618990898132
79,8,0.771354615688324,0.2794043719768524,-0.10436306148767471,0.9995753169059753
79,9,0.7669075131416321,0.3467532992362976,0.02034991979598999,0.9992578029632568
79,10,0.7651600241661072,0.34298253059387207,-0.03194667026400566,0.9995145797729492
79,11,0.6877930164337158,0.32392337918281555,0.20254027843475342,0.9979179501533508
79,12,0.690376341342926,0.3268175721168518,-0.1996108889579773,0.9998533725738525
79,13,0.6452625393867493,0.5149974226951599,0.23551079630851746,0.1923896223306656
79,14,0.654581606388092,0.5234733819961548,-0.23883041739463806,0.9898073077201843
79,15,0.6357647180557251,0.7076639533042908,0.16912022233009338,0.18810831010341644
79,16,0.6368607878684998,0.748862624168396,-0.21503090858459473,0.9647135734558105
79,17,0.6494824886322021,0.7237755060195923,0.1732105314731598,0.18426774442195892
79,18,0.6544569730758667,0.7758678793907166,-0.2561591565608978,0.946380078792572
79,19,0.6518591642379761,0.7298696041107178,0.13269846141338348,0.18902245163917542
79,20,0.6583665609359741,0.7683137059211731,-0.22909455001354218,0.9364299178123474
79,21,0.6440436244010925,0.7293055057525635,0.14898717403411865,0.19275498390197754
79,22,0.6502598524093628,0.7602378726005554,-0.204421728849411,0.9048545360565186
79,23,0.48210716247558594,0.4335377514362335,0.1087351068854332,0.9895540475845337
79,24,0.48142918944358826,0.4384123980998993,-0.10870535671710968,0.994446873664856
79,25,0.3341602683067322,0.5648555755615234,0.1052064523100853,0.3384077250957489
79,26,0.32659292221069336,0.5739632248878479,-0.11412577331066132,0.9563435316085815
79,27,0.17943716049194336,0.6241715550422668,0.14031818509101868,0.5964353680610657
79,28,0.16293039917945862,0.6402592658996582,-0.0954376757144928,0.960252583026886
79,29,0.1467123031616211,0.614404559135437,0.13885119557380676,0.6744304895401001
79,30,0.1282309591770172,0.6294586658477783,-0.0998341292142868,0.9430059194564819
79,31,0.17175455391407013,0.72881019115448,0.07025033980607986,0.76567542552948
79,32,0.1533142626285553,0.760613739490509,-0.1997256875038147,0.9474653005599976
80,0,0.78217613697052,0.3443879187107086,-0.01452319324016571,0.9996476769447327
80,1,0.7904158234596252,0.31627798080444336,-0.0028771222569048405,0.9993807673454285
80,2,0.7899876832962036,0.3136503994464874,-0.0029094149358570576,0.9994356036186218
80,3,0.7896280884742737,0.310580313205719,-0.0029104629065841436,0.9995381832122803
80,4,0.7892192602157593,0.3126335144042969,-0.04317997768521309,0.9995276927947998
80,5,0.7880419492721558,0.3081800937652588,-0.04321949928998947,0.9996185302734375
80,6,0.7868632078170776,0.3034288287162781,-0.04329075291752815,0.99968022108078
80,7,0.7743018269538879,0.2850840389728546,0.07334508746862411,0.9991874098777771
80,8,0.7712929248809814,0.27929309010505676,-0.10470763593912125,0.9995973706245422
80,9,0.7668176889419556,0.3469231426715851,0.019896749407052994,0.9992932677268982
80,10,0.765106201171875,0.34310805797576904,-0.032414913177490234,0.9995386004447937
80,11,0.6874648332595825,0.32399487495422363,0.2022790163755417,0.9979504942893982
80,12,0.6903024911880493,0.327199250459671,-0.1994992196559906,0.999858558177948
80,13,0.64494788646698,0.5150991082191467,0.23516857624053955,0.194776713848114
80,14,0.6545133590698242,0.5235716700553894,-0.23829308152198792,0.9900736808776855
80,15,0.6355858445167542,0.7081321477890015,0.1689874231815338,0.19196374714374542
80,16,0.636864423751831,0.749337911605835,-0.21437713503837585,0.9661802649497986
80,17,0.6490896940231323,0.7241437435150146,0.17313511669635773,0.1872335523366928
80,18,0.6544936895370483,0.7764691710472107,-0.255646675825119,0.9482104778289795
80,19,0.6516173481941223,0.7301140427589417,0.132581889629364,0.19195477664470673
80,20,0.6583872437477112,0.7686837911605835,-0.22807975113391876,0.9383797645568848
80,21,0.6439293622970581,0.7294179201126099,0.148871511220932,0.19559447467327118
80,22,0.6502789258956909,0.7605074644088745,-0.20360955595970154,0.9070136547088623
80,23,0.48183900117874146,0.4334893226623535,0.10872901976108551,0.9896379113197327
80,24,0.481456995010376,0.43854743242263794,-0.10869944095611572,0.9944580793380737
80,25,0.3338731527328491,0.5648926496505737,0.10520394146442413,0.33870217204093933
80,26,0.3262024521827698,0.5739911794662476,-0.11393129825592041,0.9559794664382935
80,27,0.17923246324062347,0.6241995692253113,0.1403195708990097,0.5989271402359009
80,28,0.16244690120220184,0.640258252620697,-0.095245361328125,0.960137128829956
80,29,0.14647631347179413,0.6143906116485596,0.13885265588760376,0.6774131059646606
80,30,0.12774695456027985,0.6294360756874084,-0.09974942356348038,0.9431985020637512
80,31,0.1717865914106369,0.7288309931755066,0.07036188989877701,0.7679287791252136
80,32,0.1528351604938507,0.7606357336044312,-0.19945083558559418,0.9473503232002258
81,0,0.7820364832878113,0.34463003277778625,-0.016279565170407295,0.9996598958969116
81,1,0.7903248071670532,0.31649693846702576,-0.0048787775449454784,0.9993975162506104
81,2,0.7899012565612793,0.3138497769832611,-0.004909547511488199,0.9994485974311829
81,3,0.7895423769950867,0.3107368052005768,-0.004913311451673508,0.999549925327301
81,4,0.7891193628311157,0.31282839179039,-0.04481587931513786,0.9995478987693787
81,5,0.7879430055618286,0.3083222806453705,-0.044855616986751556,0.999636173248291
81,6,0.7867769002914429,0.30353599786758423,-0.044924769550561905,0.9996963143348694
81,7,0.7742077708244324,0.28506648540496826,0.0705367848277092,0.9992067813873291
81,8,0.7711601853370667,0.2792225182056427,-0.10576345771551132,0.9996159672737122
81,9,0.7666059732437134,0.3471079170703888,0.017878403887152672,0.9993234872817993
81,10,0.7649140357971191,0.3432706296443939,-0.03394554182887077,0.9995591640472412
81,11,0.6872297525405884,0.3241925835609436,0.2002008706331253,0.9979737401008606
81,12,0.6901153326034546,0.3274986147880554,-0.19971522688865662,0.9998626112937927
81,13,0.6448937654495239,0.515174925327301,0.23239779472351074,0.1972740888595581
81,14,0.6544607877731323,0.5237695574760437,-0.23809902369976044,0.9902989864349365
81,15,0.6353126168251038,0.70841383934021,0.16786670684814453,0.19559039175510406
81,16,0.6368609666824341,0.7499774694442749,-0.21418806910514832,0.9674616456031799
81,17,0.6487979292869568,0.7243286371231079,0.17223988473415375,0.1899615228176117
81,18,0.6546115279197693,0.7772353291511536,-0.25576210021972656,0.9497947692871094
81,19,0.6513915061950684,0.7302234172821045,0.13161078095436096,0.19466087222099304
81,20,0.6584663987159729,0.7690754532814026,-0.22750826179981232,0.9400613903999329
81,21,0.6437534093856812,0.7294522523880005,0.14780500531196594,0.19816967844963074
81,22,0.6503168940544128,0.7607783675193787,-0.20320968329906464,0.9088509678840637
81,23,0.48167309165000916,0.4336380064487457,0.1085880845785141,0.9897066950798035
81,24,0.4814840257167816,0.4386652112007141,-0.10855931043624878,0.994461715221405
81,25,0.3337259292602539,0.5650011301040649,0.10508614778518677,0.339152067899704
81,26,0.32597145438194275,0.5739521980285645,-0.1137474998831749,0.9553964138031006
81,27,0.1790851354598999,0.6242514848709106,0.14031454920768738,0.6013100743293762
81,28,0.16222283244132996,0.6402316093444824,-0.09391917288303375,0.9598892331123352
81,29,0.14637154340744019,0.614380419254303,0.13885274529457092,0.6800035238265991
81,30,0.12750616669654846,0.6293714642524719,-0.09852913022041321,0.943200409412384
81,31,0.17166846990585327,0.7288428544998169,0.07039812952280045,0.7699046730995178
81,32,0.15233488380908966,0.7606136798858643,-0.19941627979278564,0.947085440158844
82,0,0.7818986177444458,0.34487807750701904,-0.01767056994140148,0.9996700882911682
82,1,0.7902359366416931,0.3167048692703247,-0.006428704597055912,0.9994116425514221
82,2,0.7898163199424744,0.3140375018119812,-0.006458689458668232,0.9994595646858215
82,3,0.7894576787948608,0.31088513135910034,-0.006465322338044643,0.9995599985122681
82,4,0.7890195846557617,0.31303560733795166,-0.04608321189880371,0.9995651841163635
82,5,0.7878396511077881,0.30849090218544006,-0.04612249135971069,0.999651312828064
82,6,0.7866784334182739,0.30367180705070496,-0.04618906229734421,0.999710202217102
82,7,0.7741373777389526,0.28511661291122437,0.06843395531177521,0.9992231726646423
82,8,0.771034300327301,0.2792343497276306,-0.10658840835094452,0.9996317028999329
82,9,0.7664401531219482,0.3473380506038666,0.016301866620779037,0.9993492364883423
82,10,0.7647560834884644,0.34349650144577026,-0.03513506427407265,0.9995765686035156
82,11,0.6870205998420715,0.3242342472076416,0.19842776656150818,0.9979895949363708
82,12,0.6899648904800415,0.32782435417175293,-0.19979290664196014,0.9998657703399658
82,13,0.6448140144348145,0.5152120590209961,0.22963213920593262,0.1994026154279709
82,14,0.6544194221496582,0.5243890285491943,-0.23783330619335175,0.9904581308364868
82,15,0.634956419467926,0.7090137004852295,0.16673021018505096,0.1985521912574768
82,16,0.63685142993927,0.7510817646980286,-0.21402505040168762,0.968531608581543
82,17,0.6485857367515564,0.724374532699585,0.1713716685771942,0.19213731586933136
82,18,0.6548606753349304,0.7781378030776978,-0.2554052472114563,0.9511104822158813
82,19,0.6512077450752258,0.7302287817001343,0.13077227771282196,0.1967802345752716
82,20,0.6586686372756958,0.7694529891014099,-0.22725510597229004,0.9414328336715698
82,21,0.643580436706543,0.7294563055038452,0.14677639305591583,0.20018471777439117
82,22,0.650410532951355,0.7610951662063599,-0.20311947166919708,0.9102786779403687
82,23,0.48141536116600037,0.43358248472213745,0.10851553827524185,0.9897751808166504
82,24,0.4814848303794861,0.43878766894340515,-0.10848712921142578,0.9944678544998169
82,25,0.33359163999557495,0.5650810599327087,0.10527874529361725,0.3394011855125427
82,26,0.3258112370967865,0.5739601850509644,-0.11287927627563477,0.95485520362854
82,27,0.1789717823266983,0.6243043541908264,0.14138911664485931,0.6038509607315063
82,28,0.16214190423488617,0.6402257084846497,-0.0907018631696701,0.9597049355506897
82,29,0.14628449082374573,0.614359974861145,0.1401018500328064,0.6826348304748535
82,30,0.1273709237575531,0.6292892098426819,-0.09523241221904755,0.94319748878479
82,31,0.17161092162132263,0.7288541197776794,0.0718383640050888,0.7718042731285095
82,32,0.15203723311424255,0.760612428188324,-0.19702067971229553,0.9468645453453064
83,0,0.781768262386322,0.3450707197189331,-0.018826361745595932,0.9996790289878845
83,1,0.790178656578064,0.3168126046657562,-0.0077717965468764305,0.9994240403175354
83,2,0.7897627353668213,0.31413042545318604,-0.007801554165780544,0.9994692802429199
83,3,0.7894029021263123,0.31095200777053833,-0.007811007089912891,0.9995688199996948
83,4,0.7889454960823059,0.31315264105796814,-0.047123461961746216,0.9995803236961365
83,5,0.787758469581604,0.30858364701271057,-0.047161806374788284,0.9996646642684937
83,6,0.786594569683075,0.3037424385547638,-0.04722585529088974,0.9997223615646362
83,7,0.7740830183029175,0.28520309925079346,0.06652278453111649,0.9992377758026123
83,8,0.7709251642227173,0.27927812933921814,-0.10718917846679688,0.9996455311775208
83,9,0.766269326210022,0.34752357006073,0.0149786826223135,0.9993720650672913
83,10,0.7646012902259827,0.3437102437019348,-0.03605373576283455,0.9995920658111572
83,11,0.6868537068367004,0.3242315649986267,0.19663217663764954,0.9980007410049438
83,12,0.6898638606071472,0.3280631899833679,-0.19975242018699646,0.9998683333396912
83,13,0.6446527242660522,0.5153661966323853,0.22730544209480286,0.20139990746974945
83,14,0.6543869972229004,0.5252318978309631,-0.23773980140686035,0.9905672669410706
83,15,0.6346830725669861,0.7095804214477539,0.1659342497587204,0.20122049748897552
83,16,0.6368470788002014,0.7522017359733582,-0.21283653378486633,0.9694324731826782
83,17,0.6484269499778748,0.7243814468383789,0.17079783976078033,0.19410568475723267
83,18,0.6550929546356201,0.77909255027771,-0.25441086292266846,0.9522122144699097
83,19,0.65105140209198,0.7302234172821045,0.13030555844306946,0.19867809116840363
83,20,0.6588340401649475,0.7698432207107544,-0.22517582774162292,0.9425625801086426
83,21,0.6434409618377686,0.7294488549232483,0.14611193537712097,0.20199911296367645
83,22,0.6504917144775391,0.7614433169364929,-0.2015722095966339,0.9114094972610474
83,23,0.4811190962791443,0.4335741698741913,0.10840123891830444,0.9898407459259033
83,24,0.48144498467445374,0.43887749314308167,-0.10837390273809433,0.9944776296615601
83,25,0.33354607224464417,0.5651462078094482,0.10631342977285385,0.3396756947040558
83,26,0.3257404863834381,0.5739951729774475,-0.11102928221225739,0.9542679786682129
83,27,0.17894276976585388,0.6243258118629456,0.14478762447834015,0.6064342260360718
83,28,0.16208896040916443,0.6402266025543213,-0.08552411943674088,0.9595110416412354
83,29,0.14627256989479065,0.6142327785491943,0.14386321604251862,0.6852952837944031
83,30,0.12725327908992767,0.6291656494140625,-0.08973859995603561,0.9431342482566833
83,31,0.1715867966413498,0.7288682460784912,0.07678797096014023,0.7735539674758911
83,32,0.151667982339859,0.7606475949287415,-0.19113339483737946,0.9465990662574768
