frame,landmark,x,y,z,visibility
0,0.0,-1.3774255587478157,0.17374379447570384,-0.0006985219079069,0.9997860789299012
0,1.0,-1.432016571033119,0.08584772729800161,-0.0367758907377719,0.9998242259025574
0,2.0,-1.4315541921103967,0.07302757365239841,-0.0368842855095863,0.9997990727424622
0,3.0,-1.4308112306894833,0.058862226628585944,-0.0369865745306015,0.99983549118042
0,4.0,-1.4337193474612318,0.08596391674839049,0.013800092972815,0.9998397827148438
0,5.0,-1.434190741082691,0.07324342560549156,0.0138332042843103,0.9998425245285034
0,6.0,-1.4344148565096269,0.05854971707236755,0.0138310110196471,0.9999048709869384
0,7.0,-1.3793140129290826,-0.06298319599291767,-0.125890851020813,0.9998204112052916
0,8.0,-1.3830141711482022,-0.06420543889668526,0.0956789776682853,0.9999083280563354
0,9.0,-1.3138550300913483,0.16596385905731517,-0.0268096569925546,0.9997952580451964
0,10.0,-1.3144503132183676,0.1680580236555959,0.0380077846348285,0.9997548460960388
0,11.0,-1.0203428246239912,-0.018266033315985798,-0.2418165653944015,0.999897599220276
0,12.0,-0.9587657964299072,-0.2700550829244599,0.2671974003314972,0.9998124241828918
0,13.0,-0.6762736845561695,0.6214452852041237,-0.2589495778083801,0.9939458966255188
0,14.0,-0.5701829504274836,0.29925644662510675,0.313735693693161,0.2346878200769424
0,15.0,-0.8318498561771006,1.46468245874423,-0.1750111430883407,0.9932461977005004
0,16.0,-0.7128620930552478,0.8592435223726669,0.2035241425037384,0.3682042062282562
0,17.0,-0.9083031405537343,1.5881269887583713,-0.2210192233324051,0.9900349974632264
0,18.0,-0.7880625847157272,0.855068715224211,0.2071426957845688,0.3944607973098755
0,19.0,-0.9389716464738391,1.517868930884638,-0.1887411624193191,0.98875892162323
0,20.0,-0.8082735392842358,0.9214474477414246,0.1643945127725601,0.3863676488399505
0,21.0,-0.9096026344175127,1.4834167555779465,-0.1607130467891693,0.980413019657135
0,22.0,-0.7921156934312327,0.9638756281640357,0.1818393915891647,0.3819120824337005
0,23.0,-0.011518906923737126,0.11134054410153761,-0.1433637589216232,0.9993335604667664
0,24.0,0.011518906923737126,-0.11134054410153761,0.1434062421321869,0.9985489249229432
0,25.0,0.7517941980218149,0.4247463116193687,-0.1059057936072349,0.8279280662536621
0,26.0,0.7242515388887887,0.2418808940632424,0.1908942908048629,0.20296211540699
0,27.0,1.4648235638202953,0.565342808430572,-0.0100814942270517,0.8567442297935486
0,28.0,1.3694144964701405,0.429992115059448,0.2805799841880798,0.3249681293964386
0,29.0,1.5970499128541304,0.47698148263471774,-0.0037657697685062,0.9423537850379944
0,30.0,1.4983124184036116,0.33833691850838804,0.2869430482387543,0.5465236306190491
0,31.0,1.5099932142921682,0.9340770406720581,-0.0695049539208412,0.8582785725593567
0,32.0,1.417417266428436,0.910888230620738,0.2183145731687545,0.5323936939239502
1,0.0,-1.3786093069800933,0.15392396540068515,0.0057132584042847,0.999804675579071
1,1.0,-1.43340846370594,0.059886771727880934,-0.0288542490452528,0.9998385906219482
1,2.0,-1.432993401777218,0.04310581920473579,-0.0289583206176757,0.9998156428337096
1,3.0,-1.4322134819631624,0.025318777652065794,-0.029005168005824,0.999849021434784
1,4.0,-1.4349106314392075,0.0672695273285185,0.0195160470902919,0.9998528957366944
1,5.0,-1.4354253483940576,0.055770793230595764,0.0195299629122018,0.9998551607131958
1,6.0,-1.435611730905141,0.04309301717367148,0.0195166077464818,0.9999125003814696
1,7.0,-1.3806782156081734,-0.09916967853861754,-0.1086132451891899,0.9998340010643004
1,8.0,-1.3842807322516926,-0.0915090435578193,0.1012362986803054,0.9999151229858398
1,9.0,-1.3144187308775965,0.13070585043414298,-0.0170924849808216,0.999810516834259
1,10.0,-1.3145483828196498,0.14291873704928082,0.0445969887077808,0.9997730255126952
1,11.0,-1.0226765709708372,-0.06619114447651282,-0.2087200134992599,0.9999027848243712
1,12.0,-0.9348664358198451,-0.3437178412323827,0.2589608132839203,0.9998108148574828
1,13.0,-0.6799608024445082,0.6163717335368712,-0.2546602487564087,0.9930453896522522
1,14.0,-0.5649966808353486,0.22444332596791208,0.3170098066329956,0.2337828129529953
1,15.0,-0.8318678204020216,1.4564874507172394,-0.2263609915971756,0.992790460586548
1,16.0,-0.6973954116125843,0.7853294252406396,0.2722424566745758,0.3687954246997833
1,17.0,-0.9122461254999629,1.5472714223784063,-0.2673964202404022,0.9895759224891664
1,18.0,-0.7759860762355351,0.758640453734367,0.2827359437942505,0.3928566575050354
1,19.0,-0.9441423858966993,1.484066037872373,-0.2405007630586624,0.9882022142410278
1,20.0,-0.7945088580440777,0.8007275073886221,0.2442880272865295,0.3847125172615051
1,21.0,-0.9128509587126975,1.4530030390857935,-0.2145584374666214,0.9796262383461
1,22.0,-0.7756095459101141,0.8296324853701057,0.2540204226970672,0.3807621002197265
1,23.0,-0.012157787677517918,0.11074396972184142,-0.1364672183990478,0.9993511438369752
1,24.0,0.012157787677517918,-0.11074396972184142,0.1365799158811569,0.9985438585281372
1,25.0,0.789273203869099,0.42909057007681634,-0.1261865198612213,0.8287100195884705
1,26.0,0.7696973922504624,0.24495745115749776,0.1275498569011688,0.1997220814228058
1,27.0,1.5881623646989078,0.6468952898772312,-0.1013771295547485,0.8627720475196838
1,28.0,1.5216106296807497,0.5125319493720573,0.1583734303712844,0.3369205296039581
1,29.0,1.7286769556203754,0.6382345903521148,-0.1038869246840477,0.9429941177368164
1,30.0,1.6882423680542848,0.5184788693317562,0.1565887480974197,0.5567461848258972
1,31.0,1.5298468540190082,1.1843355988466449,-0.1898486018180847,0.8656631708145142
1,32.0,1.4643772671561108,1.0021754988325327,0.0787552297115325,0.5481785535812378
2,0.0,-1.3713573952743217,0.11811020525974689,0.006956850644201,0.9998214840888976
2,1.0,-1.4310536010112687,0.026463812738453378,-0.0273668859153985,0.999851644039154
2,2.0,-1.4305883707234928,0.009210108810289216,-0.027462713420391,0.9998306035995485
2,3.0,-1.4296450414050652,-0.009570433610801345,-0.0274893660098314,0.9998613595962524
2,4.0,-1.4319670925092056,0.03481310358169278,0.021692220121622,0.9998646378517152
2,5.0,-1.432237903848246,0.02368492126223483,0.0217008870095014,0.9998664259910583
2,6.0,-1.432132556786472,0.01064585678992088,0.0216940157115459,0.9999193549156188
2,7.0,-1.377819144331685,-0.14461880626997262,-0.1077623888850212,0.9998459219932556
2,8.0,-1.3812456363684877,-0.14035168252945396,0.1065770089626312,0.9999207258224488
2,9.0,-1.305121534119957,0.08496663181992281,-0.0162812862545251,0.9998243451118468
2,10.0,-1.304180412674081,0.09924614217411185,0.0464658476412296,0.9997891187667848
2,11.0,-1.0205671346735021,-0.11536764905752957,-0.2118584215641021,0.999906837940216
2,12.0,-0.9123947530172359,-0.39810906972829774,0.2581368684768677,0.9998055696487428
2,13.0,-0.6977193936824257,0.615341523970944,-0.2616273164749145,0.9925561547279358
2,14.0,-0.5687094893713325,0.22121633947575953,0.3172397315502167,0.2389603108167648
2,15.0,-0.8394151028574872,1.4673731675763355,-0.2523085176944732,0.992425799369812
2,16.0,-0.7011588806262496,0.8077181275138369,0.2610487639904022,0.3736980855464935
2,17.0,-0.9278580615518187,1.541786547089382,-0.2964354753494262,0.9891393184661864
2,18.0,-0.7805166330146711,0.7865606525851663,0.2702480256557464,0.3940861821174621
2,19.0,-0.9558735671199284,1.4744767136435748,-0.2680789828300476,0.9876651763916016
2,20.0,-0.7988322605583502,0.8228093779823449,0.2286903262138366,0.3860023617744446
2,21.0,-0.9212051738135116,1.4490927398293447,-0.2402748018503189,0.9788638353347778
2,22.0,-0.7794772927812611,0.859668233188794,0.2408834099769592,0.3828911781311035
2,23.0,-0.012431205617668483,0.10879500171597498,-0.1344721913337707,0.9993562698364258
2,24.0,0.012431205617668483,-0.10879500171597498,0.1345931887626648,0.9985098242759703
2,25.0,0.8055030636053664,0.43531159606800846,-0.128284066915512,0.8309334516525269
2,26.0,0.7926693943624761,0.2562614589216476,0.1249880045652389,0.2001163065433502
2,27.0,1.6197419849968182,0.6902244864347982,-0.0987987592816352,0.8698112964630127
2,28.0,1.5419741531742428,0.5486562030470324,0.1668868064880371,0.3523330092430115
2,29.0,1.7655208705877679,0.6858975608891525,-0.1015975549817085,0.9441986680030824
2,30.0,1.7177944881871616,0.5576751731763777,0.166215494275093,0.5691318511962891
2,31.0,1.5371920273904152,1.2464317397743556,-0.1941457241773605,0.8730757236480713
2,32.0,1.4686626913109415,1.040674923908804,0.0859477072954177,0.5656007528305054
3,0.0,-1.3699725104236211,0.1050502493076639,0.0099657196551561,0.9998350739479064
3,1.0,-1.430230446183145,0.013481864026201837,-0.0239690952003002,0.9998618960380554
3,2.0,-1.4297124627707845,-0.0044348336802339456,-0.0240632127970457,0.999842405319214
3,3.0,-1.42869648407139,-0.023127526075012807,-0.0240867659449577,0.9998711943626404
3,4.0,-1.4306670855158503,0.022840354907334492,0.0248458944261074,0.9998735189437866
3,5.0,-1.4306138892709128,0.011056722491226804,0.024852268397808,0.9998745322227478
3,6.0,-1.4302788984109955,-0.0025686006116918654,0.0248510036617517,0.9999243021011353
3,7.0,-1.3757795036061555,-0.16084242039554544,-0.1047604531049728,0.9998549222946168
3,8.0,-1.3797960414864212,-0.15704923083974515,0.1086635962128639,0.9999238848686218
3,9.0,-1.3014126712686245,0.07167235713912544,-0.0135862026363611,0.9998347759246826
3,10.0,-1.2994542145079075,0.08560458652080516,0.0490337163209915,0.9997999668121338
3,11.0,-1.0206757823388928,-0.13599085525748414,-0.2096946537494659,0.9999106526374816
3,12.0,-0.8995634297380815,-0.42318833641724407,0.256291002035141,0.9997946619987488
3,13.0,-0.709169831117214,0.6165408101221768,-0.2591300308704376,0.9923139214515686
3,14.0,-0.5712115370933276,0.23610960392266517,0.3178654313087463,0.2428580075502395
3,15.0,-0.8423131375582789,1.4660002085134871,-0.2393725365400314,0.9921307563781738
3,16.0,-0.7030925554678313,0.8317018466447592,0.2607210278511047,0.3757641911506653
3,17.0,-0.9339240292328422,1.544012090566575,-0.2817637622356415,0.9887810349464417
3,18.0,-0.782535233074418,0.8073515027253506,0.2685456573963165,0.3934394717216491
3,19.0,-0.9630173781824691,1.4769605325775021,-0.2553656995296478,0.987236499786377
3,20.0,-0.8009522664496503,0.8484852935494054,0.2269636243581771,0.3854112029075622
3,21.0,-0.9258044226006409,1.4526160079857193,-0.227664902806282,0.9783210158348083
3,22.0,-0.7817045873092304,0.8838819863760102,0.2402592003345489,0.3829295933246612
3,23.0,-0.012956606454307401,0.1082157105224863,-0.132055714726448,0.9993543028831482
3,24.0,0.012956606454307401,-0.1082157105224863,0.132191315293312,0.9984580874443054
3,25.0,0.8112284399961301,0.4440799756122804,-0.1308167278766632,0.8268784284591675
3,26.0,0.7988423806635097,0.26649459059123287,0.1147185117006301,0.1946691870689392
3,27.0,1.6392714476489985,0.7230426021514006,-0.1018256098031997,0.8723634481430054
3,28.0,1.5604220884461175,0.5862653786215427,0.1516301333904266,0.3540922403335571
3,29.0,1.7851933650232594,0.7131558175274377,-0.1040833890438079,0.9439573884010316
3,30.0,1.731553333100375,0.5917041728245499,0.1502366513013839,0.5716401934623718
3,31.0,1.5450967626333911,1.2825390736889206,-0.1950277835130691,0.8773223161697388
3,32.0,1.4807706740876934,1.0826312539193381,0.0660016685724258,0.5710535645484924
4,0.0,-1.3650541407501664,0.06238822002713011,0.0063266577199101,0.999845802783966
4,1.0,-1.4261009551191486,-0.030457420916680366,-0.0273473672568798,0.9998692870140076
4,2.0,-1.4252553603195162,-0.04817325275669225,-0.0274331755936145,0.9998511075973512
4,3.0,-1.4240374819630957,-0.06711528213875123,-0.0274332482367753,0.9998784065246582
4,4.0,-1.4268389046987042,-0.021253628551837125,0.0214520953595638,0.9998800158500672
4,5.0,-1.426669558851897,-0.03272376875858074,0.0214517526328563,0.9998806118965148
4,6.0,-1.4263827360201813,-0.04632336838918781,0.0214563142508268,0.9999279975891112
4,7.0,-1.368756934643585,-0.20643617963356764,-0.105996586382389,0.999859631061554
4,8.0,-1.3742837099856253,-0.19745776157024375,0.1078508421778678,0.9999250173568726
4,9.0,-1.2954590480292338,0.03287880812707559,-0.0163514818996191,0.9998405575752258
4,10.0,-1.2936259280812492,0.04809711960338258,0.0462443381547927,0.9998060464859008
4,11.0,-1.0097159457694682,-0.1713140904974653,-0.2141248732805252,0.9999079704284668
4,12.0,-0.8947406408176913,-0.43946009838479777,0.2536669671535492,0.9997760653495787
4,13.0,-0.7147071614457287,0.6204823003636494,-0.254306435585022,0.9915010333061218
4,14.0,-0.5838157418111507,0.24477249957992914,0.3049130141735077,0.2453371584415435
4,15.0,-0.8450532962769665,1.4636605026196967,-0.2307895123958587,0.9910520911216736
4,16.0,-0.7051187958180579,0.8412744952785051,0.2346699386835098,0.3735837638378143
4,17.0,-0.9391154290462594,1.5377325146662524,-0.2649836242198944,0.9874566197395324
4,18.0,-0.7867598802538391,0.823890926670487,0.239946499466896,0.388842225074768
4,19.0,-0.9715613874242202,1.4692522558434116,-0.2452301532030105,0.9857526421546936
4,20.0,-0.8061699268515253,0.8659434016265763,0.198443979024887,0.3809005916118622
4,21.0,-0.9313242596104583,1.4466003738649786,-0.2220665365457534,0.9763049483299256
4,22.0,-0.7859057771961797,0.894356697796199,0.2137214839458465,0.3787325322628021
4,23.0,-0.014064843784358698,0.10662082581044464,-0.1324669271707534,0.9993206858634948
4,24.0,0.014064843784358698,-0.10662082581044464,0.1325831860303878,0.9983596801757812
4,25.0,0.80845329120948,0.4377042460245268,-0.1282003223896026,0.8288173079490662
4,26.0,0.8030112833270435,0.2710298661896038,0.1228691413998603,0.1944059133529663
4,27.0,1.6327736643258706,0.7305607561880634,-0.0893628671765327,0.8776580095291138
4,28.0,1.5503396102419589,0.5984301560399302,0.170889139175415,0.3650996685028076
4,29.0,1.773900833487786,0.724634722960082,-0.0906567499041557,0.9453091621398926
4,30.0,1.7187252213506103,0.6159692682095114,0.1710180640220642,0.5806217789649963
4,31.0,1.536035400798436,1.27772090564595,-0.1793469935655594,0.882628858089447
4,32.0,1.4791074656524674,1.1142098331213908,0.0901005715131759,0.5833187699317932
5,0.0,-1.3716320441127663,-0.00990936289922595,0.0044501228258013,0.9998578429222108
5,1.0,-1.4348159135296161,-0.10359140681427839,-0.028912654146552,0.999878704547882
5,2.0,-1.4334487528900892,-0.12184726481372248,-0.0289856791496276,0.999861776828766
5,3.0,-1.4317214961488935,-0.14141544487382945,-0.0289551857858896,0.9998871088027954
5,4.0,-1.4355973474291195,-0.09645161403786018,0.0208273287862539,0.9998884797096252
5,5.0,-1.4350189747644133,-0.10934026500079592,0.0208222586661577,0.9998888969421388
5,6.0,-1.4343339046104262,-0.12478483751917545,0.0208437554538249,0.999933123588562
5,7.0,-1.3713672340041967,-0.2821407478175924,-0.107104405760765,0.999867618083954
5,8.0,-1.3765429814936905,-0.27785332190848555,0.1081755980849266,0.9999290704727172
5,9.0,-1.298580970935355,-0.024175761834254766,-0.0182562172412872,0.9998505115509032
5,10.0,-1.2958114008125472,-0.01254237545108354,0.0457302331924438,0.9998178482055664
5,11.0,-1.0001283768897273,-0.2163828886430148,-0.2172146737575531,0.999908447265625
5,12.0,-0.8776986185932335,-0.47192356566018095,0.2562392652034759,0.9997743368148804
5,13.0,-0.7417789502795366,0.6484944068147429,-0.2621172368526459,0.9914471507072448
5,14.0,-0.6145807081127616,0.33072227653132347,0.3024191856384277,0.2621868252754211
5,15.0,-0.8612020329214898,1.5200068533289726,-0.2364460378885269,0.9908776879310608
5,16.0,-0.7214295899087296,1.0866278983148887,0.203240618109703,0.3878225088119507
5,17.0,-0.9542763512677731,1.6242315981812234,-0.2835998237133026,0.9871420860290528
5,18.0,-0.8111061986647156,1.0664173778142678,0.2074690759181976,0.3982738852500915
5,19.0,-0.986590411794168,1.5384856158871267,-0.2514287829399109,0.9853839874267578
5,20.0,-0.8321314999925651,1.0886943934786264,0.1584555357694625,0.390617161989212
5,21.0,-0.9462437991068982,1.5093089560437314,-0.2234434187412262,0.9758373498916626
5,22.0,-0.8107994830062862,1.126781149539114,0.1790418326854705,0.3890124261379242
5,23.0,-0.014678607535919166,0.1039028138655816,-0.1332681328058242,0.999276638031006
5,24.0,0.014678607535919166,-0.1039028138655816,0.1333502680063247,0.9982560276985168
5,25.0,0.8167713725459151,0.45700138607802665,-0.1271819025278091,0.8315138220787048
5,26.0,0.822048301968202,0.28913447344291077,0.1309515535831451,0.1941732168197631
5,27.0,1.641548416839482,0.7668678853969695,-0.0821509435772895,0.8830094933509827
5,28.0,1.5583827006260125,0.62333180414975,0.1867642700672149,0.3766796290874481
5,29.0,1.78202824582098,0.7628660004811586,-0.0832747668027877,0.9471473097801208
5,30.0,1.7294603011084813,0.6385691946152674,0.1880250871181488,0.5931567549705505
5,31.0,1.552643732402851,1.3048408105619183,-0.1795011162757873,0.8873580694198608
5,32.0,1.5052185686353274,1.1467345309924861,0.1030501350760459,0.5959347486495972
6,0.0,-1.362816832190242,-0.03443983013527336,0.0031731813214719,0.999868392944336
6,1.0,-1.4293524865964604,-0.12706493634140498,-0.0301154032349586,0.9998865723609924
6,2.0,-1.428253472494324,-0.14562310667626888,-0.0301779005676507,0.9998708367347716
6,3.0,-1.4268873395489614,-0.16541524441878916,-0.0301267094910144,0.9998943209648132
6,4.0,-1.4298319826603925,-0.12149725715085195,0.0190081112086772,0.9998955130577089
6,5.0,-1.4293764360563135,-0.1352784606204633,0.0190002080053091,0.9998959302902222
6,6.0,-1.4289034025450398,-0.15169461154076333,0.0190398748964071,0.9999374151229858
6,7.0,-1.3685726857082106,-0.3063270234901429,-0.1079888269305229,0.9998732805252076
6,8.0,-1.3726001231817717,-0.303642656519123,0.1053253710269928,0.9999321103096008
6,9.0,-1.2912260043626493,-0.04873322258226682,-0.0193378888070583,0.9998583197593688
6,10.0,-1.2877268488897573,-0.03891495777634874,0.0438654422760009,0.9998269081115724
6,11.0,-0.9940138411723762,-0.2434461326875005,-0.2180619686841964,0.99990713596344
6,12.0,-0.8640552018404967,-0.4965399694774168,0.2509228885173797,0.999768614768982
6,13.0,-0.7607766409348482,0.670687516422024,-0.2528952658176422,0.9914122223854064
6,14.0,-0.6312038540117091,0.35378724991536353,0.2866542935371399,0.2743344306945801
6,15.0,-0.8710410945478384,1.547952175896914,-0.2207911014556884,0.9905374646186828
6,16.0,-0.7333418377314552,1.1000625562676705,0.1899093985557556,0.3955392837524414
6,17.0,-0.9638928969638999,1.6604274561027759,-0.2642437815666199,0.9865814447402954
6,18.0,-0.8236830017979693,1.0545755625875746,0.1937128752470016,0.401776373386383
6,19.0,-0.9971581898326332,1.5716464282781044,-0.2296349257230758,0.9847486615180968
6,20.0,-0.8454904422362552,1.0912212773636862,0.1488145887851715,0.3939591348171234
6,21.0,-0.9570162340681622,1.539898568116979,-0.2062615901231765,0.9750481247901917
6,22.0,-0.8339428743688989,1.1542821059070218,0.1677509099245071,0.3924355506896972
6,23.0,-0.016320099647451035,0.10373030600816367,-0.1316671371459961,0.999248206615448
6,24.0,0.016320099647451035,-0.10373030600816367,0.1317057162523269,0.9981898069381714
6,25.0,0.8182400118587134,0.4744638895952787,-0.1149548441171646,0.8354991674423218
6,26.0,0.8281272105596577,0.2968622983296717,0.130179077386856,0.19871586561203
6,27.0,1.6356784137543097,0.7970225644631516,-0.0819290950894355,0.8891711235046387
6,28.0,1.546595039838586,0.639565129984886,0.1888711005449295,0.3931921720504761
6,29.0,1.7785259174220245,0.8032899733749079,-0.0789041146636009,0.949588656425476
6,30.0,1.7213460117981108,0.6543319360933094,0.1905362755060196,0.6067987084388733
6,31.0,1.5449500033951493,1.3299984058303507,-0.1649945825338363,0.8931770920753479
6,32.0,1.4982320835086478,1.1775630083514932,0.1088102683424949,0.6120732426643372
7,0.0,-1.3591648978539714,-0.061349639888376786,0.0038142963312566,0.9998794198036194
7,1.0,-1.4260455298394081,-0.15781676604908335,-0.0291424915194511,0.999895453453064
7,2.0,-1.4249805546378709,-0.17579897488020005,-0.0292035322636365,0.999880850315094
7,3.0,-1.423646479924669,-0.19540764539392458,-0.0291570499539375,0.9999024271965028
7,4.0,-1.4260423112476877,-0.15325065726202605,0.0195394232869148,0.9999035596847534
7,5.0,-1.425271490085521,-0.16721884045056215,0.0195295922458171,0.9999039769172668
7,6.0,-1.4245182134037107,-0.18406507573337294,0.019572053104639,0.9999423623085022
7,7.0,-1.365493154053017,-0.33399364146301985,-0.1066920310258865,0.999881148338318
7,8.0,-1.3687655782974786,-0.3331777600167699,0.1052606031298637,0.9999367594718932
7,9.0,-1.2890092541287683,-0.07526304390802792,-0.0186745934188365,0.999868392944336
7,10.0,-1.2848967774453346,-0.06643551968342562,0.0440345332026481,0.9998390078544616
7,11.0,-0.9901851012827338,-0.25076590834996954,-0.2150854468345642,0.9999078512191772
7,12.0,-0.86421585853754,-0.4983649748858285,0.2512448728084564,0.9997723698616028
7,13.0,-0.7771089019763081,0.687552281567796,-0.2416773289442062,0.9914107322692872
7,14.0,-0.6519710656491914,0.38503318542697196,0.281139999628067,0.293311595916748
7,15.0,-0.8774022394862754,1.5658582511213899,-0.2093472480773925,0.9903975129127502
7,16.0,-0.7477662003464332,1.182276335012021,0.1822311729192733,0.4108010828495025
7,17.0,-0.9697461603244808,1.6743682115255376,-0.2557558715343475,0.9862664937973022
7,18.0,-0.8430982364938158,1.1215232074557877,0.1861918121576309,0.4121457934379577
7,19.0,-1.0038565429365958,1.5860172377096275,-0.2187307178974151,0.9844022393226624
7,20.0,-0.86884949464108,1.1749702580264496,0.1388522088527679,0.4045479893684387
7,21.0,-0.9636859938828349,1.5544139487186233,-0.1942519843578338,0.9746997952461244
7,22.0,-0.8491118280199814,1.2211912546370538,0.1592192649841308,0.4036623537540436
7,23.0,-0.017245466875398737,0.10037108858838463,-0.1315234750509262,0.9991961717605592
7,24.0,0.017245466875398737,-0.10037108858838463,0.1315330862998962,0.9981078505516052
7,25.0,0.8141261146792549,0.48705446492319565,-0.1065154001116752,0.8393400311470032
7,26.0,0.8316170780603708,0.31057340103687947,0.1332871317863464,0.2013163119554519
7,27.0,1.6286401012156142,0.8288421471204257,-0.0635574609041214,0.8941526412963867
7,28.0,1.543539273940691,0.6649698847431729,0.1941192597150802,0.4055792093276977
7,29.0,1.775715101391917,0.8420030317739657,-0.0634208098053932,0.9516029357910156
7,30.0,1.723456026714217,0.6881586390040251,0.1957893222570419,0.6191127896308899
7,31.0,1.5291121574386397,1.3510597896964496,-0.1617901474237442,0.8976848125457764
7,32.0,1.4786865440679045,1.208132102725729,0.1159880384802818,0.6250812411308289
8,0.0,-1.357927325980608,-0.06580297284039721,0.0054354700259864,0.9998887777328492
8,1.0,-1.4242408549667307,-0.16989174186062783,-0.0270058158785104,0.9999027252197266
8,2.0,-1.4231663211608954,-0.1861349025313204,-0.027064686641097,0.9998891353607178
8,3.0,-1.421818890879339,-0.20492090211759506,-0.0270228758454322,0.9999091625213624
8,4.0,-1.4243665748557075,-0.16492259717980653,0.0210054628551006,0.9999099969863892
8,5.0,-1.4236335863738794,-0.1774674033987953,0.0209975447505712,0.999910295009613
8,6.0,-1.4229331919373422,-0.1931792433775356,0.0210413951426744,0.9999462962150574
8,7.0,-1.363255508542562,-0.3437662495334076,-0.1048902720212936,0.9998871088027954
8,8.0,-1.3668560808583943,-0.3407492238894323,0.1052144765853881,0.9999400973320008
8,9.0,-1.2873649932991538,-0.08269499411926266,-0.0172938033938407,0.9998764991760254
8,10.0,-1.283382605024206,-0.07329431773630793,0.0446665845811367,0.9998484253883362
8,11.0,-0.9903068915868867,-0.2610531336283465,-0.2124509364366531,0.9999096989631652
8,12.0,-0.8582877943590339,-0.5022932406294371,0.2502662241458893,0.9997732043266296
8,13.0,-0.7838511748887492,0.6852247399836744,-0.2379226237535476,0.991475522518158
8,14.0,-0.6511737786226203,0.3768694666663489,0.285232812166214,0.3090709149837494
8,15.0,-0.8781437343818264,1.5741159518013392,-0.2091852873563766,0.990443229675293
8,16.0,-0.7496357331524268,1.1716985425311928,0.1913720667362213,0.42569300532341
8,17.0,-0.9709553412688182,1.6707508779546019,-0.2553846538066864,0.9862542152404784
8,18.0,-0.8442746201074305,1.10445815970892,0.1958718448877334,0.4230266809463501
8,19.0,-1.0049704365954792,1.590061109772234,-0.2187610119581222,0.9843994975090028
8,20.0,-0.8689792704429256,1.1548180990599208,0.1499961018562317,0.4155611097812652
8,21.0,-0.9640337000139465,1.5622207612649313,-0.1942105591297149,0.9748128652572632
8,22.0,-0.850454023218973,1.2039653889112405,0.1689508557319641,0.4147814512252807
8,23.0,-0.01843010784851033,0.0975040167971821,-0.1300383061170578,0.9991543889045716
8,24.0,0.01843010784851033,-0.0975040167971821,0.1300313621759414,0.9980391263961792
8,25.0,0.8113714976926806,0.49630008920526775,-0.1022228747606277,0.8411182761192322
8,26.0,0.8293387449289218,0.32312679396630084,0.1285630613565445,0.2016634941101074
8,27.0,1.6232750711517214,0.8573275914031846,-0.0553069896996021,0.8972751498222351
8,28.0,1.5359884695557726,0.6923322553887148,0.1915497779846191,0.4112506806850433
8,29.0,1.7742846672847552,0.8624928037386865,-0.0556489862501621,0.9529412984848022
8,30.0,1.7144435102805844,0.7188489584583215,0.193624347448349,0.6256632804870605
8,31.0,1.518064764943742,1.360754324565169,-0.1570337563753128,0.9007455706596376
8,32.0,1.467421924381109,1.225352116451065,0.110745258629322,0.6325817704200745
9,0.0,-1.3579627357338921,-0.07266208619998332,0.0054906923323869,0.9998959898948668
9,1.0,-1.4233073975370425,-0.1804256864914632,-0.0270736813545227,0.9999079704284668
9,2.0,-1.4222147609298597,-0.19630470452301502,-0.0271373819559812,0.9998952150344848
9,3.0,-1.4208666085242498,-0.21466530400138903,-0.0271025411784648,0.9999139308929444
9,4.0,-1.4234344046552616,-0.17557789361062492,0.0209650807082653,0.9999146461486816
9,5.0,-1.4226458969158937,-0.18807013857644006,0.0209586042910814,0.9999150633811952
9,6.0,-1.4218930512737593,-0.20368287961531148,0.0210000090301036,0.9999492168426514
9,7.0,-1.3619277352954822,-0.3532224370385005,-0.1057398840785026,0.9998902082443236
9,8.0,-1.3656181367083706,-0.35162377404109224,0.1049129292368888,0.9999423027038574
9,9.0,-1.2870878836910773,-0.09273071244061644,-0.0174160785973072,0.999881625175476
9,10.0,-1.2831801937453928,-0.08359846268507101,0.0445907115936279,0.9998541474342346
9,11.0,-0.9903555851030267,-0.2572486009624092,-0.213791474699974,0.9999085068702698
9,12.0,-0.8580612168608653,-0.5065284124502611,0.2501416504383087,0.9997678399086
9,13.0,-0.7915579122881077,0.697743572612241,-0.2402353733778,0.991447925567627
9,14.0,-0.6526321457827461,0.35394368731378706,0.2845201790332794,0.3165085613727569
9,15.0,-0.8809963249381159,1.5873519812069485,-0.2090282291173935,0.990309715270996
9,16.0,-0.7489480877319519,1.1021437469149855,0.1926262080669403,0.4318180382251739
9,17.0,-0.9807106770584718,1.6810316808244856,-0.2550999820232391,0.986037254333496
9,18.0,-0.8442999017541833,1.0659933917743125,0.1973521113395691,0.4264919757843017
9,19.0,-1.0136305467104088,1.6002048513104075,-0.2187471538782119,0.9841601848602296
9,20.0,-0.8694010130002771,1.134239634425569,0.1518779695034027,0.418927252292633
9,21.0,-0.9707355505065471,1.574672541513197,-0.194176897406578,0.9745643138885498
9,22.0,-0.8523813083779005,1.2053165716860432,0.1705282181501388,0.4182468950748443
9,23.0,-0.01891655280472691,0.09889237206165406,-0.1303459703922271,0.9991036057472228
9,24.0,0.01891655280472691,-0.09889237206165406,0.1303391307592392,0.9979329705238342
9,25.0,0.8032301792778725,0.5120296350565583,-0.1013908237218856,0.8428142666816711
9,26.0,0.825027353627945,0.3357352461169447,0.1312263906002044,0.2029684782028198
9,27.0,1.6106813744364255,0.879894303568503,-0.053397960960865,0.9005343317985535
9,28.0,1.5225054000284999,0.7127624458845423,0.1944278627634048,0.4173304438591003
9,29.0,1.7652258882286138,0.8872151690448936,-0.0539956763386726,0.9545257687568665
9,30.0,1.7006014130943417,0.743353267761686,0.1965941935777664,0.6328956484794617
9,31.0,1.5029610691822888,1.3807242882712705,-0.156195655465126,0.9036188125610352
9,32.0,1.4510458147212133,1.243751803653005,0.1146339923143386,0.6398138403892517
10,0.0,-1.3529051360070383,-0.12025505119804251,0.0057201590389013,0.9999022483825684
10,1.0,-1.417984952378314,-0.2183262867550376,-0.0269805025309324,0.999912440776825
10,2.0,-1.4164103679929,-0.23586076695648428,-0.0270470902323722,0.9999004006385804
10,3.0,-1.4146396988303083,-0.2544145895823492,-0.0270151849836111,0.9999179244041444
10,4.0,-1.4180295905742601,-0.2140910047764411,0.0209468863904476,0.9999185800552368
10,5.0,-1.4167927768275306,-0.2280817841855092,0.0209411513060331,0.9999191164970398
10,6.0,-1.4156219878218799,-0.24453848198455808,0.0209814794361591,0.9999517798423768
10,7.0,-1.353831347487825,-0.3880571206721047,-0.1059059649705886,0.9998924136161804
10,8.0,-1.3561042896100948,-0.38823666817891855,0.1043378114700317,0.9999442100524902
10,9.0,-1.2813557032224767,-0.13136486403309613,-0.0172013230621814,0.9998857975006104
10,10.0,-1.2769143892364077,-0.12314845180992497,0.0445743426680564,0.9998589158058168
10,11.0,-0.9828603356116473,-0.2705325841898739,-0.2135631591081619,0.999907612800598
10,12.0,-0.8508521344592611,-0.5279024958926882,0.2492720186710357,0.9997642636299132
10,13.0,-0.8036419577801639,0.6988573364974807,-0.2388491779565811,0.991521656513214
10,14.0,-0.6590508833265027,0.32649545314538886,0.2811764776706695,0.3241741359233856
10,15.0,-0.8849771027072163,1.6007645008253808,-0.2070811837911605,0.99019455909729
10,16.0,-0.7492777330733369,1.0222059833392374,0.1881492882966995,0.4373791515827179
10,17.0,-0.9846319373270793,1.6971991683181897,-0.2530589401721954,0.9858034253120422
10,18.0,-0.839547480250816,1.0177364440872079,0.1928801983594894,0.4294600188732147
10,19.0,-1.0173522323170872,1.6156336206694435,-0.2162110209465026,0.983897626399994
10,20.0,-0.8686418854581375,1.0961188780417475,0.1468017250299453,0.421726256608963
10,21.0,-0.9747874121854728,1.5901871134918342,-0.1919595152139663,0.9742924571037292
10,22.0,-0.8534295861689176,1.2198052263298418,0.1660807728767395,0.4211618900299072
10,23.0,-0.017386017789302825,0.10027902332083631,-0.1302023828029632,0.9990548491477966
10,24.0,0.017386017789302825,-0.10027902332083631,0.1301817893981933,0.9978266954421996
10,25.0,0.7964764704375955,0.5230634170352219,-0.0987545549869537,0.8450360894203186
10,26.0,0.8169787067973753,0.34522434702443516,0.1325148046016693,0.2048775106668472
10,27.0,1.5939083723449678,0.8977004806363994,-0.0513901077210903,0.9038129448890686
10,28.0,1.4989948850449286,0.7289758090636105,0.1960151344537735,0.423337310552597
10,29.0,1.750852041718589,0.9031896109936045,-0.0522510334849357,0.956201195716858
10,30.0,1.6794602725341934,0.7619061149532087,0.1982844769954681,0.6404558420181274
10,31.0,1.4822696120279315,1.39777410769597,-0.1543953418731689,0.9064305424690248
10,32.0,1.4293854108485313,1.260383708912044,0.1168586835265159,0.6473326086997986
11,0.0,-1.3470279111566557,-0.1413873243516634,0.0057548601180315,0.9999076724052428
11,1.0,-1.4108611159195037,-0.23901763121577496,-0.0270624496042728,0.999916136264801
11,2.0,-1.408934116009951,-0.2564570820875021,-0.0271309688687324,0.9999047517776488
11,3.0,-1.4067030313607771,-0.27478549086038345,-0.0271019656211137,0.9999213218688964
11,4.0,-1.4106267968720696,-0.23615748435798498,0.0208924934267997,0.9999217987060548
11,5.0,-1.4089392929694424,-0.2510387776755589,0.0208876635879278,0.999922513961792
11,6.0,-1.4072421747134742,-0.26814517748670386,0.0209263805299997,0.9999539256095886
11,7.0,-1.3433634866636706,-0.4072241942101207,-0.1063378378748893,0.9998934864997864
11,8.0,-1.3457086493130543,-0.4108926863141349,0.1029862090945243,0.9999454617500304
11,9.0,-1.2753262210113787,-0.1504620412954754,-0.0172717273235321,0.9998890161514282
11,10.0,-1.2706303489702986,-0.14338809593396157,0.0445591211318969,0.9998623132705688
11,11.0,-0.9780594137788785,-0.2821205028933677,-0.214159294962883,0.9999065399169922
11,12.0,-0.8411955194128717,-0.5487293560206725,0.2485744357109069,0.99975848197937
11,13.0,-0.8173167937610288,0.7035181028411498,-0.2398717701435089,0.9916749596595764
11,14.0,-0.6674978047908892,0.30666742610235936,0.2790312767028808,0.3310298025608063
11,15.0,-0.8867803733835373,1.604614494870229,-0.2070584744215011,0.9901689887046814
11,16.0,-0.7522848147236837,0.9929458840559433,0.1867114901542663,0.4420992732048034
11,17.0,-0.9857582921075101,1.6994344522964155,-0.252983033657074,0.985653281211853
11,18.0,-0.8373173604494757,0.9944656914493475,0.1927133947610855,0.4314959943294525
11,19.0,-1.0181941620150137,1.6201554807400738,-0.2158469259738922,0.9837298393249512
11,20.0,-0.8679208332190761,1.0672986088738592,0.1458324939012527,0.4237785935401916
11,21.0,-0.9763776415099731,1.5955392848826555,-0.1918011456727981,0.9741286635398864
11,22.0,-0.8464860022297658,1.1402266837442518,0.1644739657640457,0.4236080050468445
11,23.0,-0.017036264336137134,0.10214966923873962,-0.1301863640546798,0.9989908933639526
11,24.0,0.017036264336137134,-0.10214966923873962,0.1301572322845459,0.997681200504303
11,25.0,0.781489029299454,0.5301994156104664,-0.0947927087545394,0.8474100232124329
11,26.0,0.8016271551972307,0.3603354860133864,0.1336857229471206,0.2065237462520599
11,27.0,1.5685510554908775,0.9134393728038817,-0.044104479253292,0.9070282578468324
11,28.0,1.471454221976211,0.7394526112769897,0.2015685439109802,0.4296832978725433
11,29.0,1.722304533674112,0.9106344468473281,-0.0448520332574844,0.957775056362152
11,30.0,1.6500203739556372,0.7761077031695887,0.2046889513731002,0.6483547687530518
11,31.0,1.4572959773342011,1.402428834996326,-0.1434482485055923,0.9092363119125366
11,32.0,1.4016308436690832,1.2634942800948938,0.1254936158657074,0.6555444598197937
12,0.0,-1.3521149197986357,-0.1607492549016551,0.0069618253037333,0.9999138116836548
12,1.0,-1.4134013247953463,-0.2650832962158535,-0.0247715786099433,0.9999208450317384
12,2.0,-1.4111541440860427,-0.28261078827712527,-0.0248365886509418,0.9999101161956788
12,3.0,-1.408510974627372,-0.30059537998374575,-0.024802615866065,0.9999256730079652
12,4.0,-1.4133092272252927,-0.2609661960139735,0.021974790841341,0.999925971031189
12,5.0,-1.4114946894822,-0.27513653143468897,0.0219670739024877,0.9999268054962158
12,6.0,-1.409584234738055,-0.29139202976588496,0.0220097843557596,0.9999566078186036
12,7.0,-1.3435664787896298,-0.427808675433344,-0.100839152932167,0.9998965859413148
12,8.0,-1.3464456521217953,-0.42937747591426767,0.1029940843582153,0.9999476671218872
12,9.0,-1.28106487869802,-0.16359115797971846,-0.0155110014602541,0.9998939633369446
12,10.0,-1.2768111414323418,-0.1549915242745825,0.0449068360030651,0.9998676776885986
12,11.0,-0.9798174848805318,-0.28460699540756756,-0.208539068698883,0.9999048709869384
12,12.0,-0.8458917242615944,-0.5319625874533376,0.2473014891147613,0.999752163887024
12,13.0,-0.8319642307279362,0.708788320259048,-0.2329779267311096,0.9918424487113952
12,14.0,-0.679260422414226,0.3249722206930578,0.2749575674533844,0.3394637703895569
12,15.0,-0.8958262258961279,1.6208369016818978,-0.2046779841184616,0.990266740322113
12,16.0,-0.7618694169993935,1.012031921206979,0.186096116900444,0.4482458233833313
12,17.0,-0.9950674871994121,1.711202421381063,-0.2510233521461487,0.9856879115104676
12,18.0,-0.8470870829567896,1.0144041574796328,0.1920624375343322,0.4349223673343658
12,19.0,-1.0271306247753234,1.6349360231956014,-0.2129386961460113,0.9837700128555298
12,20.0,-0.8797019435008608,1.0862759922822633,0.1450667381286621,0.4273684620857239
12,21.0,-0.9855332017666166,1.6128680901288328,-0.1892379820346832,0.97431880235672
12,22.0,-0.8597328493716978,1.1917014052025265,0.1638773828744888,0.4279214143753052
12,23.0,-0.016531975852533663,0.09824833245102921,-0.1287511885166168,0.9989082217216492
12,24.0,0.016531975852533663,-0.09824833245102921,0.1286899894475937,0.997530996799469
12,25.0,0.7785478865118514,0.5426741200859462,-0.0912701860070228,0.8489537239074707
12,26.0,0.7995315940047468,0.37645839697274536,0.1332117617130279,0.206714391708374
12,27.0,1.5617552324274226,0.9371858585232917,-0.0389616936445236,0.9091097712516784
12,28.0,1.4680118572358358,0.7598452417774432,0.2006866335868835,0.43302983045578
12,29.0,1.7078211160799972,0.9286818338005791,-0.0394276231527328,0.9588789939880372
12,30.0,1.6465820843484182,0.7985328744022678,0.2038470357656479,0.6543304324150085
12,31.0,1.441456955197555,1.4181549762957961,-0.1371063888072967,0.9108049273490906
12,32.0,1.3894589751640187,1.2800645573986706,0.123599462211132,0.6607328057289124
13,0.0,-1.3537064178407219,-0.1633116205410178,0.0069049810990691,0.9999173283576964
13,1.0,-1.4138951174367174,-0.2684727875004569,-0.0249745976179838,0.9999225735664368
13,2.0,-1.4116518643232465,-0.28437535850276424,-0.0250413417816162,0.9999120831489564
13,3.0,-1.408858229030815,-0.30233584296682686,-0.0250118356198072,0.9999272227287292
13,4.0,-1.4138094016771305,-0.2651529714050732,0.0216297730803489,0.9999274611473083
13,5.0,-1.4119719964489366,-0.2784464502656816,0.0216178856790065,0.9999284744262696
13,6.0,-1.409922967036602,-0.29489529840342454,0.0216620974242687,0.9999577403068542
13,7.0,-1.3423493554073724,-0.4278835138446476,-0.1015888750553131,0.9998943209648132
13,8.0,-1.3458548175010032,-0.4315361448121361,0.1001121178269386,0.9999473690986632
13,9.0,-1.2821275091166413,-0.16777251619790348,-0.015633912757039,0.9998947381973268
13,10.0,-1.2780979493764746,-0.15980554575432365,0.0441635996103286,0.9998680353164672
13,11.0,-0.9824930298668795,-0.278873864946794,-0.2095697969198227,0.9999008178710938
13,12.0,-0.8473645550161643,-0.52835672109786,0.2458200305700302,0.9997418522834778
13,13.0,-0.8397741457294247,0.7101328274169928,-0.2340456396341323,0.9919350147247314
13,14.0,-0.6856690962381027,0.3075226573653726,0.2734869718551636,0.3430556356906891
13,15.0,-0.8974137358346391,1.6195318198830093,-0.1992340236902237,0.9901031851768494
13,16.0,-0.7660155814318667,0.9885758466015186,0.1872996538877487,0.4492041766643524
13,17.0,-0.9951831285985321,1.7089617248207019,-0.2433581799268722,0.9853262305259703
13,18.0,-0.8504487293593177,1.0108126835717344,0.1938076913356781,0.4336792528629303
13,19.0,-1.024310434299721,1.633797765174039,-0.2049321234226226,0.9833749532699584
13,20.0,-0.8821244705889167,1.0628597339317396,0.147403746843338,0.4261169135570526
13,21.0,-0.9843840457381315,1.6141812938978912,-0.1832809448242187,0.9738624691963196
13,22.0,-0.859487422509609,1.1311882446845338,0.1654606759548187,0.4271710515022278
13,23.0,-0.01575282881758278,0.09985377456599238,-0.1288857609033584,0.9988166093826294
13,24.0,0.01575282881758278,-0.09985377456599238,0.1288212239742279,0.9973680377006532
13,25.0,0.7703024722587123,0.542650482653973,-0.0879579707980156,0.8519154191017151
13,26.0,0.790060353093921,0.38002311772629577,0.1358003765344619,0.2087918370962143
13,27.0,1.5427709370355849,0.939070982300676,-0.0327381528913974,0.9123873710632324
13,28.0,1.4483127826641864,0.7615632634778703,0.2063458114862442,0.4397924542427063
13,29.0,1.6863219808919145,0.9298948008269305,-0.0327862054109573,0.9603675603866576
13,30.0,1.6252771652782614,0.8018767515169922,0.2096521556377411,0.6616884469985962
13,31.0,1.4216331857517652,1.415855735239985,-0.1263111680746078,0.913821578025818
13,32.0,1.37159625879456,1.2779439183403052,0.1323051899671554,0.6685176491737366
14,0.0,-1.3520392861523174,-0.16424703760616768,0.0087674995884299,0.9999213814735411
14,1.0,-1.4117644609344457,-0.2712396313152876,-0.0229645930230617,0.999925434589386
14,2.0,-1.4097175803019648,-0.28686875851049315,-0.0230321083217859,0.999915361404419
14,3.0,-1.4070379143082028,-0.3045640489007795,-0.0230032876133918,0.9999299645423888
14,4.0,-1.4115126892468226,-0.2687929426126898,0.0232064947485923,0.999929904937744
14,5.0,-1.4097711565360251,-0.28277280049789405,0.0231946129351854,0.9999310374259948
14,6.0,-1.4077341612679155,-0.29996552384521863,0.0232381895184516,0.999959409236908
14,7.0,-1.340495316293824,-0.4320950126099083,-0.0998801961541175,0.999895453453064
14,8.0,-1.3439635536688626,-0.43903405023223013,0.1006056368350982,0.9999481439590454
14,9.0,-1.2803643534063416,-0.17061687350717467,-0.0139394998550415,0.9998979568481444
14,10.0,-1.276226779230156,-0.16415453012230052,0.0453304424881935,0.9998707175254822
14,11.0,-0.9820750700504579,-0.2778491567919082,-0.2101002484560012,0.9998999834060668
14,12.0,-0.8492918047803903,-0.5259514215683541,0.246896892786026,0.9997316002845764
14,13.0,-0.8449203990222921,0.7100316731827304,-0.234526589512825,0.9921513199806212
14,14.0,-0.7028688113844033,0.3217748343953499,0.2757228314876556,0.3469533920288086
14,15.0,-0.8980503271874467,1.6150895032938832,-0.1992523521184921,0.990184724330902
14,16.0,-0.7688862036509955,1.0189590731002687,0.1901044845581054,0.4510408639907837
14,17.0,-0.9954539954151316,1.7065479181223737,-0.2437774240970611,0.9852970242500304
14,18.0,-0.8517516739688159,1.0280409160019304,0.1992118060588836,0.4335575401782989
14,19.0,-1.0244000508750053,1.634161910370129,-0.2049718350172042,0.9833378791809082
14,20.0,-0.8829978462472181,1.0952238049320207,0.1508191972970962,0.4261819720268249
14,21.0,-0.9848262523839905,1.6146521064308494,-0.1830305159091949,0.9739126563072203
14,22.0,-0.86549281861069,1.2153856566479202,0.1677489727735519,0.4282032251358032
14,23.0,-0.015149870085513715,0.09901071116642231,-0.1290172785520553,0.9987363815307616
14,24.0,0.015149870085513715,-0.09901071116642231,0.1289300322532653,0.9972158670425416
14,25.0,0.7656367257282415,0.5398896632899716,-0.0870621055364608,0.8543479442596436
14,26.0,0.785596374767171,0.37837721036851596,0.1405004560947418,0.2079949378967285
14,27.0,1.5324883749418365,0.9429330545118466,-0.0269422605633735,0.9144547581672668
14,28.0,1.4403763056495031,0.7719023381579786,0.2155980169773101,0.4421475231647491
14,29.0,1.6744778434381837,0.9315953958690227,-0.0264333710074424,0.9613970518112184
14,30.0,1.6186196767481602,0.8103407842447502,0.2195130139589309,0.6668355464935303
14,31.0,1.4120031131570072,1.422807694373009,-0.1206237152218818,0.915230393409729
14,32.0,1.3619333764931325,1.2910662976910334,0.1398646533489227,0.6720903515815735
15,0.0,-1.3471408196184844,-0.1697281284872939,0.008732583373785,0.999925434589386
15,1.0,-1.4061380228957192,-0.27487395390868957,-0.0231792535632848,0.9999281764030457
15,2.0,-1.40430489995976,-0.2910845271350646,-0.0232476275414228,0.9999184608459472
15,3.0,-1.4016814103434954,-0.3090659011305159,-0.0232199467718601,0.9999325275421144
15,4.0,-1.405830789813514,-0.27150211187291523,0.0231059379875659,0.99993234872818
15,5.0,-1.4042886657953133,-0.285237309432808,0.023094804957509,0.9999335408210754
15,6.0,-1.4023520576612711,-0.30181464101102584,0.0231377240270376,0.9999610185623168
15,7.0,-1.337246917216809,-0.4391037472240441,-0.1005188003182411,0.9998967051506042
15,8.0,-1.340472469366222,-0.44218057740253397,0.1004804819822311,0.999949038028717
15,9.0,-1.2775229462705466,-0.17633026523737533,-0.0140847163274884,0.9999014735221864
15,10.0,-1.2733168992302495,-0.16949075703411187,0.0452995859086513,0.9998744130134584
15,11.0,-0.9794756042449609,-0.28707353327658297,-0.210467979311943,0.9999014139175416
15,12.0,-0.8467100537117167,-0.5284299570122922,0.2471021711826324,0.9997308254241944
15,13.0,-0.8570218490431358,0.7077139889493559,-0.2381361871957779,0.9924057722091676
15,14.0,-0.7157199249082149,0.3252837706105749,0.2771013081073761,0.3561092913150787
15,15.0,-0.8979718296354223,1.6177754677305012,-0.2091204226016998,0.9903656840324402
15,16.0,-0.7724322455422306,1.0328515912777971,0.1919708997011184,0.4593496918678283
15,17.0,-0.9933017617674462,1.7094113066223795,-0.2558448612689972,0.98542320728302
15,18.0,-0.8549239329005657,1.0341765909467886,0.202891930937767,0.438951313495636
15,19.0,-1.0222129237813407,1.6378917255538534,-0.2135586738586425,0.9834641814231871
15,20.0,-0.8852100739211862,1.0987700816016688,0.1530463099479675,0.4316763579845428
15,21.0,-0.983581084588649,1.6185143350202214,-0.1917391121387481,0.9741482734680176
15,22.0,-0.8624455192190436,1.1900318658880207,0.1692127883434295,0.4343417882919311
15,23.0,-0.015664327033909044,0.09939807997769586,-0.1291275471448898,0.998696267604828
15,24.0,0.015664327033909044,-0.09939807997769586,0.1290252059698104,0.9971336126327516
15,25.0,0.7575554274892674,0.5416471205606299,-0.087822213768959,0.8576763272285461
15,26.0,0.77561462819068,0.38383036942071647,0.1425271928310394,0.2088544219732284
15,27.0,1.5194273186579148,0.9491355925513077,-0.0270770881325006,0.9170147180557252
15,28.0,1.4275886439136245,0.7864806955936174,0.2179205864667892,0.4471132457256317
15,29.0,1.661150966255763,0.9386997609072628,-0.0266441646963357,0.9623904228210448
15,30.0,1.6054005350657385,0.8232394648614306,0.2218035012483596,0.6729986667633057
15,31.0,1.4006482000197444,1.427980209527993,-0.1200744956731796,0.917269229888916
15,32.0,1.3506406501042971,1.2989257768268225,0.1418110877275467,0.6777777671813965
16,0.0,-1.3534979270422285,-0.173108825091886,0.0047905617393553,0.9999278783798218
16,1.0,-1.4119768491084368,-0.2780967416304388,-0.0271946676075458,0.9999293088912964
16,2.0,-1.4101298268777773,-0.29348614566500325,-0.0272607281804084,0.9999198317527772
16,3.0,-1.4075347221046437,-0.31090919807156325,-0.0272244419902563,0.9999336004257202
16,4.0,-1.4117840931328653,-0.27544622558347115,0.0186568573117256,0.999933421611786
16,5.0,-1.4102845900193732,-0.2887536708692909,0.0186405442655086,0.9999347925186156
16,6.0,-1.4084183892974416,-0.30497284810852054,0.0186870880424976,0.999961793422699
16,7.0,-1.3424102707383154,-0.4385131683686351,-0.1037666052579879,0.9998955130577089
16,8.0,-1.3462318885814522,-0.4426825480946512,0.0955911576747894,0.999948799610138
16,9.0,-1.283322552957069,-0.17901580040373957,-0.0178609229624271,0.9999029636383056
16,10.0,-1.279303566589827,-0.17282478920848685,0.0410312376916408,0.9998756051063538
16,11.0,-0.9801210448683965,-0.27819821769818315,-0.2165307253599167,0.9999014139175416
16,12.0,-0.8515316885450708,-0.5249507499155301,0.2463128864765167,0.9997259378433228
16,13.0,-0.8634813452019576,0.7101604747030701,-0.2443574517965316,0.9926541447639464
16,14.0,-0.7289873198410455,0.32556812007779595,0.277528315782547,0.3611204326152801
16,15.0,-0.9032492820663897,1.6161089473417447,-0.2102384865283966,0.9904918074607848
16,16.0,-0.7788541889545917,1.0357151212838331,0.1923611313104629,0.4626045525074005
16,17.0,-0.997996005648416,1.7129433346667553,-0.2563962042331695,0.9854623675346376
16,18.0,-0.8607047123674466,1.0286236920616336,0.2032922655344009,0.4398287534713745
16,19.0,-1.0268938649785904,1.6423031249339561,-0.2143487781286239,0.9834995269775392
16,20.0,-0.8901428467903599,1.089240833830414,0.153546541929245,0.4325149059295654
16,21.0,-0.98866773315302,1.6225240312894564,-0.1928107291460037,0.974239468574524
16,22.0,-0.8657632215147874,1.156857639382142,0.1696304678916931,0.435796171426773
16,23.0,-0.014132241793382702,0.10220885604691858,-0.1297882050275802,0.9986463785171508
16,24.0,0.014132241793382702,-0.10220885604691858,0.1296584010124206,0.9970173239707948
16,25.0,0.7545259086271717,0.5400640079523453,-0.0872512683272361,0.8610024452209473
16,26.0,0.7700262565922604,0.3888634531847471,0.1462206244468689,0.2093478441238403
16,27.0,1.5106520074470149,0.9535020272796478,-0.0267675705254077,0.9199147820472716
16,28.0,1.4198236438444793,0.7947419909965223,0.2206518650054931,0.4512380361557007
16,29.0,1.6511805815015976,0.9455910210127001,-0.0264395177364349,0.9635973572731018
16,30.0,1.5959081696549686,0.8332203563971795,0.2242717742919922,0.6783469915390015
16,31.0,1.3882878922843773,1.4314297870184522,-0.1182719245553016,0.9196779131889344
16,32.0,1.3399988789179698,1.3018574723259955,0.1468192040920257,0.6829347014427185
17,0.0,-1.356414961293575,-0.16879004730444785,0.0045372317545115,0.999929428100586
17,1.0,-1.4153020842207598,-0.27761510545815454,-0.0275584738701581,0.9999297261238098
17,2.0,-1.4135255886242997,-0.29210994859840905,-0.0276257190853357,0.9999204277992249
17,3.0,-1.4111014984121537,-0.3087463073605521,-0.0275900643318891,0.9999340772628784
17,4.0,-1.4151466104782375,-0.27517005454215127,0.0184142366051673,0.9999336004257202
17,5.0,-1.4136889606030574,-0.2880876806617456,0.0184013862162828,0.9999351501464844
17,6.0,-1.4119309954839208,-0.3042518464083043,0.0184500124305486,0.999962031841278
17,7.0,-1.3453747459272711,-0.4341007943088995,-0.1049209833145141,0.999893605709076
17,8.0,-1.3491520470292928,-0.43968193105589043,0.0954769998788833,0.9999476075172424
17,9.0,-1.28596883039071,-0.1767864646923986,-0.0183738693594932,0.9999029040336608
17,10.0,-1.281791149467188,-0.17104894286793562,0.0407578460872173,0.9998745322227478
17,11.0,-0.9814982635943328,-0.2730557574574451,-0.2206552177667617,0.9999006390571594
17,12.0,-0.8533522969375394,-0.5227604402389044,0.2469450682401657,0.9997155666351318
17,13.0,-0.8650696341719198,0.7138609392174171,-0.2492745518684387,0.9928900599479676
17,14.0,-0.7298382205435003,0.3255520529121251,0.2781116366386413,0.3608997464179992
17,15.0,-0.9066713455853542,1.6228985963790687,-0.2101688235998153,0.9905686378479004
17,16.0,-0.7829349034634406,1.0365571114179417,0.1942508667707443,0.4601997137069702
17,17.0,-1.0015850579896546,1.7300404796352262,-0.255993902683258,0.9854245185852052
17,18.0,-0.8643155348783744,1.018721921906505,0.2063113898038864,0.4357719719409942
17,19.0,-1.0305103432670089,1.6578194935388113,-0.2142363339662552,0.9834439158439636
17,20.0,-0.89353378396442,1.073297276161146,0.1582429111003875,0.428303599357605
17,21.0,-0.9921387674514333,1.6378510511757023,-0.1927529871463775,0.9741689562797546
17,22.0,-0.8690487655876019,1.1290396251974835,0.1721376925706863,0.4320848882198334
17,23.0,-0.01578820970172647,0.10402888457724481,-0.1309633702039718,0.998584806919098
17,24.0,0.01578820970172647,-0.10402888457724481,0.1308233588933944,0.99689120054245
17,25.0,0.7553785647927703,0.5379560392002797,-0.0870536714792251,0.8629602193832397
17,26.0,0.7711310501644448,0.38080787059632676,0.150155171751976,0.2106956243515014
17,27.0,1.511330177002292,0.9553564382778613,-0.0243199355900287,0.9219673275947572
17,28.0,1.421836598837095,0.7967025013133522,0.2260805964469909,0.4554303586483001
17,29.0,1.6519929039118724,0.9530355719377529,-0.0237657856196165,0.9644842147827148
17,30.0,1.5961883410762607,0.8351686129411062,0.2299615293741226,0.6838921308517456
17,31.0,1.3862452021765814,1.4297507530568652,-0.1155670881271362,0.921244204044342
17,32.0,1.3391865385920514,1.3028316862658358,0.1537673473358154,0.6875059008598328
18,0.0,-1.3547311400953856,-0.16414056141815975,0.005675867665559,0.9999310970306396
18,1.0,-1.4135755963651757,-0.2758103826157321,-0.0267881751060485,0.9999304413795472
18,2.0,-1.4118737255086886,-0.2902502782747802,-0.0268562082201242,0.9999213218688964
18,3.0,-1.40962756672235,-0.3067119535412351,-0.0268235094845294,0.9999348521232604
18,4.0,-1.4133727629283372,-0.27325426860439855,0.0191968772560358,0.9999340772628784
18,5.0,-1.411919183989895,-0.2861741880240166,0.0191904231905937,0.9999356865882874
18,6.0,-1.4102406189502086,-0.3022879754209454,0.0192436464130878,0.9999624490737916
18,7.0,-1.3437025726782177,-0.4309712856514996,-0.1048883497714996,0.9998924732208252
18,8.0,-1.3469187753966283,-0.4377444172745595,0.0955967456102371,0.9999467134475708
18,9.0,-1.2848601192520588,-0.17157244651920953,-0.0175455920398235,0.9999029040336608
18,10.0,-1.2805811955644573,-0.1663963702692673,0.0416170693933963,0.9998735785484314
18,11.0,-0.9827349203953265,-0.26932165478831044,-0.2206097096204757,0.999899446964264
18,12.0,-0.8539593579732722,-0.5222300667107037,0.2489839047193527,0.999705970287323
18,13.0,-0.8653628213028729,0.7166406356959768,-0.2479163855314254,0.9931190609931946
18,14.0,-0.7305476535646482,0.33086624773419065,0.2785128951072693,0.3601106703281402
18,15.0,-0.9076202728486761,1.6263069650445594,-0.1940446346998214,0.9905974864959716
18,16.0,-0.7861132120411459,1.0373842689488713,0.194501906633377,0.4572015404701233
18,17.0,-1.0021387122638663,1.7333850547946668,-0.2376332134008407,0.985289454460144
18,18.0,-0.8653335676474101,1.0159130569150245,0.2068263590335846,0.431127667427063
18,19.0,-1.0304492104528356,1.663465419474108,-0.1955996304750442,0.983282744884491
18,20.0,-0.8933571129670288,1.0640949199220853,0.1595762521028518,0.4235866665840149
18,21.0,-0.9916485456301187,1.6443158066700443,-0.1760805696249008,0.9739915728569032
18,22.0,-0.8685687063419711,1.1115763945805186,0.1726813316345214,0.4279584586620331
18,23.0,-0.01710003615474451,0.10414896128550974,-0.1315035372972488,0.9985315203666688
18,24.0,0.01710003615474451,-0.10414896128550974,0.1313607096672058,0.9968020915985109
18,25.0,0.7592441543443689,0.5376767251017301,-0.0860382616519928,0.8643139004707336
18,26.0,0.7746954253449704,0.3789376508803759,0.1526535451412201,0.2123623788356781
18,27.0,1.5086946461008177,0.956641266645002,-0.0214001219719648,0.9235007762908936
18,28.0,1.4225728554946304,0.7978177088377475,0.229089543223381,0.4600812792778015
18,29.0,1.6491527347317614,0.9559804496311498,-0.0206224266439676,0.9650745987892152
18,30.0,1.594600857901604,0.835473111256773,0.2331595718860626,0.6893547177314758
18,31.0,1.3836366042273012,1.4302715436442557,-0.1124407276511192,0.9224675893783568
18,32.0,1.3391885272867525,1.3032621251515828,0.157307282090187,0.6920812726020813
19,0.0,-1.3538950867107555,-0.15948433427187225,0.0094338292255997,0.999933123588562
19,1.0,-1.4122341456372833,-0.2704615542462208,-0.0230829380452632,0.9999315142631532
19,2.0,-1.4105433174924507,-0.2848643076922408,-0.0231485571712255,0.9999225735664368
19,3.0,-1.4083744027323388,-0.30102247099862744,-0.0231156721711158,0.9999359250068665
19,4.0,-1.4120060175491698,-0.2678634894383741,0.0220966823399066,0.9999347925186156
19,5.0,-1.4105195465699254,-0.2809035383665636,0.0220915786921978,0.9999364614486694
19,6.0,-1.408869953698862,-0.2969831120923562,0.0221457965672016,0.9999629855155944
19,7.0,-1.3423978434225912,-0.4276778271806112,-0.1016361713409423,0.9998916983604432
19,8.0,-1.345610192529371,-0.43503771714719586,0.0956722497940063,0.999946117401123
19,9.0,-1.283776444150967,-0.16700589076767264,-0.013851479627192,0.9999035000801086
19,10.0,-1.2795164765300344,-0.162071483860192,0.0441971383988857,0.9998729228973388
19,11.0,-0.9843572976206306,-0.2677359026501258,-0.2152550518512725,0.9998972415924072
19,12.0,-0.8538232788198562,-0.5203581072223769,0.24862602353096,0.9996936917304992
19,13.0,-0.8665117363990609,0.719378579423011,-0.2327839732170105,0.99332195520401
19,14.0,-0.7355664563825542,0.3341972189870864,0.2776260673999786,0.3604829013347626
19,15.0,-0.9088550262297191,1.6264767404297604,-0.174535796046257,0.9906358122825624
19,16.0,-0.7894887323676121,1.041921133400311,0.1979627907276153,0.4557338058948517
19,17.0,-1.0020756096380687,1.733508229825335,-0.21570985019207,0.9851953983306884
19,18.0,-0.8668419824298594,1.029164880179822,0.2101618200540542,0.4281750321388244
19,19.0,-1.0302456081932065,1.6648209363861792,-0.1754417270421981,0.983178973197937
19,20.0,-0.8941078369675155,1.0677477556032309,0.1639261543750763,0.420855164527893
19,21.0,-0.9913999185396324,1.6456186396339456,-0.1571223884820938,0.9739839434623718
19,22.0,-0.8691609814584672,1.1181535116973582,0.1766957342624664,0.4261073768138885
19,23.0,-0.016898336470530406,0.10260827860260638,-0.1307493150234222,0.998483180999756
19,24.0,0.016898336470530406,-0.10260827860260638,0.1305994391441345,0.9967289566993712
19,25.0,0.7578777714967133,0.5372930703184308,-0.0811157450079917,0.8645923733711243
19,26.0,0.7727743779862191,0.38071109291877303,0.151863619685173,0.2118896394968032
19,27.0,1.504807699088118,0.9562890531675272,-0.0160059779882431,0.9242382645606996
19,28.0,1.4187911605675527,0.7988767914025199,0.226952388882637,0.4619958400726318
19,29.0,1.6451832436550367,0.9572010803991119,-0.0148343881592154,0.9654420018196106
19,30.0,1.5902859960057893,0.8368724280153792,0.2309174686670303,0.6929035186767578
19,31.0,1.38146838659842,1.43098782686696,-0.1049506813287735,0.9231641888618468
19,32.0,1.3398721829042737,1.3041005829101373,0.1548478007316589,0.6947373747825623
20,0.0,-1.351483408349994,-0.15713035778364934,0.0109540242701768,0.9999353885650636
20,1.0,-1.4092145008506785,-0.266630493298598,-0.0215354617685079,0.9999330043792723
20,2.0,-1.4075076213364794,-0.28123038209033935,-0.0216008368879556,0.9999242424964904
20,3.0,-1.4054156986003101,-0.29716731741175334,-0.0215659700334072,0.9999373555183412
20,4.0,-1.4091296628729073,-0.2633993783166298,0.0237667243927717,0.9999359250068665
20,5.0,-1.4076998399546863,-0.2763495320320563,0.0237650610506534,0.9999375939369202
20,6.0,-1.406205479574804,-0.2920145010361584,0.0238221082836389,0.9999637603759766
20,7.0,-1.3403599374930903,-0.4257227899167598,-0.1007950007915496,0.999891996383667
20,8.0,-1.343882410330147,-0.43127895027810087,0.0965370461344719,0.9999459385871888
20,9.0,-1.2810876419290824,-0.16728207020374028,-0.0126592321321368,0.9999045729637146
20,10.0,-1.2770338409569568,-0.1618393503383903,0.0455278605222702,0.9998735785484314
20,11.0,-0.983552612482247,-0.27229815500215254,-0.2143492549657821,0.9998949766159058
20,12.0,-0.8517425127557188,-0.5224922596844872,0.2486419528722763,0.99968284368515
20,13.0,-0.8656953301712885,0.7179838058768988,-0.2335326224565506,0.9934876561164856
20,14.0,-0.7384062462801825,0.33385925800931376,0.2776441276073456,0.3598450422286987
20,15.0,-0.9070409974409276,1.6263626982272767,-0.1808066964149475,0.9905887842178344
20,16.0,-0.7898310289003626,1.0456018974529253,0.1991989612579345,0.452141523361206
20,17.0,-1.001152372167975,1.7310156764808287,-0.2227513790130615,0.9849980473518372
20,18.0,-0.8677881618857907,1.041933988082547,0.2111531645059585,0.4234598875045776
20,19.0,-1.028071462514748,1.6645414849838314,-0.1827433407306671,0.9829572439193726
20,20.0,-0.8938062729086345,1.0672792127445547,0.1655482351779937,0.4162786602973938
20,21.0,-0.9882499701143221,1.6459876616395124,-0.1636425554752349,0.9737343788146972
20,22.0,-0.8686612658741665,1.1192579873595803,0.178168848156929,0.4220585823059082
20,23.0,-0.017550674855731602,0.10319740094922188,-0.1302266418933868,0.9984368085861206
20,24.0,0.017550674855731602,-0.10319740094922188,0.1300794035196304,0.9966593980789183
20,25.0,0.7557504012585969,0.5344824110828779,-0.0816439539194107,0.8656336069107056
20,26.0,0.7706057735605404,0.3740031347252695,0.1500190645456314,0.2139021009206771
20,27.0,1.5032011031518464,0.95313553111486,-0.0182821489870548,0.9256796836853028
20,28.0,1.4172544142083792,0.7940677163131408,0.225034475326538,0.467253714799881
20,29.0,1.6434055571874928,0.9551842470809212,-0.0173364263027906,0.9660931825637816
20,30.0,1.5882885045776027,0.833973561902893,0.2290211468935012,0.6976736783981323
20,31.0,1.3801344054144085,1.4282648081606248,-0.1079494208097457,0.9246768951416016
20,32.0,1.3407426779699492,1.300081168392478,0.1525025367736816,0.6995753049850464
21,0.0,-1.3470842730028039,-0.1558516665602957,0.0103089679032564,0.9999365210533142
21,1.0,-1.4053223007916946,-0.2641991067041038,-0.0224960222840309,0.999933123588562
21,2.0,-1.4037494553011345,-0.2791097907811332,-0.02256097830832,0.9999244809150696
21,3.0,-1.401856418008998,-0.2948497329303718,-0.0225216504186391,0.9999374747276306
21,4.0,-1.4052905597237517,-0.25982137861336835,0.0227699801325798,0.9999358057975768
21,5.0,-1.4040048348649294,-0.27253231599316374,0.0227697435766458,0.9999374151229858
21,6.0,-1.4027255791380504,-0.2876168806633452,0.0228300187736749,0.9999637007713318
21,7.0,-1.3386968922911207,-0.4250492961849285,-0.1031149551272392,0.9998904466629028
21,8.0,-1.3424520117767516,-0.42749680458965084,0.0949553400278091,0.9999445676803588
21,9.0,-1.2769791970271689,-0.16781919789927124,-0.0136100566014647,0.9999042749404908
21,10.0,-1.2729884076694562,-0.1613251567756098,0.0446240566670894,0.9998724460601808
21,11.0,-0.9826276477155638,-0.27501138408829845,-0.2165884673595428,0.999893307685852
21,12.0,-0.8512734350979967,-0.5229903818591533,0.2468139827251434,0.9996716380119324
21,13.0,-0.8667353859512293,0.7150480265867363,-0.2367482930421829,0.993675172328949
21,14.0,-0.7407648212119028,0.3335237756225735,0.2771674394607544,0.3593322932720184
21,15.0,-0.9063424346634321,1.625308095003669,-0.1833769679069519,0.9905444383621216
21,16.0,-0.7907325172558504,1.0437885139590248,0.2007603645324707,0.4483981728553772
21,17.0,-0.9997251402259415,1.7295871162064516,-0.226873368024826,0.9847983121871948
21,18.0,-0.8685142158579473,1.0380910829519738,0.2128794640302658,0.4186223447322845
21,19.0,-1.0258832868434622,1.6655003885495683,-0.1872783750295639,0.9827302098274232
21,20.0,-0.8939090049062263,1.0647661555331418,0.1681205779314041,0.411540150642395
21,21.0,-0.9859740631644395,1.6471241844449045,-0.1669072955846786,0.9734506607055664
21,22.0,-0.8687598010350623,1.1177143680865507,0.1800716519355774,0.4176568388938904
21,23.0,-0.018001478125402204,0.10263162954693852,-0.1301643848419189,0.9984062314033508
21,24.0,0.018001478125402204,-0.10263162954693852,0.1300167739391327,0.9966140985488892
21,25.0,0.7523413025938173,0.531688159985733,-0.0806465372443199,0.8683894872665405
21,26.0,0.7663736357468851,0.36940726453955713,0.1498553156852722,0.218990683555603
21,27.0,1.4971969126422484,0.9468927674557315,-0.0150111550465226,0.9279226660728456
21,28.0,1.4116196077532845,0.7896914102273109,0.2251133769750595,0.4759868383407593
21,29.0,1.6365393544847147,0.9511200731140044,-0.0137193342670798,0.9669963121414183
21,30.0,1.5821901818810555,0.8298000282721942,0.2290875315666198,0.7036269307136536
21,31.0,1.3765951228236115,1.4229870213010132,-0.1025207042694091,0.9268832802772522
21,32.0,1.3406577043207129,1.2951281955445357,0.1527884900569915,0.7062959671020508
22,0.0,-1.3455956173920147,-0.15510920498956474,0.0098628662526607,0.9999377131462096
22,1.0,-1.4039639210508816,-0.26349189377372173,-0.0230311080813407,0.9999334812164308
22,2.0,-1.4024363373574724,-0.2785932499012597,-0.0230935551226139,0.999924898147583
22,3.0,-1.4006128134187144,-0.29393377653147423,-0.0230521187186241,0.9999378323554992
22,4.0,-1.4038411920012275,-0.25901996158414303,0.0222397111356258,0.9999358057975768
22,5.0,-1.4025701301588938,-0.2720246460653665,0.0222416501492261,0.9999374151229858
22,6.0,-1.4013433837812879,-0.28701887121951153,0.0223042760044336,0.9999637603759766
22,7.0,-1.3379613868422249,-0.4231222434880471,-0.1042095050215721,0.9998892545700072
22,8.0,-1.34189633409632,-0.42581877603617047,0.0943703949451446,0.9999434351921082
22,9.0,-1.275757226033885,-0.1664899967251133,-0.0142820989713072,0.9999042749404908
22,10.0,-1.2716215593488278,-0.16028317152623123,0.0440177731215953,0.9998716711997986
22,11.0,-0.9824695000564049,-0.27567411224928023,-0.2174492180347442,0.9998915791511536
22,12.0,-0.8512236589324713,-0.5228053168391569,0.2454279363155365,0.9996613264083862
22,13.0,-0.8668418071370765,0.7143350625767867,-0.2373048216104507,0.9938285946846008
22,14.0,-0.7401322251528855,0.3321865471213272,0.276466816663742,0.359127014875412
22,15.0,-0.9063795448310464,1.6269485176383633,-0.1856406182050705,0.9904980659484864
22,16.0,-0.7917387627523879,1.045677862596154,0.2009305506944656,0.4458692967891693
22,17.0,-0.9992035757479674,1.7307477903080333,-0.2291480898857116,0.9846072196960448
22,18.0,-0.8715016417337125,1.0457823334325103,0.2128286510705948,0.4151448607444763
22,19.0,-1.024700384669542,1.6673576920425395,-0.1895559430122375,0.9825204014778136
22,20.0,-0.8944962290261733,1.064238606024791,0.1678815186023712,0.408219039440155
22,21.0,-0.9847997801006824,1.6493456623354124,-0.1691605746746063,0.9732041954994202
22,22.0,-0.8689726978189106,1.1187404609582616,0.1801910400390625,0.4147175550460815
22,23.0,-0.01829001402747798,0.10253208011757264,-0.1301708221435547,0.9983607530593872
22,24.0,0.01829001402747798,-0.10253208011757264,0.1300254017114639,0.9965433478355408
22,25.0,0.7520815607223998,0.531079673092268,-0.0811527967453002,0.8705928921699524
22,26.0,0.7656472922877582,0.3688555688516977,0.1495350748300552,0.2220919728279113
22,27.0,1.4967936954454952,0.9439619608876139,-0.0162752158939838,0.9297789931297302
22,28.0,1.4114739111095183,0.7879988519092214,0.2249904125928878,0.4825104773044586
22,29.0,1.6353179133328817,0.9501883743683127,-0.0150910792872309,0.9677802920341492
22,30.0,1.5814866547633364,0.8286312359938535,0.2289372831583023,0.7084160447120667
22,31.0,1.3777837591991364,1.421527173548361,-0.1044544726610183,0.928701102733612
22,32.0,1.3433359518945334,1.2940488119605216,0.1521425396203994,0.711625874042511
23,0.0,-1.3450797766370592,-0.1559746697379126,0.0098091699182987,0.9999389052391052
23,1.0,-1.4037176836360175,-0.2643759082043609,-0.0231117326766252,0.9999340772628784
23,2.0,-1.4022118892317617,-0.2796316426640557,-0.0231721866875886,0.9999254941940308
23,3.0,-1.4004029411166523,-0.29470457815632894,-0.0231292955577373,0.999938428401947
23,4.0,-1.4035486671304254,-0.2598429290479426,0.0221342910081148,0.999936044216156
23,5.0,-1.4022808619903022,-0.27310746046965245,0.0221375953406095,0.9999375939369202
23,6.0,-1.401060932770218,-0.2880940742273099,0.022201020270586,0.9999639391899108
23,7.0,-1.3379695980173303,-0.4226146495447231,-0.1044051200151443,0.9998885989189148
23,8.0,-1.341879223022938,-0.4254216776039784,0.0944239273667335,0.999942660331726
23,9.0,-1.2752338870492776,-0.16634706035363112,-0.0143991122022271,0.9999048113822936
23,10.0,-1.2710351930416164,-0.16046920307975412,0.0439021661877632,0.9998716711997986
23,11.0,-0.9824349155890458,-0.275770135376063,-0.2178125232458114,0.9998900890350342
23,12.0,-0.8516486620346734,-0.5218121050800408,0.2453174740076065,0.999653935432434
23,13.0,-0.8672141391891659,0.7134341451494037,-0.2376087754964828,0.9939675331115724
23,14.0,-0.7395143107930642,0.3308441274536346,0.2766053080558777,0.3593762218952179
23,15.0,-0.9071067495616485,1.6258045861420045,-0.1859676092863083,0.990472674369812
23,16.0,-0.7929053917419928,1.045405774699714,0.2018928229808807,0.4447379112243652
23,17.0,-0.999726585638277,1.7295105992785695,-0.2288222312927246,0.9844571352005004
23,18.0,-0.8736113776561931,1.0486930127448149,0.2136461436748504,0.4132198393344879
23,19.0,-1.025186903195978,1.667060572146507,-0.1888490319252014,0.9823635220527648
23,20.0,-0.8949310326244616,1.064366573415759,0.1682035773992538,0.4065147936344147
23,21.0,-0.9849451371238168,1.648680813005481,-0.1690983921289444,0.9730471968650818
23,22.0,-0.869234962430205,1.118785052264918,0.1809455752372741,0.4134501218795776
23,23.0,-0.018046803878937163,0.10251902883620413,-0.1302336752414703,0.9983089566230774
23,24.0,0.018046803878937163,-0.10251902883620413,0.1300872862339019,0.996470868587494
23,25.0,0.752315195362881,0.5302710305784437,-0.0814662650227546,0.8720183372497559
23,26.0,0.7654566518184301,0.36864264991956386,0.1493546366691589,0.2240932881832122
23,27.0,1.496292001318973,0.9421028381222656,-0.0168902892619371,0.9311573505401612
23,28.0,1.4116548704149048,0.7863208810523886,0.2243529707193374,0.4869692921638489
23,29.0,1.6348328240329921,0.9489007351726493,-0.0157438013702631,0.9684126377105712
23,30.0,1.5810268184437266,0.8272448789851052,0.2282336503267288,0.7123559713363647
23,31.0,1.3789764116198115,1.419935953796193,-0.1057586669921875,0.9300268292427064
23,32.0,1.3456716971029956,1.292931051633384,0.1513059288263321,0.7154869437217712
24,0.0,-1.3451164572431449,-0.15818882562302736,0.009496965445578,0.9999399781227112
24,1.0,-1.4037809195609343,-0.2672567336523515,-0.023304795846343,0.9999345541000366
24,2.0,-1.402268122784096,-0.28239171406563673,-0.0233626309782266,0.999925971031189
24,3.0,-1.4004494900540123,-0.2971013412931071,-0.0233197752386331,0.9999389052391052
24,4.0,-1.4036333517487436,-0.26314756555311747,0.0216572005301713,0.9999362230300904
24,5.0,-1.4023700479505667,-0.2766478742574154,0.0216623358428478,0.9999377727508544
24,6.0,-1.4011476109451144,-0.2916500980481808,0.0217260252684354,0.9999641180038452
24,7.0,-1.338040819441248,-0.42314637900776764,-0.104403905570507,0.9998876452445984
24,8.0,-1.3419161521051877,-0.426950980684299,0.0936669781804084,0.9999419450759888
24,9.0,-1.2753162170847272,-0.1673603978979492,-0.0145137319341301,0.9999051690101624
24,10.0,-1.271133658029328,-0.16215290451732164,0.0434661731123924,0.9998712539672852
24,11.0,-0.9823390364420314,-0.2752746049326611,-0.2173297703266143,0.999887466430664
24,12.0,-0.8517454521525109,-0.5223055406934056,0.2436692416667938,0.9996444582939148
24,13.0,-0.8676160348348407,0.7135525789389321,-0.2334996163845062,0.994057595729828
24,14.0,-0.739689311039783,0.33097338344764743,0.2743740081787109,0.359185129404068
24,15.0,-0.9072640782380303,1.625876159568552,-0.1762558370828628,0.9903914332389832
24,16.0,-0.7958034074039092,1.0707868666653244,0.2018681019544601,0.4433110356330871
24,17.0,-0.999580228480358,1.7302078723179606,-0.2178888022899627,0.9842305183410645
24,18.0,-0.8761221312897722,1.0669630406691386,0.2134399116039276,0.4112050533294678
24,19.0,-1.0249898218491194,1.6696384491931484,-0.1776610016822815,0.9821248054504396
24,20.0,-0.8970049414644149,1.102301451054936,0.1680884659290313,0.4048022627830505
24,21.0,-0.9846707408730829,1.6505357626554458,-0.1591086536645889,0.9728295803070068
24,22.0,-0.8704479342999222,1.1496073026948437,0.1809287220239639,0.4124322235584259
24,23.0,-0.0177441679487843,0.10285422101243968,-0.1302277892827987,0.9982449412345886
24,24.0,0.0177441679487843,-0.10285422101243968,0.1300825029611587,0.9963871240615844
24,25.0,0.7531024453134462,0.529573179876506,-0.0805104523897171,0.8735037446022034
24,26.0,0.7656171146855203,0.3689833697270681,0.1492055058479309,0.2253097295761108
24,27.0,1.4964314399668117,0.940021109852609,-0.0147818932309746,0.9323548078536988
24,28.0,1.411886509356397,0.7849836217608721,0.223969891667366,0.4907707273960113
24,29.0,1.6315936415045422,0.947024323959707,-0.0134397260844707,0.9689264297485352
24,30.0,1.5804791982349673,0.8257991496331435,0.2278351038694381,0.7159044742584229
24,31.0,1.3809380146813917,1.4188568365770415,-0.1040047034621238,0.931060552597046
24,32.0,1.3476637400512026,1.292627051941425,0.1506945043802261,0.7187696695327759
25,0.0,-1.3442058171724003,-0.1581478865786502,0.0105012273415923,0.9999410510063172
25,1.0,-1.4031030213220552,-0.26761184096251545,-0.0222278572618961,0.9999350905418396
25,2.0,-1.401620761693895,-0.28287031058777806,-0.0222835633903741,0.9999264478683472
25,3.0,-1.3998598527361585,-0.2975245562327626,-0.0222442504018545,0.9999394416809082
25,4.0,-1.4027905083586767,-0.26350248900056766,0.0226128865033388,0.9999364614486694
25,5.0,-1.4014662588646702,-0.27710696199767104,0.0226229727268219,0.999937891960144
25,6.0,-1.4002333202403816,-0.2920749300215269,0.0226864591240882,0.9999642968177797
25,7.0,-1.3375275457618763,-0.42264403134822615,-0.1025512292981147,0.999886989593506
25,8.0,-1.3413769943343887,-0.426569794038344,0.0940749123692512,0.9999412298202516
25,9.0,-1.2744825302375977,-0.1674741732109899,-0.0132464533671736,0.999905288219452
25,10.0,-1.2703058138326928,-0.1624640485898925,0.0444882959127426,0.9998706579208374
25,11.0,-0.982548255237901,-0.27498395404134546,-0.2150968462228775,0.9998857975006104
25,12.0,-0.8519839915731736,-0.5215657527631393,0.2438115924596786,0.9996382594108582
25,13.0,-0.8680560350005444,0.714698401306373,-0.2291130423545837,0.9941151738166808
25,14.0,-0.7394759383935516,0.3327035503255141,0.2747619748115539,0.3604635596275329
25,15.0,-0.9073499443665112,1.625514288592582,-0.1679640263319015,0.990295946598053
25,16.0,-0.7965755882960337,1.070116346829641,0.2069725096225738,0.4441772401332855
25,17.0,-1.0003813285645573,1.7287572515638074,-0.207762211561203,0.983997106552124
25,18.0,-0.8773745813737291,1.0669367934986738,0.2187955230474472,0.4108765423297882
25,19.0,-1.0253678526489176,1.669323187876832,-0.1681349575519561,0.981870710849762
25,20.0,-0.8972371748391055,1.0994434631182015,0.1738031804561615,0.4046454429626465
25,21.0,-0.9847900277956344,1.6503520545713095,-0.1507244110107422,0.9725700616836548
25,22.0,-0.8705735542906703,1.1453598898404675,0.1862691193819046,0.4127175807952881
25,23.0,-0.017581635845671562,0.10303748327897333,-0.1300805658102035,0.9982120394706726
25,24.0,0.017581635845671562,-0.10303748327897333,0.1299398094415664,0.9963533282279968
25,25.0,0.7533339048779774,0.5292483227990096,-0.080727607011795,0.8737339973449707
25,26.0,0.7658363584779041,0.3687138966281198,0.1473474651575088,0.225461721420288
25,27.0,1.496942295069392,0.9382566782304143,-0.0154600432142615,0.932830810546875
25,28.0,1.4130681212177711,0.7829285438735785,0.2202024310827255,0.4923143982887268
25,29.0,1.6295842136094598,0.9451191436205149,-0.0142210777848958,0.9690347909927368
25,30.0,1.5810252140350967,0.8235711933972839,0.2238988727331161,0.7177183032035828
25,31.0,1.3826813150742874,1.418386646789571,-0.1049398109316825,0.9315556287765504
25,32.0,1.349617588678707,1.2924627894297458,0.1471074968576431,0.7200960516929626
26,0.0,-1.3439880115553382,-0.15913360108561833,0.0104481102898716,0.9999420046806335
26,1.0,-1.4029970980516073,-0.2688262675788182,-0.0222083274275064,0.999935507774353
26,2.0,-1.4015182968020192,-0.2841180388940308,-0.0222649816423654,0.9999268651008606
26,3.0,-1.3997660264790803,-0.29871579625838773,-0.0222273282706737,0.9999398589134216
26,4.0,-1.402654082442575,-0.2643414231560698,0.0226022861897945,0.9999366998672484
26,5.0,-1.4013161885218028,-0.2778174856127522,0.0226127672940492,0.9999380111694336
26,6.0,-1.4000843077115097,-0.29260779616807503,0.0226757694035768,0.999964475631714
26,7.0,-1.337470231181739,-0.4227957662514468,-0.1016089618206024,0.9998862743377686
26,8.0,-1.3413508069222855,-0.4266088516147577,0.0941736325621604,0.9999405741691588
26,9.0,-1.2740158510751873,-0.1689850190530633,-0.0131158847361803,0.9999053478240968
26,10.0,-1.2698471712511732,-0.1638255127589532,0.0445093363523483,0.9998699426651
26,11.0,-0.9825955468850665,-0.2748179132911729,-0.2134689837694168,0.999883770942688
26,12.0,-0.8521108852329518,-0.5213305075103588,0.2434557974338531,0.9996308088302612
26,13.0,-0.867923711288542,0.7170281694930479,-0.2279705852270126,0.9941800832748412
26,14.0,-0.7398407636521368,0.33387731519412656,0.2740954756736755,0.3612823486328125
26,15.0,-0.9074367871995139,1.6252723012589545,-0.1689631789922714,0.990202248096466
26,16.0,-0.7972978133729822,1.0690158863806971,0.2066868394613266,0.444022923707962
26,17.0,-1.0017287059798503,1.7284295286060165,-0.2086573988199234,0.983773112297058
26,18.0,-0.8783951215027779,1.0663566687572195,0.2182622700929641,0.4097267389297485
26,19.0,-1.02657459894128,1.6691966836905974,-0.1690251231193542,0.9816230535507202
26,20.0,-0.8975499307364951,1.0911994170057318,0.172939583659172,0.4035685658454895
26,21.0,-0.9854194990852372,1.6504343588191188,-0.1517243683338165,0.972313642501831
26,22.0,-0.8707970112914225,1.1360236711338485,0.1857912093400955,0.4119737148284912
26,23.0,-0.017691912974463427,0.10330043273531815,-0.1295150965452194,0.9981878995895386
26,24.0,0.017691912974463427,-0.10330043273531815,0.129378467798233,0.9963186383247375
26,25.0,0.7534028219120706,0.5288652396613711,-0.0807618871331214,0.8739690184593201
26,26.0,0.7658873321956762,0.3685211660033993,0.1456885933876037,0.225617840886116
26,27.0,1.4971528265725043,0.9364942974113354,-0.0157271232455968,0.9333231449127196
26,28.0,1.4133636441850848,0.7809355092102573,0.2175843566656112,0.4935967922210693
26,29.0,1.6297781910681526,0.9440561224736395,-0.0144726773723959,0.969170093536377
26,30.0,1.5808389591366176,0.8208457865528449,0.2212016433477401,0.7195456624031067
26,31.0,1.3839511442650438,1.4180468474226469,-0.1054642349481582,0.9320228099822998
26,32.0,1.350568565236796,1.2924172596641017,0.1448814272880554,0.7213358879089355
27,0.0,-1.3443587744020182,-0.15906581944391884,0.0110946996137499,0.9999433159828186
27,1.0,-1.4034241300989858,-0.26876159015871876,-0.0215002540498971,0.9999365210533142
27,2.0,-1.4019734947054276,-0.2840814626030469,-0.0215558521449565,0.9999278783798218
27,3.0,-1.4002423607461023,-0.2987495028880656,-0.0215204935520887,0.999940812587738
27,4.0,-1.4030220942660563,-0.26429347569917855,0.0233436860144138,0.9999375343322754
27,5.0,-1.401676888061402,-0.27776515811172253,0.0233582593500614,0.999938666820526
27,6.0,-1.4004470423420206,-0.2925908880049577,0.0234196409583091,0.999964952468872
27,7.0,-1.3379496970689932,-0.42337625101494886,-0.100477211177349,0.9998867511749268
27,8.0,-1.3418279894148515,-0.42686855504945065,0.0950767248868942,0.9999406337738036
27,9.0,-1.2743036520347302,-0.1689573906284457,-0.0123144397512078,0.999906361103058
27,10.0,-1.2701166417078094,-0.16371415059856353,0.045300293713808,0.999870777130127
27,11.0,-0.9827505845004384,-0.2753441018381074,-0.2121114283800125,0.9998818635940552
27,12.0,-0.8527063142037165,-0.5190726483625204,0.243550643324852,0.9996272325515748
27,13.0,-0.8673689043870686,0.7196124092411803,-0.225809633731842,0.9941645860671996
27,14.0,-0.7396948227484085,0.33917254360814164,0.2742719948291778,0.3630423545837402
27,15.0,-0.9084120455634183,1.627056516748634,-0.1656858921051025,0.9899992346763612
27,16.0,-0.7997010476630638,1.0747933548041806,0.2065729200839996,0.4450892508029938
27,17.0,-1.0054490468075705,1.7302342080970807,-0.2052286565303802,0.9834097027778624
27,18.0,-0.8806386908112128,1.0675311548902982,0.217828020453453,0.4099268317222595
27,19.0,-1.0305970270303537,1.6709981431045813,-0.1662513613700866,0.9812257289886476
27,20.0,-0.9011051548158712,1.097316808291134,0.1725338399410247,0.403948426246643
27,21.0,-0.988564874071596,1.6522260551513424,-0.148691177368164,0.9718645215034484
27,22.0,-0.8738114090103143,1.1404665954316286,0.1856478005647659,0.4127461016178131
27,23.0,-0.017335441153958107,0.10356416411328356,-0.1293855011463165,0.9981526136398317
27,24.0,0.017335441153958107,-0.10356416411328356,0.1292552649974823,0.996277928352356
27,25.0,0.7549631008969605,0.5292803254437021,-0.081181526184082,0.873568594455719
27,26.0,0.7680266312513713,0.3677504544796883,0.143046036362648,0.2249873429536819
27,27.0,1.5000055634005063,0.9372582225503254,-0.0196999069303274,0.9333027601242064
27,28.0,1.4165436753871907,0.7795690987873563,0.2127518951892852,0.4932462275028229
27,29.0,1.6326845339561689,0.9447248618333856,-0.0188133288174867,0.9691477417945862
27,30.0,1.5836750397306292,0.8190043388587277,0.2161114364862442,0.7204108834266663
27,31.0,1.3877816721926883,1.419922375080289,-0.1100735440850257,0.9319532513618468
27,32.0,1.3546227692004205,1.2938603124012,0.1388004571199417,0.7208958864212036
28,0.0,-1.3445379380203495,-0.15904109417115056,0.0116803292185068,0.9999443292617798
28,1.0,-1.4036640308638906,-0.2687711274310327,-0.0208837930113077,0.9999372959136964
28,2.0,-1.402246258895491,-0.28407688069399234,-0.0209385436028242,0.999928653240204
28,3.0,-1.4005367478331443,-0.2988018233750718,-0.0209044273942708,0.99994158744812
28,4.0,-1.403202838160721,-0.2643278658522396,0.0240880362689495,0.9999381303787231
28,5.0,-1.401859456023633,-0.2777667799255066,0.0241057965904474,0.9999390244483948
28,6.0,-1.4006393900372283,-0.2926158875410005,0.0241663660854101,0.999965250492096
28,7.0,-1.3382937998732711,-0.423837488643095,-0.0998848378658294,0.9998871684074402
28,8.0,-1.342183654459225,-0.42709002790162404,0.0960598140954971,0.9999405145645142
28,9.0,-1.274428523065743,-0.16893378981484156,-0.0117535265162587,0.9999070763587952
28,10.0,-1.270233227591323,-0.16361894859877185,0.0459885373711586,0.9998712539672852
28,11.0,-0.9828885295316369,-0.2755458766650226,-0.2118067741394043,0.9998804926872252
28,12.0,-0.8526728584060098,-0.5186294132505104,0.2436911016702652,0.9996234178543092
28,13.0,-0.8670705343312451,0.7212376063132532,-0.2260310500860214,0.9941580295562744
28,14.0,-0.7393505298854214,0.3408668175718141,0.2758626639842987,0.3644702136516571
28,15.0,-0.9093902849022106,1.6280572890576637,-0.166084736585617,0.989844024181366
28,16.0,-0.800729355379372,1.0766660363252714,0.2093554884195327,0.446208506822586
28,17.0,-1.007895032060184,1.7313969508590386,-0.2055899202823639,0.9831346869468688
28,18.0,-0.8816279028527922,1.0682511944126778,0.220296710729599,0.4102909564971924
28,19.0,-1.0332851848353006,1.6724845696335693,-0.1669538021087646,0.980928122997284
28,20.0,-0.903020041743618,1.0997374332011616,0.1751019358634948,0.4044703543186188
28,21.0,-0.9909522174890896,1.6537698583958742,-0.1491656303405761,0.9715241193771362
28,22.0,-0.8754861037727514,1.1422093585696762,0.1884060800075531,0.4135710299015045
28,23.0,-0.01725443945531813,0.10382746993726262,-0.1293506324291229,0.998123586177826
28,24.0,0.01725443945531813,-0.10382746993726262,0.1292249113321304,0.9962360858917236
28,25.0,0.754730854861921,0.5296928241693689,-0.0831131264567375,0.8726776838302612
28,26.0,0.7696076085760931,0.3655722443853698,0.1402806490659713,0.2235857844352722
28,27.0,1.5023531459737944,0.9379502811494596,-0.0258333142846822,0.932970404624939
28,28.0,1.4193445221442405,0.7783765145594781,0.2074609100818634,0.4910265803337097
28,29.0,1.635428126980699,0.9453975096083154,-0.0252412520349025,0.9690524339675904
28,30.0,1.586319925381222,0.8176618632908713,0.2104883939027786,0.7198633551597595
28,31.0,1.3911183404130498,1.421574398261313,-0.1158454865217208,0.9316614866256714
28,32.0,1.358092165426261,1.2951597019394858,0.1327189654111862,0.7189115285873413
29,0.0,-1.34373102832645,-0.15711039381059527,0.0107690691947937,0.999946117401123
29,1.0,-1.4039217003964484,-0.2653769624836831,-0.0217527169734239,0.9999392032623292
29,2.0,-1.4025510023071033,-0.2822724832047124,-0.0218068845570087,0.9999306201934814
29,3.0,-1.4008674129599212,-0.2979251826050754,-0.0217725168913602,0.999943196773529
29,4.0,-1.4034611983006922,-0.2607610118877749,0.024026146158576,0.9999397993087769
29,5.0,-1.4021878347128633,-0.2751883773888295,0.0240415353327989,0.9999405145645142
29,6.0,-1.4010218851819154,-0.29070554927366943,0.0241008177399635,0.9999662637710572
29,7.0,-1.3389247805828492,-0.4214384753340876,-0.1008295342326164,0.9998895525932312
29,8.0,-1.3428260542711827,-0.42596310272957144,0.099351093173027,0.99994158744812
29,9.0,-1.2735651789367148,-0.16927289536495982,-0.0128714116290211,0.9999094009399414
29,10.0,-1.2693746341534209,-0.16418454151153827,0.04594511911273,0.999874472618103
29,11.0,-0.9829176781867194,-0.2774274959651872,-0.2155136615037918,0.9998798966407776
29,12.0,-0.8555759760250314,-0.509935878483437,0.2460456639528274,0.9996249079704284
29,13.0,-0.8633759731527503,0.7217073367223891,-0.2381915152072906,0.9941326379776
29,14.0,-0.739418329904653,0.36588057335901153,0.275656908750534,0.3651342689990997
29,15.0,-0.90920115361879,1.629254957499456,-0.1903757005929947,0.9897096753120422
29,16.0,-0.8035710565962458,1.1373685266658125,0.1980210840702057,0.4442814886569977
29,17.0,-1.0068081674508769,1.7341248374546394,-0.2363810539245605,0.9828997254371644
29,18.0,-0.8866894989525258,1.140614629255358,0.2067119181156158,0.4085574150085449
29,19.0,-1.032799454646069,1.6742367342062592,-0.1966647207736969,0.9806841015815736
29,20.0,-0.9063231369607414,1.158054931727854,0.1574512273073196,0.4031657874584198
29,21.0,-0.9906360673481014,1.656429195885249,-0.1739408373832702,0.971191108226776
29,22.0,-0.8782835140985882,1.1994277418519366,0.1748465895652771,0.4129585325717926
29,23.0,-0.016595441428146108,0.1022960715645051,-0.1319346576929092,0.9980733394622804
29,24.0,0.016595441428146108,-0.1022960715645051,0.1318281292915344,0.9961689710617064
29,25.0,0.7554363221067126,0.5283596055264579,-0.09268818795681,0.8718261122703552
29,26.0,0.7712799258568985,0.36331210834708155,0.1416631191968917,0.2206248342990875
29,27.0,1.506231312568463,0.9363171006000567,-0.0320587269961833,0.9324941039085388
29,28.0,1.42368655478506,0.7772711892783437,0.2117908298969268,0.4886680543422699
29,29.0,1.6391415440283559,0.9416391058332869,-0.0312706567347049,0.9689783453941344
29,30.0,1.5898428030546934,0.8162096046209064,0.2149346470832824,0.7196500897407532
29,31.0,1.3948648555788492,1.4218667700000116,-0.1259078681468963,0.9311370253562928
29,32.0,1.362743134233906,1.2972834656766679,0.1337295174598693,0.7167999744415283
30,0.0,-1.340628061187589,-0.1511806503832187,0.0070362482219934,0.9999462366104126
30,1.0,-1.401659804509645,-0.25536002346766645,-0.025215120986104,0.9999394416809082
30,2.0,-1.400226703126789,-0.2716948513736118,-0.0252714809030294,0.9999306797981262
30,3.0,-1.398423841655963,-0.2899814778047155,-0.0252402462065219,0.9999433755874634
30,4.0,-1.4011511337296294,-0.2534240240588388,0.0215940363705158,0.999939739704132
30,5.0,-1.399783051787057,-0.26802313673836375,0.021605085581541,0.9999400973320008
30,6.0,-1.3985255028929675,-0.2857142580154652,0.0216580685228109,0.9999661445617676
30,7.0,-1.336510811471816,-0.4119197868348227,-0.1034016162157058,0.9998887777328492
30,8.0,-1.3414559348833162,-0.4183407907749358,0.0993131771683693,0.9999403953552246
30,9.0,-1.2698040255637828,-0.17261689142067377,-0.0164627470076084,0.9999078512191772
30,10.0,-1.265667695376749,-0.16861242308916896,0.0435377843677997,0.9998732805252076
30,11.0,-0.9784987033422214,-0.28579373972377486,-0.2171265482902526,0.9998741745948792
30,12.0,-0.8513273623884036,-0.521508291224236,0.2458946406841278,0.9996160864830016
30,13.0,-0.8320208422323232,0.6978410132742194,-0.2396342605352401,0.9937282204627992
30,14.0,-0.7028647676723808,0.341750806880419,0.2761938273906708,0.3599329888820648
30,15.0,-0.905083004981865,1.6021872933084182,-0.1889971196651458,0.9891505837440492
30,16.0,-0.7927783894318807,1.0607491460230252,0.1961931437253952,0.4386032521724701
30,17.0,-1.0048693730047373,1.6997247178874522,-0.2335694283246994,0.9822131991386414
30,18.0,-0.8787221793841393,1.0434865453934772,0.2033930122852325,0.4040502309799194
30,19.0,-1.0307304603997574,1.6351454652908401,-0.1949329674243927,0.9799718856811525
30,20.0,-0.8991379190382973,1.0683507085480317,0.1559002250432968,0.3986993134021759
30,21.0,-0.987874385099498,1.6181439146757404,-0.1728740483522415,0.970190167427063
30,22.0,-0.8714234737660257,1.104607249893641,0.1734582483768463,0.4082805514335632
30,23.0,-0.017468232205174888,0.09987605839096511,-0.1318958401679992,0.9980487823486328
30,24.0,0.017468232205174888,-0.09987605839096511,0.131789356470108,0.9961124062538148
30,25.0,0.7547544130955255,0.5101825123850979,-0.0970430821180343,0.8707680702209473
30,26.0,0.772638040528533,0.3392299971040283,0.1356942951679229,0.2206424325704574
30,27.0,1.512072658176527,0.9123643315720149,-0.0450476668775081,0.9330623745918274
30,28.0,1.4298550290450251,0.7517850299470079,0.1993473321199417,0.4895967841148376
30,29.0,1.6439381596555152,0.9176623829360094,-0.0451616905629634,0.9693004488945008
30,30.0,1.5957520701636074,0.7900609414230053,0.2013013809919357,0.7195906639099121
30,31.0,1.4005826693708852,1.3984994951168537,-0.1377201229333877,0.9320812821388244
30,32.0,1.368747936091239,1.2742783353086296,0.1215037852525711,0.7179149389266968
31,0.0,-1.337550564173886,-0.12222947652682652,-0.0004586699360515,0.9999468326568604
31,1.0,-1.3988540204272928,-0.23000059819575538,-0.0331572107970714,0.9999401569366456
31,2.0,-1.3974196419497993,-0.24779073872860624,-0.0332117304205894,0.9999313950538636
31,3.0,-1.3955979654554216,-0.26600652964404936,-0.0331837311387062,0.9999439120292664
31,4.0,-1.398424717438443,-0.2263080567760594,0.0147151751443743,0.9999400973320008
31,5.0,-1.3970376402119893,-0.2414812266786364,0.0147268045693635,0.9999400973320008
31,6.0,-1.3957988587996084,-0.25897185349833596,0.0147735672071576,0.9999662041664124
31,7.0,-1.3337724300142124,-0.3948229945429074,-0.1113825738430023,0.9998892545700072
31,8.0,-1.3393571432290645,-0.3948225075287397,0.0964823141694068,0.9999398589134216
31,9.0,-1.2661788814007733,-0.1574781009443071,-0.023767365142703,0.9999070167541504
31,10.0,-1.2622502598632726,-0.15271193679185985,0.0375270061194896,0.9998734593391418
31,11.0,-0.9731433089550336,-0.2850982155401471,-0.2192111909389495,0.9998695254325868
31,12.0,-0.8477410568790161,-0.542174488144153,0.2395903468132019,0.9996117353439332
31,13.0,-0.8028374983399164,0.6672915934249667,-0.2417851537466049,0.9932685494422911
31,14.0,-0.6785824081359769,0.3146327027277024,0.2700954973697662,0.3557568192481994
31,15.0,-0.8989630154766469,1.548307041039046,-0.1900062561035156,0.988545536994934
31,16.0,-0.7824801843754413,0.9915171359679035,0.179512470960617,0.4340080022811889
31,17.0,-1.0012726385151585,1.649712644028716,-0.2333452999591827,0.981522262096405
31,18.0,-0.8723776425817547,0.9683618038563028,0.1824453920125961,0.4007841646671295
31,19.0,-1.027177896124822,1.5751412781736458,-0.1988930255174636,0.9792631268501282
31,20.0,-0.8922522037524712,0.9915814218380433,0.1365120261907577,0.3955140113830566
31,21.0,-0.9842455274295918,1.5597465168247537,-0.1753314137458801,0.9691762924194336
31,22.0,-0.8641688970311966,1.0225820651775368,0.1569604575634002,0.4046173393726349
31,23.0,-0.01963982034187295,0.10007788061490844,-0.1317155212163925,0.9980414509773254
31,24.0,0.01963982034187295,-0.10007788061490844,0.1316374838352203,0.9960909485816956
31,25.0,0.7585284623460673,0.49055366494315467,-0.1031608805060386,0.8709607124328613
31,26.0,0.7765842691074125,0.3121696285744298,0.1269269436597824,0.2234405130147934
31,27.0,1.5202544162103375,0.8854481288151759,-0.056088488548994,0.9337974190711976
31,28.0,1.4397156657581247,0.7230907546779672,0.1824714243412017,0.4932897984981537
31,29.0,1.6515624455912805,0.8903586926683538,-0.0566357485949993,0.9695090055465698
31,30.0,1.603789277822399,0.7612088665716874,0.1834224760532379,0.7200137972831726
31,31.0,1.4085564993070365,1.3725767448702577,-0.1466560363769531,0.9331070780754088
31,32.0,1.377278014384855,1.248366459969749,0.1034363657236099,0.7198353409767151
32,0.0,-1.3351710858409214,-0.09981418381071121,-0.0066431406885385,0.9999451637268066
32,1.0,-1.3968753123628128,-0.20634419086810488,-0.0390703715384006,0.999938189983368
32,2.0,-1.3953126062667773,-0.2266672400789464,-0.0391320809721946,0.9999292492866516
32,3.0,-1.3934166774224872,-0.248339530282172,-0.0391152948141098,0.9999420642852784
32,4.0,-1.3965472142412247,-0.20297828726746203,0.0075763096101582,0.9999377727508544
32,5.0,-1.3950766904177292,-0.2193053478275005,0.0075925043784081,0.9999373555183412
32,6.0,-1.3937846134156626,-0.2384636426059583,0.0076339412480592,0.9999644160270692
32,7.0,-1.3321474340926607,-0.381462445262168,-0.1144834533333778,0.999884843826294
32,8.0,-1.3374660644831493,-0.38077818558724574,0.0888488069176673,0.999935746192932
32,9.0,-1.2635584546664673,-0.14069430685017253,-0.0284255035221576,0.9999006390571594
32,10.0,-1.2597348730985218,-0.13679495401651257,0.0313833057880401,0.9998660087585448
32,11.0,-0.9699094156959345,-0.28126379243653526,-0.2183105647563934,0.9998618364334106
32,12.0,-0.844827894060402,-0.5594076633524284,0.2290791571140289,0.9995903968811036
32,13.0,-0.779740498826598,0.6411978030869065,-0.2372055649757385,0.9926279187202454
32,14.0,-0.6489026792802582,0.2724330845704827,0.2593757212162018,0.3484856784343719
32,15.0,-0.8937408693998821,1.4845607860101622,-0.1812944561243057,0.987802267074585
32,16.0,-0.7674431030354579,0.8954883670932196,0.167121484875679,0.4266701340675354
32,17.0,-0.9979235534140957,1.6031753948371081,-0.2199287712574005,0.9806807041168212
32,18.0,-0.864573080607115,0.8785414707363542,0.1677903831005096,0.3952005505561828
32,19.0,-1.0240787938163798,1.515852732556268,-0.1933153718709945,0.9784114360809326
32,20.0,-0.8840732611931926,0.8997674303598963,0.1260344684123993,0.3897780179977417
32,21.0,-0.9809215063131033,1.4888108097257275,-0.1690110713243484,0.9679981470108032
32,22.0,-0.8549456153093146,0.921129314605026,0.1461779028177261,0.3978239297866821
32,23.0,-0.020248986154015932,0.09812476521959612,-0.1290352791547775,0.9980261921882628
32,24.0,0.020248986154015932,-0.09812476521959612,0.1290283501148224,0.9960263967514038
32,25.0,0.7650214729056107,0.46997646122809067,-0.1011945083737373,0.8706760406494141
32,26.0,0.7810430081043787,0.29202819276481456,0.120198480784893,0.2277313619852066
32,27.0,1.528716277579155,0.8614171646848854,-0.0549908354878425,0.9345611333847046
32,28.0,1.4482410926443623,0.6985587254864066,0.1715175956487655,0.4980551898479461
32,29.0,1.6594550210099395,0.8661323092779123,-0.0556666739284992,0.9696682095527648
32,30.0,1.6123953302999865,0.7365178113258611,0.1719466149806976,0.7196204662322998
32,31.0,1.4169779416195272,1.3496737793076223,-0.1437006592750549,0.9343681931495668
32,32.0,1.386014459239771,1.2250345617593918,0.0950426310300827,0.722797691822052
33,0.0,-1.3327940183562084,-0.09256447759812392,-0.0077041769400238,0.9999435544013976
33,1.0,-1.3947066025318813,-0.19861340009394762,-0.0409777536988258,0.9999362826347352
33,2.0,-1.3931366492866126,-0.21971821109837728,-0.0410405769944191,0.9999270439147948
33,3.0,-1.3912315883466129,-0.2426408498239885,-0.0410227552056312,0.9999401569366456
33,4.0,-1.3943716171838805,-0.19488794215142655,0.0061284233815968,0.9999356269836426
33,5.0,-1.3929032728982595,-0.21128803198272963,0.0061417091637849,0.9999346733093262
33,6.0,-1.3916108020376752,-0.23076318453742595,0.0061774118803441,0.9999627470970154
33,7.0,-1.3307220764758605,-0.3786794028902806,-0.1182884946465492,0.9998813271522522
33,8.0,-1.3354883380544085,-0.3767871883569791,0.087260827422142,0.9999325275421144
33,9.0,-1.2609297511248814,-0.13466056184111594,-0.0298272166401147,0.999895453453064
33,10.0,-1.2571949948308454,-0.1308778456287394,0.030518539249897,0.9998612403869628
33,11.0,-0.9670092267760776,-0.280638318596555,-0.21884585916996,0.9998578429222108
33,12.0,-0.8428473602225043,-0.5704898353837049,0.2281293123960495,0.9995836019515992
33,13.0,-0.7695383004511698,0.6271785812089073,-0.2383360713720321,0.9922138452529908
33,14.0,-0.6389591031914843,0.24516192655185678,0.2592740952968597,0.3429551720619201
33,15.0,-0.8892756198443709,1.460454022627107,-0.183177649974823,0.9873461127281188
33,16.0,-0.7595855162749419,0.8602060366869652,0.1655064523220062,0.4218599498271942
33,17.0,-0.9962893686566058,1.5796412711201584,-0.2217415422201156,0.980219304561615
33,18.0,-0.8600073455966973,0.8491414877710428,0.1658530235290527,0.391962319612503
33,19.0,-1.0238903016615641,1.4867458456161384,-0.1959887146949768,0.9779616594314576
33,20.0,-0.879001675500684,0.870461139634161,0.1233476474881172,0.3864251971244812
33,21.0,-0.9784657746163955,1.4553252476862044,-0.1712410300970077,0.9673126339912416
33,22.0,-0.8496560781193597,0.8902989278979422,0.1442933827638626,0.3934276700019836
33,23.0,-0.02121688060953145,0.1011353554538011,-0.1288071423768997,0.9980294108390808
33,24.0,0.02121688060953145,-0.1011353554538011,0.1288169026374817,0.9960089921951294
33,25.0,0.7667212669823176,0.4649103572926578,-0.102411575615406,0.8703694939613342
33,26.0,0.7847720589009932,0.2819870689531512,0.1191135272383689,0.2312081605195999
33,27.0,1.5388103744168575,0.8520019543292083,-0.0578891299664974,0.9351362586021424
33,28.0,1.4585303649840768,0.6885303279721496,0.1698243618011474,0.5020322203636169
33,29.0,1.669695193809233,0.8568848123418854,-0.0585297085344791,0.9698492288589478
33,30.0,1.623442501745577,0.7263124664991059,0.1702073663473129,0.7194789052009583
33,31.0,1.4257906246063186,1.3408348901755307,-0.143973559141159,0.9354916214942932
33,32.0,1.395766002870938,1.2159232828576962,0.0939449444413185,0.7250438928604126
34,0.0,-1.3492090251296753,-0.07038160568239714,-0.0064992173574864,0.9999406337738036
34,1.0,-1.41087356015791,-0.18071962084311896,-0.0401455909013748,0.9999330043792723
34,2.0,-1.408870909971638,-0.19903568256476672,-0.0401982329785823,0.9999235272407532
34,3.0,-1.4065838917988833,-0.21984701268520856,-0.0401670224964618,0.9999373555183412
34,4.0,-1.411123572458567,-0.17820144865377427,0.0073731648735702,0.9999316930770874
34,5.0,-1.4096511325758305,-0.1939204196903757,0.0073861661367118,0.999930202960968
34,6.0,-1.4083608649619574,-0.21299678767660665,0.007428906392306,0.9999600052833556
34,7.0,-1.344871370839903,-0.3613150135179252,-0.1167298778891563,0.9998751878738404
34,8.0,-1.3508140331479361,-0.3621487612848175,0.0879907235503196,0.9999268054962158
34,9.0,-1.2770094310723212,-0.10309021022267023,-0.029333334416151,0.9998876452445984
34,10.0,-1.2736923647104004,-0.09918362020831563,0.0314872972667217,0.9998511672019958
34,11.0,-0.976195153725276,-0.261118398486234,-0.214456632733345,0.9998564720153807
34,12.0,-0.8523807473679544,-0.549011328126165,0.2291277796030044,0.999563455581665
34,13.0,-0.7681727208203252,0.6234772771539291,-0.234371468424797,0.991782248020172
34,14.0,-0.6361622428053063,0.23520176366120582,0.2608197629451751,0.3337897956371307
34,15.0,-0.8908765422901859,1.4755418526305866,-0.1836556941270828,0.987032115459442
34,16.0,-0.7515546515274886,0.8734049333679701,0.170940101146698,0.4140748977661133
34,17.0,-1.001579275420002,1.5950881874096456,-0.221994087100029,0.9799472093582152
34,18.0,-0.8534908343469253,0.8610792086922948,0.1730556339025497,0.3864099085330963
34,19.0,-1.0296933048895434,1.5049976210041784,-0.1960412114858627,0.9777128100395204
34,20.0,-0.872124188253973,0.8805675959541921,0.1300184726715088,0.3807930052280426
34,21.0,-0.9836248197393845,1.475844083084157,-0.1716163009405136,0.9669064283370972
34,22.0,-0.8419864097258862,0.907443451485651,0.1497148871421814,0.3867464363574981
34,23.0,-0.024105368214689404,0.10570647038459048,-0.128326341509819,0.9980320930480956
34,24.0,0.024105368214689404,-0.10570647038459048,0.1283502876758575,0.9959777593612672
34,25.0,0.7905817148087964,0.47363520237825774,-0.1016754731535911,0.8694298267364502
34,26.0,0.8075133419733561,0.2752953469285892,0.1182353496551513,0.2312469482421875
34,27.0,1.5762808144852622,0.8523899586750237,-0.0552367195487022,0.9352211356163024
34,28.0,1.494818255352768,0.6846020171401914,0.1714233309030532,0.5042575597763062
34,29.0,1.7079280682566567,0.8563597830676376,-0.0554829575121402,0.9697782397270204
34,30.0,1.6629841094316853,0.7229576508224226,0.1721197217702865,0.7173835039138794
34,31.0,1.4610379027872726,1.3480217623347184,-0.1413111537694931,0.9361714720726012
34,32.0,1.4287804033391485,1.2158910394193092,0.0946496501564979,0.726097822189331
35,0.0,-1.3795874836550495,0.018855516745481277,-0.0060189864598214,0.9999375343322754
35,1.0,-1.4419219129127203,-0.07970746968758782,-0.039872221648693,0.9999299645423888
35,2.0,-1.4397184198245734,-0.09669241261733744,-0.039936888962984,0.9999197721481324
35,3.0,-1.437452221305351,-0.1147658656954858,-0.0399267598986625,0.9999344348907472
35,4.0,-1.4426832448759843,-0.07845922973307148,0.0075392029248178,0.99992835521698
35,5.0,-1.441336322010101,-0.09429161749631447,0.0075724204070866,0.9999262690544128
35,6.0,-1.4402346073609564,-0.11292233877983154,0.007644108030945,0.9999577403068542
35,7.0,-1.376214658667565,-0.24980083140465004,-0.1162073761224746,0.9998689889907836
35,8.0,-1.3806223465323042,-0.2629384803781042,0.0884815379977226,0.9999225735664368
35,9.0,-1.3060632925483682,-0.0034648099636912224,-0.0283812265843153,0.9998795390129088
35,10.0,-1.303337807046699,0.003768194531540759,0.0319531634449958,0.9998438954353333
35,11.0,-0.9967796937281722,-0.17068788319989603,-0.2118868827819824,0.9998589158058168
35,12.0,-0.8827156440578088,-0.5130498408147751,0.2301808297634124,0.9995641112327576
35,13.0,-0.7451640408442708,0.6466229981225853,-0.233762040734291,0.9913182854652404
35,14.0,-0.6181533290373205,0.2030739944482581,0.2681350409984588,0.3260440528392792
35,15.0,-0.8973415104341074,1.4712804298887363,-0.1836055219173431,0.9870203733444214
35,16.0,-0.7523377207709367,0.8575666198556335,0.1979915797710418,0.4099385738372803
35,17.0,-1.011401860292668,1.5931647334932781,-0.221434399485588,0.9801068902015686
35,18.0,-0.8567494717660303,0.8422463370778186,0.2011438459157943,0.3844501972198486
35,19.0,-1.0406997769029454,1.4999861214510928,-0.1955175846815109,0.9779425859451294
35,20.0,-0.8748069773795104,0.8601151522893434,0.1618674546480178,0.3784571588039398
35,21.0,-0.9935990037950114,1.4697035445823363,-0.1713991165161132,0.9670203924179076
35,22.0,-0.8454122277637677,0.8915811586162039,0.1788879036903381,0.3828555941581726
35,23.0,-0.027332678644274522,0.12416440831295412,-0.1286340355873108,0.998049795627594
35,24.0,0.027332678644274522,-0.12416440831295412,0.1286862939596176,0.9960057139396667
35,25.0,0.8039540503946262,0.4705395135166789,-0.1017338335514068,0.8690686821937561
35,26.0,0.8230522237625002,0.2516826322355082,0.1202977746725082,0.233723759651184
35,27.0,1.6243934415458743,0.8298267067535895,-0.0530101209878921,0.935422420501709
35,28.0,1.5451062194472245,0.6577209025751065,0.1758518815040588,0.5079164505004883
35,29.0,1.7592875592470874,0.8305630968821125,-0.0532936006784439,0.9698763489723206
35,30.0,1.7189639483043075,0.6959430204137584,0.1767656505107879,0.7149152159690857
35,31.0,1.510987830796735,1.3337808791998769,-0.131228968501091,0.9375293254852296
35,32.0,1.475331085914482,1.1848905010274682,0.0998749360442161,0.7281738519668579
36,0.0,-1.4078670183598723,0.06998898218268806,0.0048120021820068,0.999938666820526
36,1.0,-1.4694445605766753,-0.03088866627536077,-0.0266716890037059,0.9999315142631532
36,2.0,-1.4672435468295943,-0.04769553173266268,-0.0267517454922199,0.9999213218688964
36,3.0,-1.4648649416745856,-0.06498387301585666,-0.0267782676964998,0.999936044216156
36,4.0,-1.470257718302638,-0.02959526961381082,0.0172207187861204,0.9999299645423888
36,5.0,-1.468916278217682,-0.045322264735810205,0.0172294061630964,0.9999274611473083
36,6.0,-1.4676697531887228,-0.06364751069109838,0.0172443687915802,0.9999585151672364
36,7.0,-1.4003183419311083,-0.19263303562207354,-0.0971773043274879,0.9998714327812196
36,8.0,-1.4038176999009573,-0.21024895753748613,0.0934844687581062,0.9999234676361084
36,9.0,-1.3318570494734348,0.05025133769866083,-0.0147228864952921,0.9998791813850404
36,10.0,-1.3287367007326751,0.0576859598214538,0.0412669703364372,0.9998444318771362
36,11.0,-1.0149699198324784,-0.12624561760807831,-0.1835302412509918,0.9998639822006226
36,12.0,-0.8945724497829707,-0.4684374396950664,0.2308444678783416,0.9995678067207336
36,13.0,-0.7172389660334634,0.633735199588087,-0.1993664056062698,0.9905781745910645
36,14.0,-0.5871597696753675,0.18736388292498005,0.2744039893150329,0.3175143599510193
36,15.0,-0.8866972343138235,1.448138148589627,-0.143309935927391,0.9867417812347412
36,16.0,-0.7328302938189081,0.8374713437770678,0.2163006663322448,0.4067330062389374
36,17.0,-1.003591180026141,1.5695861942040674,-0.1750955432653427,0.9798715710639954
36,18.0,-0.8410820218743199,0.8152919476330136,0.218575969338417,0.3833161890506744
36,19.0,-1.0334088294967996,1.462401707182955,-0.1532216072082519,0.97771555185318
36,20.0,-0.8619169833568922,0.8395532254579802,0.181186631321907,0.3771647810935974
36,21.0,-0.9865848497323688,1.4318518186520424,-0.131800428032875,0.9666112065315248
36,22.0,-0.8318475290600365,0.8693633233878326,0.1981372088193893,0.3803245723247528
36,23.0,-0.02693087769897709,0.1287113258803184,-0.1253072917461395,0.998111128807068
36,24.0,0.02693087769897709,-0.1287113258803184,0.125427708029747,0.996113419532776
36,25.0,0.8259086328128108,0.46831062588911215,-0.1039335429668426,0.8684726357460022
36,26.0,0.8447619658286232,0.22491170620171327,0.1050543263554573,0.2355101257562637
36,27.0,1.6736529364640087,0.8010611991824992,-0.0668146461248397,0.9349198341369628
36,28.0,1.5957778020979025,0.6269263137603824,0.1412118226289749,0.5098848938941956
36,29.0,1.8070084599402096,0.8006336257340867,-0.0673585012555122,0.9688720703125
36,30.0,1.7693119494289788,0.6568025527717798,0.1397148519754409,0.7102391719818115
36,31.0,1.5609857704195558,1.3226849219702932,-0.1435434371232986,0.9383547306060792
36,32.0,1.5245847397535461,1.1689806000006724,0.0663109347224235,0.7287039160728455
37,0.0,-1.419550910899929,0.10724003961014442,0.0126407975330948,0.999936819076538
37,1.0,-1.4755285112192276,0.00754242930445258,-0.0173565540462732,0.9999296069145204
37,2.0,-1.4731915648399547,-0.007809889484102801,-0.0174386221915483,0.9999188780784608
37,3.0,-1.4707938261200435,-0.024439957490284044,-0.0174683555960655,0.9999345541000366
37,4.0,-1.476194092667268,0.00781093425042956,0.0246128346771001,0.9999281167984008
37,5.0,-1.474524425481317,-0.007110940811501246,0.0246061291545629,0.9999251961708068
37,6.0,-1.473050194896365,-0.024586224776030258,0.0245836544781923,0.9999573230743408
37,7.0,-1.4072474814444371,-0.14835655720815047,-0.0849021226167678,0.9998670816421508
37,8.0,-1.4090198622198875,-0.16388021767429425,0.0971928313374519,0.9999211430549622
37,9.0,-1.3445304200406953,0.09198174979099731,-0.005722030531615,0.9998719096183776
37,10.0,-1.3416308016965675,0.09647293903815117,0.0476979091763496,0.9998368620872498
37,11.0,-1.0248274837956513,-0.0756491789963606,-0.1714823842048645,0.9998666644096376
37,12.0,-0.9182400313523587,-0.3981531337634445,0.2308734953403473,0.9995583891868592
37,13.0,-0.6947689543155661,0.6315860577258808,-0.1900048851966858,0.9896878004074096
37,14.0,-0.574551088586007,0.18647511783152249,0.2782074809074402,0.3066330552101135
37,15.0,-0.8768817809454985,1.4171586572032324,-0.1440158635377884,0.9865208268165588
37,16.0,-0.7145971826437465,0.8061790481231769,0.2268108278512954,0.4018583595752716
37,17.0,-0.9931235272269959,1.5370194740406222,-0.1761843115091323,0.9797505736351012
37,18.0,-0.8280898875279601,0.7833023222493055,0.2292743474245071,0.3813109695911407
37,19.0,-1.0242147283450074,1.4305940909737678,-0.1541954129934311,0.9776014685630798
37,20.0,-0.851383605761999,0.8051820798558674,0.1918911784887313,0.3750339150428772
37,21.0,-0.977899584100841,1.4055019381040048,-0.1327066570520401,0.9664545059204102
37,22.0,-0.8209491708761463,0.8356038469500082,0.2089540958404541,0.377334713935852
37,23.0,-0.02157324928544908,0.13591469621436306,-0.1225390806794166,0.9981706142425536
37,24.0,0.02157324928544908,-0.13591469621436306,0.1226781606674194,0.9961882829666138
37,25.0,0.8322844937341051,0.4512431958492684,-0.1055058687925338,0.8677796721458435
37,26.0,0.8399298325217435,0.2080612961002652,0.0985654816031456,0.2327719777822494
37,27.0,1.6798932281617345,0.743013520773674,-0.0777568742632865,0.9333423376083374
37,28.0,1.6051287050525562,0.580400604653738,0.1246100142598152,0.5054115653038025
37,29.0,1.8147482701291826,0.7362763451155707,-0.0784454271197319,0.9675196409225464
37,30.0,1.7720042677856676,0.5988062530322457,0.1222033277153968,0.7018778920173645
37,31.0,1.5809752747273862,1.287187114238637,-0.151039108633995,0.9380308985710144
37,32.0,1.5403372601070353,1.1227009320948222,0.0528211258351802,0.7244672179222107
38,0.0,-1.4175596206793528,0.11378751711475782,0.0187592282891273,0.9999390840530396
38,1.0,-1.4721599771831484,0.005569793421169683,-0.0117068393155932,0.999932050704956
38,2.0,-1.4696552435394488,-0.009706218729727772,-0.0117809111252427,0.9999216198921204
38,3.0,-1.4670743573122396,-0.025865208647186583,-0.0118025364354252,0.9999369978904724
38,4.0,-1.4722552823048283,0.003980328854120087,0.029899938032031,0.9999305605888368
38,5.0,-1.4700633298732246,-0.012046881142004131,0.0298936758190393,0.9999275207519532
38,6.0,-1.468141473986737,-0.030399588400727314,0.0298768654465675,0.9999587535858154
38,7.0,-1.4016633408332457,-0.15359315886883967,-0.0795740410685539,0.9998714327812196
38,8.0,-1.4050269971785012,-0.16778878483927176,0.100808098912239,0.9999238848686218
38,9.0,-1.340598185609216,0.10458331713297137,0.0007254458614625,0.9998741149902344
38,10.0,-1.3377277888306225,0.10419163792233799,0.0536314360797405,0.9998412132263184
38,11.0,-1.0204539011424485,-0.07919999419018886,-0.162130519747734,0.9998713731765748
38,12.0,-0.9157943660589432,-0.4217417666559286,0.2311836779117584,0.999569833278656
38,13.0,-0.680397121479018,0.6435064568142194,-0.1773015409708023,0.9892925024032592
38,14.0,-0.5704441647538091,0.2110327320805558,0.2789072394371032,0.305351585149765
38,15.0,-0.8731281325799387,1.4169306591698878,-0.1278322488069534,0.986620545387268
38,16.0,-0.7092889540932852,0.7910364319611782,0.2264512479305267,0.405778169631958
38,17.0,-0.9857475409673901,1.5173749363133222,-0.1583479791879654,0.9800180792808532
38,18.0,-0.8234365127788323,0.7622009457220056,0.2289713025093078,0.3856555819511413
38,19.0,-1.017222678388772,1.4198421064398496,-0.1350918859243393,0.9778805375099182
38,20.0,-0.844609414941355,0.7880439295808719,0.1921836286783218,0.3789540231227875
38,21.0,-0.9729961340356319,1.393661305798514,-0.1159560531377792,0.9669284224510192
38,22.0,-0.8150945038498251,0.8201375697878033,0.2089260667562484,0.3800510466098785
38,23.0,-0.022445859597081123,0.1520687998581637,-0.1175280660390853,0.9982794523239136
38,24.0,0.022445859597081123,-0.1520687998581637,0.1176900044083595,0.9963974356651306
38,25.0,0.8389098026095847,0.43418529490242597,-0.1054091155529022,0.8680740594863892
38,26.0,0.8436293017764287,0.17929390408245588,0.0906578749418258,0.2341232299804687
38,27.0,1.6863467335614797,0.7015981314620634,-0.0756463706493377,0.9318947792053224
38,28.0,1.6092677685813435,0.5532722474251393,0.1165690198540687,0.5064303874969482
38,29.0,1.8216635338561789,0.6923476516269511,-0.0756784826517105,0.966387152671814
38,30.0,1.7779437146767416,0.5690863609214863,0.1147967725992202,0.6980561017990112
38,31.0,1.593588572623505,1.2655861259428687,-0.1484393775463104,0.9375462532043456
38,32.0,1.5520682230834868,1.0955735549310757,0.0452329479157924,0.7238209843635559
39,0.0,-1.4188164571370565,0.15931150861458032,0.0275808479636907,0.9999399185180664
39,1.0,-1.4724913060880966,0.06184301125371873,-0.0011017328361049,0.9999326467514038
39,2.0,-1.4701374171279993,0.044896739230908526,-0.0011888805311173,0.9999223351478576
39,3.0,-1.467583180476038,0.02739865990514716,-0.0012210415443405,0.9999377727508544
39,4.0,-1.4730219655791286,0.06354688325799034,0.0382241755723953,0.999931573867798
39,5.0,-1.471256286966648,0.048114873136301944,0.0382120460271835,0.9999284744262696
39,6.0,-1.4697098777724853,0.030397066080509242,0.0381764322519302,0.9999592900276184
39,7.0,-1.4047363356237372,-0.09914853715603567,-0.0647786557674408,0.9998727440834044
39,8.0,-1.4097001788455268,-0.10587917203303848,0.1051970496773719,0.999925434589386
39,9.0,-1.3407075048625408,0.14660213196298227,0.0109318848699331,0.9998722076416016
39,10.0,-1.3386439236363405,0.15109122972277625,0.0608938448131084,0.9998405575752258
39,11.0,-1.0290374691644906,-0.05149328519518663,-0.1433141529560089,0.9998748302459716
39,12.0,-0.9272787813274569,-0.36423105623928864,0.2306737154722213,0.9995646476745604
39,13.0,-0.6676526596117104,0.6161932894833164,-0.1695733517408371,0.9885686635971068
39,14.0,-0.5580403422536043,0.1814974620375538,0.2789371907711029,0.2933022379875183
39,15.0,-0.8660442770829492,1.3917145868028962,-0.1375903636217117,0.9860489964485168
39,16.0,-0.7013616170795572,0.7626969499010164,0.23404560983181,0.3956240713596344
39,17.0,-0.9757557207173566,1.4943062234425097,-0.1684823036193847,0.9794100522994996
39,18.0,-0.8173756324506386,0.7243378308426613,0.2359565645456314,0.3784143328666687
39,19.0,-1.0090997311151215,1.3978117039457556,-0.1450192630290985,0.977234423160553
39,20.0,-0.8387546953655944,0.7447850805711437,0.2021548599004745,0.3714640438556671
39,21.0,-0.9657574542699116,1.3720653232405704,-0.1257525533437729,0.96619975566864
39,22.0,-0.8095171579200243,0.775365995121834,0.2179924696683883,0.3716700971126556
39,23.0,-0.020222676988909186,0.1537559849707725,-0.113749586045742,0.9983651041984558
39,24.0,0.020222676988909186,-0.1537559849707725,0.1139322742819786,0.9965286254882812
39,25.0,0.8448338728785294,0.43074203776723685,-0.1057320386171341,0.8679264783859253
39,26.0,0.8493643496387345,0.15735857693061886,0.0836085528135299,0.2332315593957901
39,27.0,1.6933770588730293,0.6669142539682975,-0.0858684703707695,0.929812788963318
39,28.0,1.6187149380488997,0.5259401898460464,0.0975663959980011,0.5033034682273865
39,29.0,1.828326288156936,0.6556065254825251,-0.0870203897356987,0.9645984172821044
39,30.0,1.7879595019014167,0.5403552717487697,0.0939492210745811,0.6905505061149597
39,31.0,1.6037724048371385,1.239375701650002,-0.1563222557306289,0.9363061785697936
39,32.0,1.5622771241969893,1.0648521725361717,0.0232403166592121,0.7193230390548706
40,0.0,-1.4205662637872667,0.23794605184517464,0.0383302718400955,0.9999428391456604
40,1.0,-1.4733127458447681,0.14856513473356614,0.0098353438079357,0.999936044216156
40,2.0,-1.4712970022593561,0.13240423325509726,0.0097633535042405,0.9999260306358336
40,3.0,-1.4690103083128578,0.11543676954856087,0.0097220418974757,0.9999409914016724
40,4.0,-1.4738031441528379,0.15121386814373006,0.0493492744863033,0.999935269355774
40,5.0,-1.4722919653492987,0.13704156887563118,0.0493557937443256,0.999932050704956
40,6.0,-1.470902062153262,0.12107582050355946,0.0493103675544261,0.9999613761901855
40,7.0,-1.4090270088905885,-0.0019723173853449898,-0.0548117831349372,0.9998789429664612
40,8.0,-1.4117050020270168,-0.00948478520297575,0.1152723506093025,0.9999292492866516
40,9.0,-1.3457043273610576,0.22468729154189288,0.0212261267006397,0.9998754262924194
40,10.0,-1.3430900171582638,0.22805864751292226,0.0710733979940414,0.999845802783966
40,11.0,-1.0375052755641279,0.011283000597199798,-0.1344215124845504,0.9998744130134584
40,12.0,-0.9437109060768409,-0.28474678540970644,0.2339024841785431,0.999556005001068
40,13.0,-0.6126936368930512,0.5459757679412349,-0.1375577598810196,0.9864426851272584
40,14.0,-0.512451668268427,0.13459672677065831,0.294096291065216,0.275740772485733
40,15.0,-0.8505312556350104,1.3155560851556274,-0.0614553317427635,0.9836098551750184
40,16.0,-0.6802454742418791,0.6941854168602309,0.2736515700817108,0.3813595473766327
40,17.0,-0.9612115323067572,1.4026430926868856,-0.0801840648055076,0.9765361547470092
40,18.0,-0.8026859101237532,0.6567782469991447,0.2782959342002868,0.3680644333362579
40,19.0,-0.9910918030825073,1.288848972114626,-0.063390627503395,0.9741840958595276
40,20.0,-0.8237763472945461,0.6746433620363274,0.2483838200569152,0.3613766729831695
40,21.0,-0.9483033591308426,1.248442746509911,-0.0507061369717121,0.9626133441925048
40,22.0,-0.7945211225264622,0.7034481723756707,0.2593272626399994,0.3613114058971405
40,23.0,-0.017144213636685782,0.1414808386568366,-0.1143777221441268,0.9984474182128906
40,24.0,0.017144213636685782,-0.1414808386568366,0.1145360469818115,0.99669086933136
40,25.0,0.86911912563001,0.40438225947873757,-0.1100829690694809,0.8695816397666931
40,26.0,0.8755520287057396,0.10319587700781735,0.0854012668132782,0.2375124543905258
40,27.0,1.729444578143471,0.5920996882900935,-0.1066478341817855,0.929671823978424
40,28.0,1.6505150763771756,0.442154315337945,0.0919044315814971,0.5063451528549194
40,29.0,1.8686755954047807,0.5712943017557139,-0.1097132265567779,0.9625988602638244
40,30.0,1.8263067173921748,0.4414896826418027,0.0877242237329483,0.6857581734657288
40,31.0,1.6457919475321208,1.1763724660029273,-0.181619331240654,0.9365627765655518
40,32.0,1.60285323304059,0.9813655258401365,0.0261081177741289,0.7188727259635925
41,0.0,-1.4132315923125927,0.2629772748117091,0.0330549851059913,0.9999393224716188
41,1.0,-1.4662991324141834,0.17563668751999684,0.0037658435758203,0.999932587146759
41,2.0,-1.4646146946871406,0.15999468500847044,0.0036890541668981,0.9999219179153442
41,3.0,-1.462721557351846,0.1434134680059685,0.0036519158165901,0.999938428401947
41,4.0,-1.4668534783260059,0.17272602365024955,0.0445531979203224,0.9999319314956664
41,5.0,-1.4656866156274266,0.15556044774464348,0.0445571430027484,0.999928057193756
41,6.0,-1.4647074500685855,0.13616768262285273,0.0445199757814407,0.9999591708183287
41,7.0,-1.4068994474367111,0.018323560589104292,-0.0629233047366142,0.9998733401298524
41,8.0,-1.410113023880721,-0.0006491551624279335,0.1129800155758857,0.9999253153800964
41,9.0,-1.337221869910526,0.24628899159748197,0.0152854276821017,0.9998606443405152
41,10.0,-1.3349496280804967,0.24665312272349788,0.0668659880757331,0.9998310804367064
41,11.0,-1.0353152940139956,0.04930756820702608,-0.1475192457437515,0.99987131357193
41,12.0,-0.9539779675170981,-0.25597715868173504,0.2359787970781326,0.9995169043540956
41,13.0,-0.5872707595430783,0.5033014328438321,-0.1602126210927963,0.9844409227371216
41,14.0,-0.5084358407298821,0.13316903364842037,0.3060219585895538,0.2598873376846313
41,15.0,-0.8386509615203941,1.26778837154523,-0.0962949320673942,0.98202645778656
41,16.0,-0.6729714316908414,0.7112523726593613,0.2912755906581878,0.3689411878585815
41,17.0,-0.9471417633969063,1.3720242190594794,-0.1207083091139793,0.9747664332389832
41,18.0,-0.7914265466729374,0.6662201649985156,0.2997989952564239,0.3594437539577484
41,19.0,-0.9787573026547814,1.272397253941549,-0.0987933352589607,0.9722086787223816
41,20.0,-0.8117609114240836,0.7277758163099918,0.2675403654575348,0.3530286252498626
41,21.0,-0.9371414082002467,1.2262946491788267,-0.0840975940227508,0.960032045841217
41,22.0,-0.7826899172946233,0.7647224048625803,0.2763935029506683,0.3524997234344482
41,23.0,-0.014322755972001496,0.14246126776159065,-0.1155812516808509,0.9985064268112184
41,24.0,0.014322755972001496,-0.14246126776159065,0.1158183068037033,0.9967763423919678
41,25.0,0.8714484693532554,0.3829333043732747,-0.1185124740004539,0.8688189387321472
41,26.0,0.8787173110740447,0.04873884521107982,0.0901917517185211,0.2359657436609268
41,27.0,1.727405464928301,0.5194268234003753,-0.1080530881881713,0.9276378750801086
41,28.0,1.6572156126811632,0.35247720738346333,0.1083706691861152,0.5051906108856201
41,29.0,1.8731212540094246,0.48928980492273505,-0.1100035458803176,0.9600619673728944
41,30.0,1.8315522672763636,0.33653308734380144,0.1054499372839927,0.6804773807525635
41,31.0,1.6547944322100705,1.1083034436116435,-0.1810755878686905,0.9350588321685792
41,32.0,1.6103937561891786,0.8890988908884438,0.0411397330462932,0.7150985598564148
42,0.0,-1.4028211840164984,0.2989175733374174,0.0416809730231761,0.9999328851699828
42,1.0,-1.4555786399379154,0.20419041917002273,0.0106749273836612,0.999926507472992
42,2.0,-1.4538165584172384,0.19028549882248078,0.0105915404856204,0.999914288520813
42,3.0,-1.4518981162933648,0.17658130185392631,0.0105267893522977,0.9999333620071412
42,4.0,-1.4557240916618197,0.19798941549347573,0.0521194748580455,0.9999268651008606
42,5.0,-1.4542590622300064,0.1807126597281594,0.0521195530891418,0.9999220371246338
42,6.0,-1.4531002086770117,0.16228762871704094,0.0520579665899276,0.9999560713768004
42,7.0,-1.3948707266734865,0.053435260954809695,-0.060616347938776,0.999864399433136
42,8.0,-1.3981597207230552,0.029437842172089352,0.118957795202732,0.99992036819458
42,9.0,-1.3269046401574076,0.28653936717550776,0.0230632442981004,0.9998348951339722
42,10.0,-1.3242527907729582,0.28420209020121046,0.0755358934402465,0.9998100399971008
42,11.0,-1.0391537923506196,0.07890650238719722,-0.149571031332016,0.9998626708984376
42,12.0,-0.9559409933339846,-0.21889505954135682,0.2489215731620788,0.9994671940803528
42,13.0,-0.5649342311854313,0.4736167298840261,-0.1561558246612548,0.9812048077583312
42,14.0,-0.5001949911641629,0.07792721559880361,0.3408141434192657,0.2406931668519973
42,15.0,-0.8262684013544559,1.2087942701686871,-0.0580702871084213,0.9765948057174684
42,16.0,-0.6621041809413739,0.6555911172026326,0.3609350919723511,0.3471052050590515
42,17.0,-0.933657921460733,1.3212049160129693,-0.0742430314421653,0.968704104423523
42,18.0,-0.7806159976880691,0.6181275133632007,0.3765114247798919,0.3420327603816986
42,19.0,-0.9665146725176057,1.2236835020005399,-0.0512865036725997,0.9655929803848268
42,20.0,-0.7995655805071216,0.6694598068480385,0.3459645211696625,0.3361112475395202
42,21.0,-0.9271742125244524,1.1777776156480393,-0.0439223796129226,0.9519505500793456
42,22.0,-0.7709084174058769,0.7049140612361567,0.3478718101978302,0.3354058265686035
42,23.0,-0.01350294467420729,0.15662796991109665,-0.1237182989716529,0.9985567331314088
42,24.0,0.01350294467420729,-0.15662796991109665,0.1240501329302787,0.9968504309654236
42,25.0,0.8721629160267229,0.3830603377851584,-0.130622386932373,0.8696614503860474
42,26.0,0.8794466094444753,0.010862863656509894,0.1032604426145553,0.2337946146726608
42,27.0,1.7240543575217862,0.47109724156832905,-0.1244925633072853,0.9263426065444946
42,28.0,1.6563301836683284,0.2945516415011792,0.1152084395289421,0.5035784840583801
42,29.0,1.8694706440966837,0.43806965085028915,-0.1259438842535019,0.9580578207969666
42,30.0,1.8245160120185158,0.27836974053034014,0.1115515008568763,0.6742953062057495
42,31.0,1.6611523050022652,1.0623994901784366,-0.1897740066051483,0.9343205094337464
42,32.0,1.6152659885180727,0.8263043675989122,0.0659654811024665,0.7097769379615784
43,0.0,-1.3974605026967744,0.3327296451715942,0.0387126989662647,0.9999282956123352
43,1.0,-1.4519365880066721,0.24210504653784537,0.0076338960789144,0.9999213814735411
43,2.0,-1.4502576053102276,0.22450270620801352,0.0075586987659335,0.9999080896377563
43,3.0,-1.44850436703848,0.2057828955107466,0.0075088976882398,0.9999290108680724
43,4.0,-1.4519227684027198,0.23970850239599228,0.0490143522620201,0.9999224543571472
43,5.0,-1.450414976876766,0.22173164418680233,0.0490125827491283,0.9999168515205384
43,6.0,-1.4493086150904981,0.20217974786209145,0.0489598289132118,0.9999533295631408
43,7.0,-1.3931651185228724,0.06972129051201792,-0.0630035549402237,0.9998546242713928
43,8.0,-1.3968667225843745,0.054956134710346105,0.1166322082281112,0.9999147057533264
43,9.0,-1.322268169837304,0.3046259927781783,0.020273957401514,0.9998124241828918
43,10.0,-1.3198901399973968,0.3041734503406206,0.0726425424218177,0.9997906684875488
43,11.0,-1.041469157948106,0.0814075179001248,-0.1516389399766922,0.9998494386672974
43,12.0,-0.9534984522532551,-0.2231969189407882,0.2472035586833953,0.9994340538978576
43,13.0,-0.5681978434419724,0.4842374677935675,-0.1466787308454513,0.9787103533744812
43,14.0,-0.5001733887032752,0.15386535448472663,0.3295865356922149,0.2291672825813293
43,15.0,-0.8253587203220366,1.213034185092893,-0.0390136875212192,0.9723496437072754
43,16.0,-0.6701203981030249,0.7523409583485922,0.3313531577587127,0.3380096554756164
43,17.0,-0.9306939898117315,1.3199733221111387,-0.0532212108373642,0.9638202786445618
43,18.0,-0.7868467241098068,0.7492099253995516,0.3428491652011871,0.3359073400497436
43,19.0,-0.9646375820188672,1.2382350594312554,-0.0359632521867752,0.960343599319458
43,20.0,-0.8015670488517675,0.7583041505152647,0.313378244638443,0.3303660452365875
43,21.0,-0.9283299779432974,1.191738770504956,-0.0268617961555719,0.9459138512611388
43,22.0,-0.798443421623505,0.905879799894006,0.3181702494621277,0.3288112878799438
43,23.0,-0.013284408381059905,0.15362466855943294,-0.1241665855050087,0.9985898733139038
43,24.0,0.013284408381059905,-0.15362466855943294,0.1244811490178108,0.996945023536682
43,25.0,0.8731303801623655,0.3759256275310646,-0.1285393983125686,0.8704866766929626
43,26.0,0.8707608140033476,0.029475958902631688,0.1017756983637809,0.2374421060085296
43,27.0,1.722924143947284,0.46910837371364944,-0.1187086626887321,0.926230490207672
43,28.0,1.6514279931037452,0.28637565188024805,0.114814780652523,0.5091193914413452
43,29.0,1.8694442136250933,0.43457655568469694,-0.1198292523622512,0.957047402858734
43,30.0,1.8196886140862716,0.27255657690799995,0.111710101366043,0.6724889278411865
43,31.0,1.6617550062390123,1.0615036163285296,-0.1836587339639663,0.934843361377716
43,32.0,1.6160643539373767,0.8091325216068237,0.0603312142193317,0.711001455783844
44,0.0,-1.3874407730166776,0.36587863155454675,0.0441480241715908,0.9999244809150696
44,1.0,-1.4437851481777189,0.27869514502138015,0.012855184264481,0.9999180436134338
44,2.0,-1.442063302381445,0.26314877619516264,0.0127782495692372,0.9999036192893982
44,3.0,-1.4403412575585322,0.2450421286847421,0.0127268750220537,0.9999259114265442
44,4.0,-1.4442531261482403,0.27575326592798527,0.0534445419907569,0.9999197125434875
44,5.0,-1.4430647380867216,0.2586844759977801,0.0534373857080936,0.9999133348464966
44,6.0,-1.4422866766126254,0.2392332045142194,0.0533738918602466,0.9999516606330872
44,7.0,-1.3855461720977447,0.10687544756550137,-0.0585956908762455,0.999849021434784
44,8.0,-1.3910856141990502,0.09593402442823222,0.1179894506931305,0.999912440776825
44,9.0,-1.3127276986038552,0.33850822278927123,0.0257273018360137,0.9997958540916444
44,10.0,-1.3109710894879676,0.3365718262761463,0.0771371349692344,0.9997771382331848
44,11.0,-1.0439919792828771,0.1195375223392104,-0.1453363448381424,0.999843955039978
44,12.0,-0.9541984574057556,-0.20459620047432422,0.2463875859975814,0.999403476715088
44,13.0,-0.5616498581708163,0.45764716111276094,-0.1519103497266769,0.9768455624580384
44,14.0,-0.4909744371835554,0.12698218011352944,0.3341105580329895,0.2146605849266052
44,15.0,-0.8161655221879283,1.1815954150137242,-0.0668954029679298,0.9688192009925842
44,16.0,-0.6734011930231694,0.7102597324076754,0.3515806198120117,0.3228462338447571
44,17.0,-0.9193674687350404,1.2901477283550837,-0.085403062403202,0.9596558809280396
44,18.0,-0.7910131989721876,0.7244545776706004,0.3649342358112335,0.3242498338222503
44,19.0,-0.9548492745153125,1.2155082274564817,-0.0652877837419509,0.9558926820755004
44,20.0,-0.8014015934218653,0.7436489721054144,0.3357559740543365,0.3190683126449585
44,21.0,-0.9194254518292048,1.166597032866909,-0.0544508844614028,0.9406193494796752
44,22.0,-0.789187063217073,0.8137246594871302,0.3391458690166473,0.3171262741088867
44,23.0,-0.010553984613332956,0.1615830939895511,-0.1260207444429397,0.9986286163330078
44,24.0,0.010553984613332956,-0.1615830939895511,0.126328632235527,0.9970101714134216
44,25.0,0.8841506337535007,0.34515120126166476,-0.1320731937885284,0.8704361915588379
44,26.0,0.8738296429922334,0.0048002571640285594,0.1018573716282844,0.2353742569684982
44,27.0,1.7368256026011144,0.43343304947330524,-0.1293181627988815,0.9252744913101196
44,28.0,1.6616994152279234,0.246786398149011,0.1164248287677764,0.5070095658302307
44,29.0,1.8840875357541835,0.3943251110147273,-0.1308937817811966,0.9556678533554076
44,30.0,1.8286994835935768,0.23073344018430428,0.1133628711104393,0.6666781306266785
44,31.0,1.680061878311682,1.0287177462143968,-0.1941751837730407,0.934760332107544
44,32.0,1.632918305645357,0.7605269618310235,0.0588953085243701,0.7064535617828369
45,0.0,-1.3889072241030291,0.40825320707131585,0.0488524548709392,0.999907910823822
45,1.0,-1.439115287861425,0.3100435017958771,0.0171380545943975,0.9999001026153564
45,2.0,-1.4368131375962825,0.2975294180033506,0.0170657224953174,0.9998819828033448
45,3.0,-1.4342004147887173,0.2831084161650269,0.0170146189630031,0.9999096989631652
45,4.0,-1.4392428373824542,0.30213885740896657,0.0592670515179634,0.9999059438705444
45,5.0,-1.437487450275896,0.2841066756395266,0.0592572912573814,0.99989914894104
45,6.0,-1.435922992152779,0.2623041405697522,0.0591647662222385,0.9999445676803588
45,7.0,-1.3757496608828734,0.15779470120299505,-0.0573159903287887,0.9998173713684082
45,8.0,-1.3824020008814994,0.12747401909144343,0.1258272975683212,0.9999030232429504
45,9.0,-1.313581853037497,0.3943595329015439,0.0293314643204212,0.999742329120636
45,10.0,-1.3127191808121075,0.3872678849451591,0.0826740786433219,0.9997352361679076
45,11.0,-1.0492500308516757,0.18395184016839566,-0.1471474319696426,0.999828040599823
45,12.0,-0.9506887737972026,-0.16830646834102095,0.2539926767349243,0.999353289604187
45,13.0,-0.5469750383673844,0.39336812526081855,-0.1918301731348037,0.9728493690490724
45,14.0,-0.4819835502938152,0.07072765883695288,0.3530126810073852,0.1987445205450058
45,15.0,-0.799025936758056,1.120430701313936,-0.1649085432291031,0.9633103609085084
45,16.0,-0.6626623221746486,0.6375442901543249,0.3992633521556854,0.3026942908763885
45,17.0,-0.8972705600325366,1.2305749833638377,-0.1897616237401962,0.953573763370514
45,18.0,-0.7743805495021239,0.6428531436690544,0.4203093647956848,0.3072519302368164
45,19.0,-0.9355878592228151,1.1643617606218997,-0.1579374521970749,0.9490666389465332
45,20.0,-0.7847592329456877,0.6625503210456457,0.3907556235790252,0.3023770451545715
45,21.0,-0.9005508754519757,1.1120050540281117,-0.1498490273952484,0.9315922856330872
45,22.0,-0.7721029736023447,0.7335740581612681,0.3877610564231872,0.3004011213779449
45,23.0,-0.009313091525628425,0.17089277205874523,-0.1318469494581222,0.9986163973808287
45,24.0,0.009313091525628425,-0.17089277205874523,0.1321545094251632,0.9969204664230348
45,25.0,0.8782262833550142,0.3125989722616171,-0.1377076357603073,0.8724920153617859
45,26.0,0.8684155115185113,-0.02767152599555168,0.1158314123749733,0.235353335738182
45,27.0,1.7243128544974384,0.3741373996450152,-0.136491984128952,0.924954354763031
45,28.0,1.641984909314587,0.17850384172163447,0.1312442421913147,0.5047757625579834
45,29.0,1.872230769080836,0.33003214563994365,-0.1381170749664306,0.9544653296470642
45,30.0,1.8087277101286963,0.15920565189636124,0.1279955804347992,0.6613157391548157
45,31.0,1.676834653550941,0.965392677310784,-0.2046110779047012,0.934420108795166
45,32.0,1.6220099691380687,0.6691937009539513,0.0734325945377349,0.7008602023124695
46,0.0,-1.4098651646770164,0.44660066074922594,0.0749094188213348,0.9999062418937684
46,1.0,-1.4536181157570145,0.348468588443116,0.0437821522355079,0.9998976588249208
46,2.0,-1.4506425972672927,0.3347576918773209,0.0437133759260177,0.9998791813850404
46,3.0,-1.4468818817131934,0.31815437557433446,0.0436647199094295,0.9999081492424012
46,4.0,-1.4538979610775369,0.34069043917917347,0.0878111347556114,0.999904990196228
46,5.0,-1.4518095582178965,0.3218716862776309,0.087822213768959,0.9998982548713684
46,6.0,-1.4495530361117097,0.2998167207137562,0.0877147689461708,0.9999443292617798
46,7.0,-1.384519051151091,0.1928722046225783,-0.0345037840306758,0.999813675880432
46,8.0,-1.3933732431132668,0.16588220692279568,0.1571249216794967,0.9999037384986876
46,9.0,-1.3338708253525722,0.43501083664833223,0.0536194890737533,0.999731719493866
46,10.0,-1.333579317049239,0.4274222108550726,0.109313778579235,0.9997252821922302
46,11.0,-1.0574314934128124,0.21568870995046976,-0.1328677088022232,0.9998269081115724
46,12.0,-0.9424494592240373,-0.1938672691106113,0.2828027307987213,0.9993146061897278
46,13.0,-0.5437480062111583,0.35005740478335834,-0.2297022938728332,0.9707199335098268
46,14.0,-0.4831044716094988,-0.19836228871318554,0.3874908983707428,0.1839892119169235
46,15.0,-0.7935188676818188,1.099745192653733,-0.2724525332450866,0.9620169997215272
46,16.0,-0.6445996740546199,0.5622847269829014,0.457360178232193,0.2845006883144378
46,17.0,-0.8915210567702578,1.1942537882546187,-0.3071241974830627,0.9521695971488952
46,18.0,-0.7555773291222673,0.6007116046680756,0.4843577444553375,0.2920527160167694
46,19.0,-0.9302351354071592,1.1331500959674972,-0.2642894685268402,0.9471502900123596
46,20.0,-0.765264364084284,0.6208270692039968,0.4547764658927917,0.2872658669948578
46,21.0,-0.894411223431224,1.0823625770447216,-0.2549716830253601,0.928116500377655
46,22.0,-0.7489050426830646,0.6614980108091729,0.4466829001903534,0.2851724028587341
46,23.0,-0.009322169147478033,0.18019003615429413,-0.1370581984519958,0.9986503720283508
46,24.0,0.009322169147478033,-0.18019003615429413,0.1373367607593536,0.99686598777771
46,25.0,0.8857470850753129,0.29857434797656635,-0.1550793647766113,0.8755075931549072
46,26.0,0.8766807063463089,-0.04573280867915646,0.1211957037448883,0.2350556254386901
46,27.0,1.7347555092273805,0.33266047551362427,-0.1670014411211013,0.9240062832832336
46,28.0,1.6574980556110877,0.13691029734847315,0.131682202219963,0.498810738325119
46,29.0,1.882591503325984,0.28443218611454596,-0.1703853756189346,0.9523636102676392
46,30.0,1.8234821810995867,0.11782568145239221,0.1281818598508834,0.6547470688819885
46,31.0,1.696609868468632,0.9292938796807324,-0.2474557757377624,0.9329936504364014
46,32.0,1.6344724117959677,0.6365882651344523,0.0733551979064941,0.692457914352417
47,0.0,-1.3959376981967415,0.45037229792290495,0.0819726958870887,0.9998970627784728
47,1.0,-1.4409754584433563,0.35753403869578687,0.0504046119749546,0.9998865127563475
47,2.0,-1.4382310866904422,0.3439292114164874,0.0503288879990577,0.9998672008514404
47,3.0,-1.4348794110431375,0.32977005936842424,0.050282035022974,0.9998996257781982
47,4.0,-1.4419113787915743,0.3523093288298171,0.0952262431383133,0.9998971223831176
47,5.0,-1.4405337226048989,0.3354647517656138,0.095219001173973,0.9998902678489684
47,6.0,-1.4391307372242443,0.3168057556855671,0.0951048135757446,0.9999403357505798
47,7.0,-1.3753989046053967,0.21736758375705342,-0.027254793792963,0.9997947216033936
47,8.0,-1.3851519041164841,0.1896802550795342,0.1687272042036056,0.9998976588249208
47,9.0,-1.3220621201502607,0.4362070456501137,0.0612188838422298,0.9996916651725768
47,10.0,-1.3231120218713859,0.43171966729474837,0.1181200668215751,0.9996883869171144
47,11.0,-1.0529951981300119,0.2238388612848364,-0.130313292145729,0.9998201727867126
47,12.0,-0.9458345395365656,-0.15543067595763588,0.2950992882251739,0.999272644519806
47,13.0,-0.5358963877011247,0.29819609185766877,-0.2525703012943268,0.9672012329101562
47,14.0,-0.49329069422406563,-0.2409481350568034,0.4102015197277069,0.1707877665758133
47,15.0,-0.7800675632316204,1.0610867483909896,-0.3230368494987488,0.9588797688484192
47,16.0,-0.6333535779560037,0.5207800308250862,0.4876929521560669,0.2692113816738128
47,17.0,-0.875341403488192,1.1483584199402066,-0.3610203564167022,0.949481964111328
47,18.0,-0.7402820301690424,0.5500417479367593,0.5163492560386658,0.2800789475440979
47,19.0,-0.9136010846872785,1.093792970656698,-0.3220836520195007,0.9438258409500122
47,20.0,-0.751540260131769,0.5753701462346685,0.4864546656608581,0.2755613029003143
47,21.0,-0.8768730903492494,1.0442114049759843,-0.3080047965049743,0.922860026359558
47,22.0,-0.7325343469237113,0.6103854361735147,0.4770315587520599,0.2732049226760864
47,23.0,-0.010096137152038455,0.1768652742889326,-0.1419469565153122,0.9986855983734132
47,24.0,0.010096137152038455,-0.1768652742889326,0.1421927511692047,0.9968230724334716
47,25.0,0.8918387981972219,0.2719187107738089,-0.1691254675388336,0.8771683573722839
47,26.0,0.877698742504829,-0.06979306895404254,0.1290127485990524,0.2343980073928833
47,27.0,1.739748021537823,0.29375963711742425,-0.1918035000562667,0.9238184094429016
47,28.0,1.6620330150929572,0.0970337550906057,0.1354231089353561,0.4937403500080108
47,29.0,1.8872838131751697,0.2355725109356056,-0.196416363120079,0.9505991339683532
47,30.0,1.8298154526026087,0.064756139918831,0.1316186636686325,0.6495525240898132
47,31.0,1.7085636727281752,0.8936838509502865,-0.2787936329841614,0.9324684143066406
47,32.0,1.6406992030832543,0.5928037928258691,0.0733284503221511,0.6860126852989197
48,0.0,-1.3967825034038701,0.42815741357858356,0.0916197076439857,0.9998928904533386
48,1.0,-1.4399148160101578,0.3369171004678661,0.0604696050286293,0.999882698059082
48,2.0,-1.437334782477063,0.32438253763743174,0.0604008212685585,0.9998628497123718
48,3.0,-1.434439264646966,0.310561077993621,0.0603423491120338,0.9998968839645386
48,4.0,-1.441519948046988,0.32970054813942423,0.1058677658438682,0.9998939037322998
48,5.0,-1.440538269878244,0.31243761240845475,0.1058706492185592,0.9998866319656372
48,6.0,-1.4397042023971658,0.29340200651015447,0.1057673543691635,0.9999387860298156
48,7.0,-1.3758615735452435,0.20242014629438626,-0.0175548382103443,0.9997862577438354
48,8.0,-1.3847248572861308,0.16256391870930464,0.1807816475629806,0.999894917011261
48,9.0,-1.324103093639074,0.4118577046803999,0.0702718496322631,0.999667465686798
48,10.0,-1.3260720189252326,0.4052039516465671,0.1278253942728042,0.9996677041053772
48,11.0,-1.05399747552669,0.20701808502363858,-0.1237032637000083,0.9998143315315248
48,12.0,-0.9459068656527956,-0.18745725346031689,0.3039960563182831,0.9992276430130004
48,13.0,-0.5245463874750809,0.2754316130106636,-0.2321724593639373,0.9643080234527588
48,14.0,-0.4829252728316542,-0.25814666986807855,0.4242256581783294,0.1579979211091995
48,15.0,-0.7696745998402498,1.0504167086269884,-0.2635365128517151,0.9553963541984558
48,16.0,-0.6210672716497374,0.49489005840769895,0.5026252865791321,0.2533179819583893
48,17.0,-0.8626610131945185,1.1372531239669672,-0.2961813509464264,0.9461150765419006
48,18.0,-0.7282449765161861,0.5255984491035344,0.531659722328186,0.2668801844120025
48,19.0,-0.9017393324556019,1.0856583577325711,-0.2612089216709137,0.939928412437439
48,20.0,-0.7394945212147234,0.5517971990996484,0.5012760758399963,0.2628194987773895
48,21.0,-0.8661447596149631,1.0388781153636948,-0.2490118443965912,0.9172635078430176
48,22.0,-0.7201451755093664,0.5876641807547973,0.4915797114372253,0.2605515420436859
48,23.0,-0.01055335901889215,0.174510722619761,-0.144289031624794,0.9987183213233948
48,24.0,0.01055335901889215,-0.174510722619761,0.144533559679985,0.9968242049217224
48,25.0,0.9139329145975282,0.2662966585087046,-0.1695436835289001,0.8782528042793274
48,26.0,0.8933911429189009,-0.07857934185502759,0.1271175891160965,0.2315468490123748
48,27.0,1.7751698872306747,0.2740714476195913,-0.1911332160234451,0.92316335439682
48,28.0,1.6901340538971499,0.07285338908894082,0.1342899799346923,0.4866162836551666
48,29.0,1.9250497537404003,0.20852022505793846,-0.1946727484464645,0.9485946893692015
48,30.0,1.8626286829064653,0.03352319231808607,0.1305178254842758,0.6409266591072083
48,31.0,1.7479837559256115,0.8809725215740517,-0.2733766734600067,0.931592345237732
48,32.0,1.6786013650613625,0.5795987327807434,0.0717076808214187,0.6775071024894714
49,0.0,-1.3828564935455752,0.4575440775396704,0.1195060312747955,0.9998908638954164
49,1.0,-1.4276579667519753,0.3651760154747969,0.0876823812723159,0.9998795390129088
49,2.0,-1.4251611467832401,0.35347579157340353,0.0876126438379287,0.9998601675033568
49,3.0,-1.4224485589004956,0.3409246178088928,0.0875599831342697,0.9998955726623536
49,4.0,-1.4293175748895715,0.3574991493307699,0.1337593644857406,0.999891996383667
49,5.0,-1.4284947071800564,0.34061295304421196,0.1337622255086898,0.9998844861984252
49,6.0,-1.4279455899606948,0.322150115558279,0.133646160364151,0.999937891960144
49,7.0,-1.3660992596670474,0.23660419854985046,0.0064161615446209,0.999782919883728
49,8.0,-1.3733289663388444,0.18722782600813748,0.2075420767068863,0.999893069267273
49,9.0,-1.3112816836558698,0.4390801625610332,0.0973233431577682,0.9996535778045654
49,10.0,-1.3132934972211412,0.4304677633766117,0.1556400507688522,0.9996516108512878
49,11.0,-1.0611797340008964,0.22926620386128463,-0.1108845695853233,0.9998193383216858
49,12.0,-0.938306775988299,-0.18394847696299962,0.33238086104393,0.9992110729217528
49,13.0,-0.5378792398307387,0.26846700467800316,-0.2442771941423416,0.963098406791687
49,14.0,-0.46915675515885,-0.30838353002346586,0.4623516201972961,0.1467391699552536
49,15.0,-0.756321625418883,1.045554204178216,-0.3280370533466339,0.9540432095527648
49,16.0,-0.5947365095309076,0.34485746617910906,0.5627424716949463,0.2378146946430206
49,17.0,-0.8387177618798503,1.1346717401277882,-0.3649989068508148,0.9450699687004088
49,18.0,-0.69539251078966,0.40920371423301577,0.5969787240028381,0.2537007927894592
49,19.0,-0.8838104274895517,1.0855736300769263,-0.3253110647201538,0.938460648059845
49,20.0,-0.711117708687476,0.44857368140428877,0.568443238735199,0.2499061226844787
49,21.0,-0.849675323934895,1.0391194177489198,-0.312336266040802,0.9143599271774292
49,22.0,-0.6887515191941035,0.47317041548187894,0.5531895160675049,0.2474943548440933
49,23.0,-0.013788674135248601,0.17952025132204175,-0.1462180465459823,0.9987501502037048
49,24.0,0.013788674135248601,-0.17952025132204175,0.1464148610830307,0.996798813343048
49,25.0,0.926181481215111,0.27486488698218164,-0.1708953231573104,0.879988431930542
49,26.0,0.9022253165501493,-0.07119209794984337,0.1213222593069076,0.2309162020683288
49,27.0,1.7943685338673903,0.26940442333063,-0.1971192359924316,0.9224973320961
49,28.0,1.7100113606848364,0.06796527667403375,0.1033752635121345,0.4798189699649811
49,29.0,1.942238783870353,0.20226773854610214,-0.2008650004863739,0.9467028975486756
49,30.0,1.882737481760741,0.030194039302571224,0.0975464507937431,0.6339230537414551
49,31.0,1.7699679034619586,0.8779313579224305,-0.2799683809280395,0.9308064579963684
49,32.0,1.6994856038309871,0.575280627831495,0.0311113242059946,0.66935795545578
50,0.0,-1.3639804360149872,0.4552422309015558,0.1451519131660461,0.9998707175254822
50,1.0,-1.40593230001798,0.3601629152717698,0.1141937151551246,0.9998528957366944
50,2.0,-1.4034106804565036,0.3501950542242413,0.114129900932312,0.9998313784599304
50,3.0,-1.4010815126136151,0.3400137893231957,0.1140922382473945,0.9998751878738404
50,4.0,-1.4083201070627753,0.35061329364606525,0.1607634127140045,0.9998705983161926
50,5.0,-1.407522988779312,0.33396913186629734,0.1607475727796554,0.9998629093170166
50,6.0,-1.4072007409277338,0.3162094864557237,0.1606136411428451,0.9999274611473083
50,7.0,-1.345344147923843,0.24765945614917295,0.0344497449696064,0.999741792678833
50,8.0,-1.3493714427918315,0.19023186332222805,0.2374482601881027,0.9998759031295776
50,9.0,-1.2949268850728801,0.4474266159952697,0.1229624599218368,0.9995845556259156
50,10.0,-1.2970198226149325,0.43779238255311426,0.1818148791790008,0.999585747718811
50,11.0,-1.0668468308455292,0.25424873523474606,-0.0945661440491676,0.9998151659965516
50,12.0,-0.9314299027584109,-0.17124213346616204,0.3601225912570953,0.9991533756256104
50,13.0,-0.5469377432705866,0.2427733915080442,-0.2682695686817169,0.9619616866111756
50,14.0,-0.464675645159097,-0.34032438966206624,0.4789456725120544,0.136727288365364
50,15.0,-0.7312981891525102,0.9971319153887576,-0.407577246427536,0.9521968960762024
50,16.0,-0.5848744954361237,0.27827527799985813,0.5697484612464905,0.2244345545768737
50,17.0,-0.8091354373502024,1.105556870751289,-0.451346755027771,0.9431245923042296
50,18.0,-0.6725995447664117,0.3675209301960474,0.6036241054534912,0.242560863494873
50,19.0,-0.8586286641930262,1.0606622693566827,-0.405323714017868,0.9360137581825256
50,20.0,-0.6885198203253721,0.4085464153004132,0.5758649706840515,0.2388645857572555
50,21.0,-0.8253989798353978,1.0104015115902625,-0.390385627746582,0.910314917564392
50,22.0,-0.6661586041185403,0.43383517358055607,0.5606070160865784,0.2358691841363906
50,23.0,-0.010428406377577915,0.17520228778676125,-0.1474731117486953,0.9986968636512756
50,24.0,0.010428406377577915,-0.17520228778676125,0.1476414203643798,0.9965940713882446
50,25.0,0.9323327858124377,0.2560004140424107,-0.1660786569118499,0.8820768594741821
50,26.0,0.9093839726714238,-0.0825376220327808,0.1178166046738624,0.2333266735076904
50,27.0,1.8013708455002313,0.2446570754597288,-0.186361625790596,0.9209981560707092
50,28.0,1.7188028328308456,0.04619631134927796,0.1023065075278282,0.4769381582736969
50,29.0,1.9478304189109361,0.1771679059657686,-0.1893918812274933,0.9455699920654296
50,30.0,1.8922310839407217,0.007865016425701206,0.0963955074548721,0.6323031187057495
50,31.0,1.7763343161159648,0.8466358763673001,-0.2657504081726074,0.9288469552993774
50,32.0,1.7065161795983008,0.549496849079858,0.0256423912942409,0.663382351398468
51,0.0,-1.3570857178559206,0.4478437821847054,0.1290647387504577,0.9998569488525392
51,1.0,-1.4003121559377412,0.3598276391188644,0.0965047627687454,0.9998345971107484
51,2.0,-1.398266109602018,0.3516281211505657,0.0964421704411506,0.9998098015785216
51,3.0,-1.3965541426689587,0.3438113901061505,0.0963958650827407,0.9998610615730286
51,4.0,-1.4030245105895205,0.3506233054753713,0.1423172205686569,0.9998573064804076
51,5.0,-1.4026770812285305,0.3350910915853306,0.1422965228557586,0.99984872341156
51,6.0,-1.402719510304002,0.3175365572756012,0.1421629935503006,0.9999210238456726
51,7.0,-1.343801385810157,0.2628310716115534,0.0157157443463802,0.999705135822296
51,8.0,-1.3462103263100806,0.19438755358536391,0.2154569774866104,0.9998637437820436
51,9.0,-1.2902424104284869,0.4372153648678968,0.1072515249252319,0.9995216727256776
51,10.0,-1.2918747402339086,0.4244676086223766,0.1652165353298187,0.9995309710502625
51,11.0,-1.0644632889951506,0.27714354871513086,-0.1010638400912284,0.9998019933700562
51,12.0,-0.9333415844503525,-0.18346490847416144,0.3408838808536529,0.9991229772567748
51,13.0,-0.5458004892690502,0.233664188403044,-0.2566164135932922,0.9579169750213624
51,14.0,-0.46500336921247204,-0.36514938191216556,0.4590220153331756,0.1279250681400299
51,15.0,-0.7237670654021524,0.9538360175035273,-0.3562008142471313,0.945523202419281
51,16.0,-0.5839791230588641,0.21128912953736376,0.5552728772163391,0.2104159295558929
51,17.0,-0.7993616670457272,1.0753888420180677,-0.3927809000015259,0.9365000128746032
51,18.0,-0.6709678480448203,0.30362748683351987,0.5900897979736328,0.229652851819992
51,19.0,-0.8487049635080803,1.0347121798876198,-0.3516609072685241,0.9283884763717652
51,20.0,-0.6866453253427848,0.3630950744636164,0.5628944635391235,0.2261922657489776
51,21.0,-0.8160818950489811,0.9808187946587729,-0.3404260575771332,0.9000654220581055
51,22.0,-0.6644032373491444,0.37723069766382494,0.5463962554931641,0.2230196297168731
51,23.0,-0.01065842167859085,0.17974436761315501,-0.1472067385911941,0.9986238479614258
51,24.0,0.01065842167859085,-0.17974436761315501,0.1473655253648758,0.9964001178741456
51,25.0,0.9133437434113454,0.2519253452594176,-0.1621395945549011,0.8811122179031372
51,26.0,0.8946945125188799,-0.07071010302990337,0.1160440742969513,0.2330971658229828
51,27.0,1.7700526017360159,0.23637171856493316,-0.1766276359558105,0.9181383848190308
51,28.0,1.692590856416066,0.04911198530323817,0.1029857769608497,0.473002940416336
51,29.0,1.9156522699965122,0.16958703199410927,-0.1792969554662704,0.9435744881629944
51,30.0,1.8639889886971421,0.0038064564343918954,0.0975478664040565,0.6273400783538818
51,31.0,1.7475506521773354,0.8294786443180742,-0.2554189562797546,0.9266290664672852
51,32.0,1.679165292385438,0.538470172547802,0.0278895292431116,0.6574788093566895
52,0.0,-1.3701531578075485,0.425902745108323,0.1439942270517349,0.999847948551178
52,1.0,-1.4112248693610387,0.33983716630689303,0.1128589585423469,0.9998229146003724
52,2.0,-1.4089626574243512,0.3329390116087547,0.1128052622079849,0.9997957944869996
52,3.0,-1.4068304957043218,0.3266830998126267,0.1127583086490631,0.9998520016670228
52,4.0,-1.413880739663468,0.32702063472609055,0.1573803722858429,0.9998484253883362
52,5.0,-1.413207258236133,0.3094939688861916,0.1573691219091415,0.999838650226593
52,6.0,-1.4125956582096002,0.2905017396886961,0.1572267264127731,0.9999165534973145
52,7.0,-1.351716471367625,0.2500849120506419,0.0307018216699361,0.9996837973594666
52,8.0,-1.3533686716773718,0.1711904279440414,0.2246361672878265,0.9998579025268556
52,9.0,-1.3046571551825523,0.42431222764942844,0.121130920946598,0.9994810819625854
52,10.0,-1.3051824521645443,0.4069878180243423,0.1773144751787185,0.9994975924491882
52,11.0,-1.0658083171179054,0.28158075810916405,-0.0932862758636474,0.9997907280921936
52,12.0,-0.9334005183642224,-0.2253310280636356,0.3433531820774078,0.9990782141685486
52,13.0,-0.5534971636293794,0.22377889692823305,-0.267826646566391,0.954910397529602
52,14.0,-0.463750601138336,-0.443567601712793,0.4610533416271209,0.12017872184515
52,15.0,-0.7292023526826065,0.9328891860619825,-0.4075384736061096,0.941678524017334
52,16.0,-0.5827635584928149,0.1286626172471948,0.5601357221603394,0.1990624219179153
52,17.0,-0.8049897948191147,1.06398509911867,-0.4473637044429779,0.932764768600464
52,18.0,-0.6697404815605972,0.2411946395299035,0.5951467752456665,0.2196393460035324
52,19.0,-0.8542780989160595,1.0236765473861897,-0.4005786478519439,0.9238852858543396
52,20.0,-0.6868840783653729,0.31428802359043945,0.568292498588562,0.2163684517145156
52,21.0,-0.8215654064028419,0.9671178736198678,-0.3904965817928314,0.8937370777130127
52,22.0,-0.662865888123085,0.3153636348480108,0.551401674747467,0.2128669470548629
52,23.0,-0.009418944851865644,0.18983109136500365,-0.1472960859537124,0.9985766410827636
52,24.0,0.009418944851865644,-0.18983109136500365,0.1474475711584091,0.996240258216858
52,25.0,0.9092923188116775,0.24481142540264272,-0.1604859232902526,0.8801302313804626
52,26.0,0.8885239941361986,-0.06806437858319071,0.1120414957404136,0.2320172488689422
52,27.0,1.768444421878154,0.22700626016747794,-0.1768600940704345,0.9137853384017944
52,28.0,1.691334504714032,0.045609438273454754,0.0999554544687271,0.4653782248497009
52,29.0,1.913127505051403,0.15989637737290976,-0.1793829649686813,0.940528154373169
52,30.0,1.8633256184194618,-0.004369554913079862,0.0944194719195365,0.6203088164329529
52,31.0,1.7435303742655432,0.8187380551277103,-0.2561210989952087,0.922490894794464
52,32.0,1.6770185239176538,0.5309388449794806,0.0209707431495189,0.6472646594047546
53,0.0,-1.3692671303864925,0.4245897789057079,0.1325921714305877,0.9998393058776855
53,1.0,-1.4104147764673765,0.33886576305475624,0.1012784764170646,0.9998122453689576
53,2.0,-1.4081838748386888,0.33268439832958047,0.1012135371565818,0.9997846484184264
53,3.0,-1.4060378126317263,0.3272530957067951,0.1011598855257034,0.9998444318771362
53,4.0,-1.413055329423309,0.3251995736293484,0.1460602283477783,0.9998390078544616
53,5.0,-1.412279927385027,0.3075369143147558,0.1460604220628738,0.999829113483429
53,6.0,-1.4114294928092999,0.28862713524620615,0.1459279954433441,0.9999116659164428
53,7.0,-1.3510194805518887,0.2549090925507148,0.0206086635589599,0.999666154384613
53,8.0,-1.35205775974329,0.17474327645605225,0.2155689299106598,0.999850869178772
53,9.0,-1.3046330495429799,0.4275097293366004,0.1102904826402664,0.9994495511054992
53,10.0,-1.3049448294814687,0.408948259205033,0.1668248176574707,0.9994620084762572
53,11.0,-1.0635057886705594,0.2879763267108923,-0.0998302027583122,0.9997892379760742
53,12.0,-0.9350735157778794,-0.21260548466706777,0.339243084192276,0.9990136623382568
53,13.0,-0.5536982660876089,0.22242000383695698,-0.2608473598957062,0.952978789806366
53,14.0,-0.46521199977043043,-0.44374308463087786,0.4563857316970825,0.1127093136310577
53,15.0,-0.7289443921805746,0.9259103316874259,-0.3726771175861358,0.939773976802826
53,16.0,-0.5887679475453583,0.1513099568317732,0.5534815192222595,0.1885293871164322
53,17.0,-0.8038371321612396,1.0589424940335868,-0.4099752604961395,0.9309009909629822
53,18.0,-0.6729164117459918,0.24896519922475144,0.588524580001831,0.2102474421262741
53,19.0,-0.8519308824871026,1.019540670808609,-0.3672505021095276,0.9215601682662964
53,20.0,-0.6878744771757626,0.319445236187457,0.5618978142738342,0.207136258482933
53,21.0,-0.8203816750318687,0.9628379240811429,-0.3563212454319,0.8901699781417847
53,22.0,-0.6642102679538013,0.32441028398983746,0.5447384119033813,0.2034914195537567
53,23.0,-0.009622330565205098,0.1856482685034779,-0.1487831026315689,0.9985442757606506
53,24.0,0.009622330565205098,-0.1856482685034779,0.1489450484514236,0.9960446357727052
53,25.0,0.9014006242408856,0.2412884491918965,-0.1594235301017761,0.8807610273361206
53,26.0,0.8773999533246966,-0.06214760786140435,0.1128370612859726,0.2285460233688354
53,27.0,1.7550805546666444,0.2241349580436862,-0.1784684956073761,0.9111726880073548
53,28.0,1.6635542858586607,0.042215280107110724,0.1033317595720291,0.4545896649360657
53,29.0,1.8976958200408898,0.15478593785594358,-0.1811609268188476,0.9381150007247924
53,30.0,1.8403488465796394,-0.014735995446139221,0.0982806906104087,0.6105063557624817
53,31.0,1.7313073508113417,0.8161098225666563,-0.2573161125183105,0.9194359183311462
53,32.0,1.6612390713523697,0.5291790808468645,0.0270856339484453,0.6357697248458862
54,0.0,-1.366984867159263,0.42723180485812445,0.1289748847484588,0.999822437763214
54,1.0,-1.4087922584384645,0.3445817435994859,0.0972110256552696,0.9997918009757996
54,2.0,-1.4064296368017377,0.3384632620645054,0.097145065665245,0.9997626543045044
54,3.0,-1.404173848921799,0.3326150495786554,0.0970884561538696,0.9998289346694946
54,4.0,-1.4114717042156308,0.3302606358212154,0.1419758349657058,0.9998228549957277
54,5.0,-1.4106399505603013,0.31242760631707134,0.1419788151979446,0.9998127222061156
54,6.0,-1.4097579646837417,0.29309220658841184,0.1418402791023254,0.9999035000801086
54,7.0,-1.3491261634087122,0.2578700296919124,0.0160868801176548,0.9996330738067628
54,8.0,-1.350516381170664,0.17900636164247233,0.2112274765968322,0.9998399019241332
54,9.0,-1.3016707662352065,0.42712490543830317,0.1067014560103416,0.9993948936462402
54,10.0,-1.301867492685934,0.40883381060696417,0.163284957408905,0.9994090795516968
54,11.0,-1.0626980325071824,0.2846781453747136,-0.1032148525118827,0.99978369474411
54,12.0,-0.9357378990804798,-0.20559700135571077,0.3357186615467071,0.9989690780639648
54,13.0,-0.5547512560108943,0.21569545072497157,-0.2720690965652466,0.949769139289856
54,14.0,-0.46653231281426794,-0.464734852913661,0.4582433700561523,0.1060303151607513
54,15.0,-0.7282902507663888,0.9154264840101595,-0.403584748506546,0.935024082660675
54,16.0,-0.5899814437975771,0.14997962335713927,0.5632213950157166,0.178959384560585
54,17.0,-0.8039667664575451,1.0475218606964098,-0.4423479437828064,0.926585018634796
54,18.0,-0.6747945767317396,0.2446244824152837,0.5995416045188904,0.2018453627824783
54,19.0,-0.8505043914008037,1.010013296945993,-0.3977473676204681,0.9164300560951232
54,20.0,-0.6894843167845042,0.31534278238733315,0.5728656053543091,0.1989098638296127
54,21.0,-0.8185375250921796,0.9536612809198044,-0.387153297662735,0.8830069899559021
54,22.0,-0.6660988211009445,0.3216080864669822,0.5547120571136475,0.1950403153896331
54,23.0,-0.009700006077199591,0.18057912263974485,-0.1500739008188247,0.9985232353210448
54,24.0,0.009700006077199591,-0.18057912263974485,0.150234043598175,0.9958641529083252
54,25.0,0.8978340438636476,0.23332518747495912,-0.1620408445596695,0.8814663290977478
54,26.0,0.8729023150486679,-0.06322562245548416,0.1161988154053688,0.2257367521524429
54,27.0,1.7489564557431725,0.2160471419366195,-0.1891696006059646,0.909978687763214
54,28.0,1.6500962925358587,0.03373582845235025,0.104651503264904,0.4460747241973877
54,29.0,1.8905330492763734,0.1453112442713808,-0.1927115470170974,0.9364773631095886
54,30.0,1.8270741917230984,-0.027773624938975828,0.0992610901594162,0.6035691499710083
54,31.0,1.7266005564372533,0.8099319904704965,-0.2716484665870666,0.9178715348243712
54,32.0,1.6536470867780304,0.526127426103954,0.0305369142442941,0.6273317337036133
55,0.0,-1.3685357056397636,0.4245360318471475,0.1263316720724105,0.9998118877410888
55,1.0,-1.411508828701484,0.34285299524765483,0.0953037664294242,0.9997780919075012
55,2.0,-1.4092124650784297,0.3355225742555985,0.0952363237738609,0.999747633934021
55,3.0,-1.406987727163845,0.3281605827033352,0.0951821506023407,0.9998183250427246
55,4.0,-1.414344522728074,0.33212374036131664,0.1395920068025589,0.9998117685317992
55,5.0,-1.4137676365122922,0.3163347770258083,0.1395951062440872,0.9998012781143188
55,6.0,-1.413150300516245,0.29885205313519614,0.1394567340612411,0.9998979568481444
55,7.0,-1.352634469499519,0.24471222561226955,0.0163209438323974,0.999611496925354
55,8.0,-1.3542454231060799,0.17474660243359316,0.209253653883934,0.9998326897621156
55,9.0,-1.3046748422251082,0.42108300182451036,0.1047349497675895,0.999357521533966
55,10.0,-1.3049199744707152,0.4083303371169072,0.1607154309749603,0.9993737936019896
55,11.0,-1.0628742115279262,0.2710362848888432,-0.1019204705953598,0.999778926372528
55,12.0,-0.9364574011871708,-0.21933423078989803,0.3325530886650085,0.9989235401153564
55,13.0,-0.5580850263706599,0.21031952041079993,-0.2722085118293762,0.9482324719429016
55,14.0,-0.4687595464090656,-0.47337516231132415,0.4504545331001282,0.1004008650779724
55,15.0,-0.7319779082386563,0.9090399481754283,-0.4126897156238556,0.9331260919570924
55,16.0,-0.5905919167757666,0.15355407463066048,0.5442726016044617,0.1712789088487625
55,17.0,-0.808348803451324,1.0407904731191504,-0.4530288577079773,0.9248573780059814
55,18.0,-0.6771168249590014,0.2464772830158408,0.5776622295379639,0.1952729076147079
55,19.0,-0.8562280573412081,1.0024446076037654,-0.4075007438659668,0.9142552614212036
55,20.0,-0.6920287844407605,0.3133384677741653,0.5509270429611206,0.1924143731594085
55,21.0,-0.8228741551145484,0.9456265442232811,-0.3960713446140289,0.8797038793563843
55,22.0,-0.6690669898262287,0.3198093802645869,0.5354092717170715,0.1882218718528747
55,23.0,-0.009733598343810932,0.1826324021972904,-0.1494348496198654,0.9985114932060242
55,24.0,0.009733598343810932,-0.1826324021972904,0.1495957672595977,0.9957363605499268
55,25.0,0.8980839114316039,0.23293930062308932,-0.1616366952657699,0.8822259902954102
55,26.0,0.874348375004,-0.06256614158616731,0.1145502999424934,0.223990336060524
55,27.0,1.7506632012768915,0.2107223081414405,-0.1861153542995453,0.908719003200531
55,28.0,1.6529520543483227,0.028711188260223064,0.1038707345724105,0.439951628446579
55,29.0,1.8921703447645755,0.13969591413980997,-0.1894810050725937,0.9346376061439514
55,30.0,1.8292162799198655,-0.03447360476199996,0.0985225662589073,0.5984930396080017
55,31.0,1.7295751194106435,0.8068252608333355,-0.2686024010181427,0.9163600206375122
55,32.0,1.655410874812442,0.5358067343846092,0.0287778507918119,0.6207767724990845
56,0.0,-1.3690468903953823,0.4296924352137879,0.1233679205179214,0.9998060464859008
56,1.0,-1.413967381079485,0.3444876813358596,0.0922088250517845,0.9997712969779968
56,2.0,-1.4115845347034608,0.3354818035032706,0.0921415537595748,0.9997389316558838
56,3.0,-1.4093412392231446,0.3260993953370574,0.0920946225523948,0.9998129606246948
56,4.0,-1.4168179240096168,0.3375811974222598,0.136678010225296,0.9998059272766112
56,5.0,-1.4161947241191961,0.3233289442058317,0.1366802006959915,0.9997949600219728
56,6.0,-1.4154637463759259,0.3069617401448656,0.1365462392568588,0.9998950958251952
56,7.0,-1.3547126337239421,0.2344084582120538,0.0128928571939468,0.9995983839035034
56,8.0,-1.3558929824903772,0.1734569512648639,0.2062318623065948,0.9998266100883484
56,9.0,-1.3059514940853665,0.42083210692192763,0.1015218868851661,0.9993342161178588
56,10.0,-1.305613724227262,0.41340380681067895,0.1576836109161377,0.9993462562561036
56,11.0,-1.0629973398087613,0.2645722821445581,-0.1027452871203422,0.9997745156288148
56,12.0,-0.9363527595807688,-0.2135901277071722,0.3299179673194885,0.9988762736320496
56,13.0,-0.559125528427245,0.21104248339101134,-0.2599787712097168,0.9471883177757264
56,14.0,-0.4699405746991355,-0.46624514568951075,0.4482177793979645,0.0951543375849723
56,15.0,-0.7319633667906033,0.9118076225384604,-0.379078596830368,0.930937111377716
56,16.0,-0.5919258557252316,0.15745757620628287,0.5394489765167236,0.1626231074333191
56,17.0,-0.8089908468789496,1.0425311495423635,-0.4152499735355377,0.9220812320709229
56,18.0,-0.6794476686414815,0.2560766187346322,0.5735074877738953,0.1868588477373123
56,19.0,-0.8551805453788092,1.0037933502187804,-0.3659390211105346,0.9110021591186525
56,20.0,-0.6932131746619219,0.32202479922676613,0.5467346906661987,0.18414868414402
56,21.0,-0.8217248496324866,0.9471134058799331,-0.3605255484580993,0.8753255009651184
56,22.0,-0.6702980870050933,0.3265025570178077,0.5301914215087891,0.1800233870744705
56,23.0,-0.011523594842821052,0.1781590979311956,-0.1490007489919662,0.998479425907135
56,24.0,0.011523594842821052,-0.1781590979311956,0.1491639614105224,0.9955928921699524
56,25.0,0.9004141521491713,0.2376493085836056,-0.1610978096723556,0.8821861147880554
56,26.0,0.8766284040150126,-0.05614718555797347,0.1143086478114128,0.2209634035825729
56,27.0,1.7536455993303957,0.21292803550287911,-0.1857203692197799,0.9071643352508544
56,28.0,1.6555151497349632,0.03522707584526345,0.1050329729914665,0.4348732531070709
56,29.0,1.8946272048352217,0.14128074672576268,-0.1880326867103576,0.9330207705497742
56,30.0,1.8337152493936653,-0.03234798991189969,0.0999196320772171,0.5919881463050842
56,31.0,1.7361277101322192,0.8101615714456806,-0.268187403678894,0.9152225255966188
56,32.0,1.6631659929845728,0.5537433595407331,0.0304561145603656,0.6157262921333313
57,0.0,-1.367249450241172,0.41833525943752486,0.1047125980257988,0.9997969269752502
57,1.0,-1.4122991232028497,0.3331238423664001,0.0733515322208404,0.9997606873512268
57,2.0,-1.4099800848133976,0.3236753225048423,0.0732789039611816,0.9997262954711914
57,3.0,-1.4077772091890501,0.3137724303074038,0.0732080861926078,0.9998037219047546
57,4.0,-1.4150387986271427,0.326386797325922,0.1177183538675308,0.9997959733009338
57,5.0,-1.414430904315826,0.3117298632522553,0.1177255809307098,0.99978506565094
57,6.0,-1.4137484233623672,0.29478788964721614,0.1176139265298843,0.9998898506164552
57,7.0,-1.353274008782067,0.21972789906165957,-0.002731169341132,0.9995751976966858
57,8.0,-1.3549036478457759,0.16195725025903712,0.1906176656484604,0.9998158812522888
57,9.0,-1.3037248900441967,0.41051842120673154,0.0841525495052337,0.999301254749298
57,10.0,-1.3035523260726662,0.40313987833241716,0.140294149518013,0.9993107914924622
57,11.0,-1.0610209448502899,0.2502314636847271,-0.1112698689103126,0.9997673034667968
57,12.0,-0.9385270125463592,-0.20771127940844158,0.3164969980716705,0.9988244771957396
57,13.0,-0.5581823143279186,0.2095880690858238,-0.2512111663818359,0.9460536241531372
57,14.0,-0.4718456404771866,-0.45943012724487586,0.4199523031711578,0.0902709662914276
57,15.0,-0.7295426208592215,0.9085600500554574,-0.3244034945964813,0.9284995794296264
57,16.0,-0.5933351569040629,0.17232716553024638,0.487329363822937,0.1557848900556564
57,17.0,-0.807170711236438,1.0396090438574672,-0.3590365350246429,0.9191442131996156
57,18.0,-0.6836995094305084,0.2608965628400352,0.5159291625022888,0.1806135326623916
57,19.0,-0.8514882227427346,0.9999821887594299,-0.3180445432662964,0.90777587890625
57,20.0,-0.696352882890854,0.32578272459167684,0.4859789609909057,0.1780717372894287
57,21.0,-0.8176559327123737,0.9433938568354386,-0.3082543611526489,0.8712415099143982
57,22.0,-0.6733309119444962,0.3297708697114841,0.476226657629013,0.173929288983345
57,23.0,-0.011457615172705729,0.17273409759903982,-0.14871446788311,0.9984380602836608
57,24.0,0.011457615172705729,-0.17273409759903982,0.1488842368125915,0.9954364895820618
57,25.0,0.9005939067618581,0.23578853792703214,-0.157141774892807,0.8825439810752869
57,26.0,0.8761231627700613,-0.05812763681245451,0.1182479783892631,0.2189042121171951
57,27.0,1.752231039231839,0.21175635284875366,-0.1717037707567215,0.9068517684936525
57,28.0,1.6409643732482009,0.030410924323727592,0.1226104870438575,0.4316798150539398
57,29.0,1.893568772736932,0.13976996445637663,-0.17348712682724,0.9326608777046204
57,30.0,1.8264695225256664,-0.04114639320854858,0.1192792952060699,0.5876132249832153
57,31.0,1.7359787943988416,0.8083656788529597,-0.2503733336925506,0.914726972579956
57,32.0,1.6621783429044532,0.5527424970352391,0.0544177629053592,0.6125668287277222
58,0.0,-1.365056187695848,0.4118020795911536,0.102997750043869,0.999779999256134
58,1.0,-1.4107575582808602,0.3273458450739396,0.071020632982254,0.9997410178184508
58,2.0,-1.408525359353891,0.31768503404694143,0.0709465071558952,0.9997032284736632
58,3.0,-1.4063546665719426,0.3074457755061662,0.0708740279078483,0.9997872710227966
58,4.0,-1.413326789809778,0.3210353409357077,0.1162250414490699,0.9997789859771729
58,5.0,-1.4127290475417276,0.3063455135457624,0.1162312850356102,0.9997680187225342
58,6.0,-1.412110232504505,0.28922810314717884,0.1161125898361206,0.9998815655708312
58,7.0,-1.3513247103364125,0.21110160167006645,-0.0067206122912466,0.9995363354682922
58,8.0,-1.352910831331043,0.1572767444215721,0.1904265284538269,0.9998018145561218
58,9.0,-1.3012980880264011,0.40488467970076214,0.0820280835032463,0.999248743057251
58,10.0,-1.3010562121477462,0.39827757633643135,0.1392397880554199,0.9992603659629822
58,11.0,-1.0598013216595548,0.24182675276160243,-0.1155472546815872,0.9997542500495912
58,12.0,-0.939913596465807,-0.2080592206208291,0.3166563212871551,0.9987897276878356
58,13.0,-0.5568600422178366,0.20530632673809493,-0.2582341134548187,0.942581295967102
58,14.0,-0.4725311662493071,-0.45544299431794977,0.420754998922348,0.0859950482845306
58,15.0,-0.7261308800329992,0.9013549068441178,-0.3483377993106842,0.9232340455055236
58,16.0,-0.5945248513122022,0.17798706196401687,0.4904483258724212,0.1496083885431289
58,17.0,-0.8046683005089699,1.0334880182038348,-0.3862189352512359,0.9139642715454102
58,18.0,-0.6873737112666695,0.2595839851141771,0.5202653408050537,0.175016239285469
58,19.0,-0.8470908140631905,0.9906876435573956,-0.3422950506210327,0.90191912651062
58,20.0,-0.6990488156169158,0.32631459643257477,0.4902648627758026,0.1726029962301254
58,21.0,-0.8129009046053215,0.9329116420891115,-0.3318465650081634,0.8636741042137146
58,22.0,-0.6755904772696079,0.3293556604337388,0.479456216096878,0.1684024631977081
58,23.0,-0.011230468920712913,0.16848376988658093,-0.1496952325105667,0.9983993768692015
58,24.0,0.011230468920712913,-0.16848376988658093,0.1498803049325943,0.9952687621116638
58,25.0,0.9013094686855901,0.23237798647439958,-0.1582529693841934,0.8818370699882507
58,26.0,0.8761354118132427,-0.06097603317189001,0.1291772872209549,0.2154811024665832
58,27.0,1.75166471810317,0.20644820741761388,-0.1727667152881622,0.9058169722557068
58,28.0,1.6323051291868007,0.021216985936228998,0.1452786028385162,0.4262683093547821
58,29.0,1.8930645797063648,0.13490141470490838,-0.1747828423976898,0.931786060333252
58,30.0,1.819814053606087,-0.056239138071592594,0.1431326270103454,0.5827962756156921
58,31.0,1.736043210906199,0.8042228748505921,-0.2538987696170807,0.9133769273757936
58,32.0,1.6607230754635947,0.5501358532797925,0.0767784938216209,0.6078922748565674
59,0.0,-1.3632097409768174,0.408135762391183,0.0974142551422119,0.9997673034667968
59,1.0,-1.408541676384325,0.32608940830946087,0.0652767792344093,0.999726176261902
59,2.0,-1.4063172387435006,0.31621776030712784,0.0651974603533744,0.9996892213821412
59,3.0,-1.403914880043319,0.30537691589925325,0.0651296228170394,0.9997758269309998
59,4.0,-1.4112943926641435,0.31899816045086127,0.1118038967251777,0.9997645020484924
59,5.0,-1.410772447361941,0.3047276509398956,0.1118141412734985,0.9997553825378418
59,6.0,-1.410236594835649,0.28801547686536016,0.1117025837302208,0.9998747706413268
59,7.0,-1.346966494993403,0.21054819057624363,-0.0146982027217745,0.9995120763778688
59,8.0,-1.3510962223344498,0.15312820045779976,0.1887932270765304,0.9997893571853638
59,9.0,-1.2996761873824592,0.39909280212659803,0.075266920030117,0.9992049336433412
59,10.0,-1.299265173412311,0.39179079126630834,0.1344511806964874,0.9992135167121888
59,11.0,-1.0518019214406025,0.23603823885995456,-0.125942662358284,0.9997461438179016
59,12.0,-0.9477720983096085,-0.19476185893168513,0.3163792192935943,0.9987315535545348
59,13.0,-0.5433485853682684,0.19871281641566033,-0.263323962688446,0.9394402503967284
59,14.0,-0.47018666225494055,-0.4454543944537623,0.4311742186546325,0.0815997496247291
59,15.0,-0.7206151563957184,0.8963315616282098,-0.35765141248703,0.9208983778953552
59,16.0,-0.6045103369801625,0.19565296594750503,0.5180886387825012,0.1452086269855499
59,17.0,-0.7994918386434727,1.0284739568117758,-0.3966006934642792,0.9122438430786132
59,18.0,-0.6999687396229674,0.2617252082133983,0.5523180365562439,0.1718295514583587
59,19.0,-0.8415882877480826,0.9843296852830614,-0.3556067049503326,0.8999952673912048
59,20.0,-0.7093572258494311,0.3272369828192829,0.5211492776870728,0.1696035265922546
59,21.0,-0.8076961867662646,0.9270005818121865,-0.342401921749115,0.8607850670814514
59,22.0,-0.6822205099998511,0.3323921883835469,0.5072445273399353,0.1652890592813491
59,23.0,-0.010068569072065821,0.1661067092632376,-0.1501010209321975,0.9983844757080078
59,24.0,0.010068569072065821,-0.1661067092632376,0.1503054648637771,0.995169997215271
59,25.0,0.8930049275092158,0.2285484478283945,-0.1606282442808151,0.8822835087776184
59,26.0,0.8676193466365036,-0.05874032760920513,0.1279357969760894,0.2141171097755432
59,27.0,1.7354371813539045,0.2063261401607265,-0.1737054288387298,0.9068018198013306
59,28.0,1.619349076724109,0.023265806519282416,0.138411283493042,0.4248996675014496
59,29.0,1.8774838706057413,0.13580358618628374,-0.1758287400007248,0.9313706159591676
59,30.0,1.8034509504532108,-0.053389245649318316,0.1353649944067001,0.5813983678817749
59,31.0,1.7239060685278558,0.7976910816463804,-0.256747156381607,0.9139792323112488
59,32.0,1.646526273695451,0.5480171033815417,0.0686098709702491,0.6074491143226624
60,0.0,-1.3642738644208399,0.4148559045929803,0.0784764066338539,0.9997471570968628
60,1.0,-1.4089906575990458,0.3260622438106534,0.0459984466433525,0.9997034072875975
60,2.0,-1.4067625236295456,0.31455136372728554,0.0459175705909729,0.999662458896637
60,3.0,-1.4044729905193507,0.3011994171189243,0.0458431243896484,0.9997552037239076
60,4.0,-1.4118837436139153,0.3191041067680318,0.0916151031851768,0.9997461438179016
60,5.0,-1.4113030127763198,0.30372203355625493,0.0916081815958023,0.9997370839118958
60,6.0,-1.410736156718142,0.28565421799586127,0.091506615281105,0.9998652935028076
60,7.0,-1.3488844648068472,0.1934429526683362,-0.0326923243701458,0.9994738101959229
60,8.0,-1.35256251322551,0.15965332630668244,0.1668128818273544,0.9997711181640624
60,9.0,-1.3009538448017162,0.40370084128272,0.0569009520113468,0.9991390109062196
60,10.0,-1.300878570881603,0.3994064025466495,0.1149699240922927,0.9991573691368104
60,11.0,-1.049346844282588,0.1957715815354886,-0.13654825091362,0.999727725982666
60,12.0,-0.9503946405622061,-0.16361580770341058,0.2985304296016693,0.9986661672592164
60,13.0,-0.5379345343292607,0.24695214169528323,-0.2115186899900436,0.9383184313774108
60,14.0,-0.4803693712330599,-0.3847738267651066,0.4070014357566833,0.0782297551631927
60,15.0,-0.7255623983714999,0.939985962582123,-0.1965398043394088,0.9180639982223512
60,16.0,-0.6132447622758463,0.26353081737872075,0.465151846408844,0.1411532908678054
60,17.0,-0.8051317945868508,1.0729916728147684,-0.2230951339006424,0.9088420271873474
60,18.0,-0.7162761511450687,0.310442872969581,0.491753876209259,0.1685841828584671
60,19.0,-0.8469449335770781,1.02417267791439,-0.1904694586992263,0.8964833617210388
60,20.0,-0.7261207609899407,0.3756504461082901,0.4604145884513855,0.1665173470973968
60,21.0,-0.8132421866753303,0.9673776299112957,-0.1816513389348983,0.8570184111595154
60,22.0,-0.6964468869527896,0.3829312041900851,0.4531363546848297,0.1621963679790496
60,23.0,-0.011845560510259538,0.15438168815292286,-0.1480927616357803,0.998309314250946
60,24.0,0.011845560510259538,-0.15438168815292286,0.1483648866415023,0.9950263500213624
60,25.0,0.8768516964351116,0.2631130179461578,-0.154775008559227,0.8805444836616516
60,26.0,0.8544961850221028,-0.008253030007728198,0.1244480907917022,0.2105245441198349
60,27.0,1.7122534618907368,0.2546768927184486,-0.152278646826744,0.9046186208724976
60,28.0,1.6091036835485382,0.0829340950595914,0.1347150206565857,0.4201174080371856
60,29.0,1.855204406536743,0.18439815253794217,-0.1528182923793792,0.9302125573158264
60,30.0,1.7844606667394858,0.0010949405364870832,0.1312621086835861,0.5772961378097534
60,31.0,1.7057017132471388,0.8425321053680312,-0.2222536206245422,0.912528157234192
60,32.0,1.6394910065236046,0.6264309895562077,0.0644690841436386,0.6024685502052307
61,0.0,-1.3648477812525166,0.41050021262138575,0.071246288716793,0.9997457265853882
61,1.0,-1.4157262533238182,0.32449546811909635,0.0394508726894855,0.999701976776123
61,2.0,-1.4142856045135541,0.31227091719613914,0.0393717922270298,0.9996604323387146
61,3.0,-1.4128610917994504,0.29784382154900113,0.0393097065389156,0.9997527599334716
61,4.0,-1.4179862788403477,0.31645308226380225,0.0843019187450409,0.9997445940971376
61,5.0,-1.4179069592351228,0.3001129843729954,0.0842886194586753,0.9997348189353944
61,6.0,-1.4179195959369357,0.28190757968741326,0.0841936767101287,0.9998638033866882
61,7.0,-1.362147674494905,0.1687394993970066,-0.0371741987764835,0.9994708895683287
61,8.0,-1.3654919938305765,0.1413122833535974,0.1588183343410492,0.9997680187225342
61,9.0,-1.3011414367511933,0.39540175168819053,0.0504100210964679,0.9991354942321776
61,10.0,-1.29964466802416,0.39031285466275595,0.1075606718659401,0.9991545081138612
61,11.0,-1.049299746052911,0.16594724192155932,-0.1404779106378555,0.9997271299362184
61,12.0,-0.9503061569805835,-0.2056490372663848,0.2887399792671203,0.9986431002616882
61,13.0,-0.5456424157031609,0.30270279540504086,-0.2126932442188263,0.9393750429153442
61,14.0,-0.49585160723815114,-0.22186963732056145,0.3894176781177521,0.0755625143647193
61,15.0,-0.7390085788074521,0.9950017176674523,-0.2180949300527572,0.9192960858345032
61,16.0,-0.6235016070204839,0.3208340647733209,0.4381067156791687,0.137355089187622
61,17.0,-0.8205220450746565,1.1343082000235551,-0.2501401007175445,0.909908652305603
61,18.0,-0.7312305916362423,0.3687127782450481,0.4619723260402679,0.1653501242399215
61,19.0,-0.8628089855923964,1.0791100496474275,-0.2174902260303497,0.8978626728057861
61,20.0,-0.737921952058745,0.43034514836268684,0.4298321306705475,0.1633407324552536
61,21.0,-0.8290158528008651,1.0210455064785497,-0.2042528092861175,0.859089732170105
61,22.0,-0.708851057529278,0.43980025267705886,0.4253838658332824,0.1593204587697982
61,23.0,-0.014540631552656573,0.15300777769398982,-0.144636794924736,0.9982936978340148
61,24.0,0.014540631552656573,-0.15300777769398982,0.1449479758739471,0.9949744939804076
61,25.0,0.8665933861691503,0.29224375373433686,-0.1500743776559829,0.8789464831352234
61,26.0,0.8496158800781832,0.04654816597623231,0.117941990494728,0.2067806273698806
61,27.0,1.697651589197369,0.3102073113883007,-0.1430866569280624,0.9021874666213988
61,28.0,1.6076038777581538,0.1524463193119049,0.1325375288724899,0.4124264121055603
61,29.0,1.8418180822670955,0.2403039283179538,-0.1438548415899276,0.928605854511261
61,30.0,1.7752222748917648,0.0752120939037261,0.1289497911930084,0.5724508166313171
61,31.0,1.691902473104911,0.8977374774391138,-0.2141086459159851,0.9103331565856934
61,32.0,1.6323596302347274,0.7100195960271722,0.0622012577950954,0.5948734283447266
62,0.0,-1.3678146977560726,0.38420734441538634,0.0674234107136726,0.9997352957725524
62,1.0,-1.4197707126893917,0.30059933976177283,0.0354105494916439,0.9996913075447084
62,2.0,-1.4188818699061296,0.28833836395173346,0.0353396050632,0.999648094177246
62,3.0,-1.4180572166316656,0.2742551337461876,0.0352876633405685,0.9997422695159912
62,4.0,-1.4211368837329137,0.29342960551795816,0.0799224004149437,0.9997345209121704
62,5.0,-1.421097122620177,0.2775659610420736,0.0799043625593185,0.9997239112854004
62,6.0,-1.4212317386750641,0.25995880476649524,0.0798023045063018,0.9998576045036316
62,7.0,-1.370121491986209,0.14506452167297434,-0.0421381816267967,0.9994462728500366
62,8.0,-1.3722687220122884,0.11839443045887728,0.1518871337175369,0.999755859375
62,9.0,-1.303273575980941,0.3671997233495104,0.0461698845028877,0.999102771282196
62,10.0,-1.3009709397756666,0.3614632083001079,0.1027915254235267,0.999119758605957
62,11.0,-1.0495404389073082,0.14256554873127578,-0.1462169140577316,0.9997155070304872
62,12.0,-0.9490934730712595,-0.21647418076602326,0.2813849449157715,0.998589277267456
62,13.0,-0.5547305427467456,0.35749671245889064,-0.2093638479709625,0.9398228526115416
62,14.0,-0.5075966022390149,-0.12360677449919012,0.3847687542438507,0.0735054016113281
62,15.0,-0.7490117855681792,1.052414413716194,-0.1988620311021804,0.9189997911453248
62,16.0,-0.6369076670949317,0.38767045937182093,0.4339049160480499,0.1355229318141937
62,17.0,-0.8315969161058897,1.1914200434747304,-0.2277716249227523,0.909282386302948
62,18.0,-0.7443974174782461,0.4262782399629839,0.4573798179626465,0.1641332060098648
62,19.0,-0.8740129277169828,1.1293784143944054,-0.1990776062011718,0.8975532054901123
62,20.0,-0.7515740384507373,0.48673644120077914,0.4263533055782318,0.1622183918952942
62,21.0,-0.8398048571822838,1.0731694546884023,-0.1859153658151626,0.8593685030937195
62,22.0,-0.7220863656399371,0.49712448668731374,0.4215444028377533,0.1584136486053466
62,23.0,-0.01547876729965165,0.14565989885781538,-0.1437281519174575,0.9982526302337646
62,24.0,0.01547876729965165,-0.14565989885781538,0.1440327018499374,0.9948804974555968
62,25.0,0.8716846936711553,0.32218312706416813,-0.1476257145404815,0.8779001235961914
62,26.0,0.8564889319386324,0.09179424603776241,0.1175278574228286,0.2049737125635147
62,27.0,1.7015497924222736,0.3650593800521072,-0.144832506775856,0.9028067588806152
62,28.0,1.6053809144154922,0.20557157970289097,0.132293626666069,0.4092384576797485
62,29.0,1.8456321106600202,0.2990317643890268,-0.1462384909391403,0.9291980862617492
62,30.0,1.7763698115313278,0.13705902443201923,0.1291027963161468,0.5703831911087036
62,31.0,1.6879262838404654,0.9536491090600254,-0.2173839062452316,0.910790741443634
62,32.0,1.6279459955851767,0.7643651624306044,0.0645544007420539,0.5922245383262634
63,0.0,-1.3746435287206429,0.38689360352241564,0.057924311608076,0.9997169971466064
63,1.0,-1.4270085858410073,0.29723623727540827,0.0258049387484788,0.9996722936630248
63,2.0,-1.4260142284946267,0.2850446761734397,0.0257226880639791,0.9996263384819032
63,3.0,-1.4251636438594266,0.2708831618380755,0.0256748385727405,0.9997237920761108
63,4.0,-1.4280557097918538,0.29069526292822606,0.0712789222598075,0.9997186660766602
63,5.0,-1.427628886591285,0.27420550360074675,0.0712509527802467,0.999708652496338
63,6.0,-1.4274736485438253,0.2548027671309222,0.0711394548416137,0.9998489022254944
63,7.0,-1.3767426624190457,0.1415653733711583,-0.0522331930696964,0.9994089603424072
63,8.0,-1.3781425408923407,0.11512448388096116,0.1462471485137939,0.9997416734695436
63,9.0,-1.308586124036968,0.37281964266409123,0.036370825022459,0.9990618228912354
63,10.0,-1.3061666123623135,0.36669063869548024,0.0942961424589157,0.9990788102149964
63,11.0,-1.049858303261252,0.13275660762315034,-0.1610293835401535,0.9997025728225708
63,12.0,-0.9487636126363587,-0.2069889273616803,0.2803662717342376,0.9985591769218444
63,13.0,-0.5593550615435573,0.3839173064547113,-0.2198939770460128,0.9393037557601928
63,14.0,-0.5119692175660946,-0.032374461590415696,0.3797136843204498,0.0721428096294403
63,15.0,-0.7542296885352402,1.0864161794264757,-0.2372387498617172,0.91828590631485
63,16.0,-0.6451112168337151,0.5197481876555867,0.4148747026920318,0.135099709033966
63,17.0,-0.8380307434139999,1.227629254282879,-0.2702660858631134,0.908608615398407
63,18.0,-0.7507925631218665,0.5247614059435892,0.4379385411739349,0.1644898205995559
63,19.0,-0.8811267275923363,1.160417889560303,-0.2372887283563614,0.8970409035682678
63,20.0,-0.758531013670645,0.5674877633148395,0.4036419093608856,0.1626670658588409
63,21.0,-0.8464043475350542,1.1066720411457902,-0.2233334183692932,0.8588497042655945
63,22.0,-0.7285591914702457,0.5868389057714084,0.4008494019508362,0.1591118425130844
63,23.0,-0.01750874108927743,0.14073960858324416,-0.1444274932146072,0.9982027411460876
63,24.0,0.01750874108927743,-0.14073960858324416,0.1447267085313797,0.9947581887245178
63,25.0,0.8741775612160384,0.33251299239936377,-0.1478739082813263,0.8767131567001343
63,26.0,0.85882964515162,0.11092191698305044,0.1237219125032424,0.2013434767723083
63,27.0,1.7131749106511072,0.3912183804820278,-0.1425799429416656,0.9032781720161438
63,28.0,1.6107602731870918,0.2283905409814226,0.1485281735658645,0.4056245684623718
63,29.0,1.8588920386343943,0.3315462560903826,-0.1440311968326568,0.9300225377082824
63,30.0,1.7866299327050845,0.16769044496203325,0.1465380936861038,0.5696048736572266
63,31.0,1.6881768295012949,0.9812644535016681,-0.2166215926408767,0.9110265374183656
63,32.0,1.6275958166337134,0.7920624319219438,0.082479603588581,0.5894819498062134
64,0.0,-1.3768230774719528,0.38165840378082627,0.0527442097663879,0.99970680475235
64,1.0,-1.4305711433190242,0.2878835251292154,0.0223501995205879,0.9996601939201356
64,2.0,-1.4296235249485432,0.2736890174457568,0.0222649499773979,0.9996130466461182
64,3.0,-1.4288359415427985,0.2570260699230204,0.0222317893058061,0.9997119307518004
64,4.0,-1.4317123302750616,0.2827010801806778,0.0677760392427444,0.9997084140777588
64,5.0,-1.431404264598958,0.2655861464224378,0.067740760743618,0.9996994733810424
64,6.0,-1.4313732753579265,0.2458889933799549,0.067626342177391,0.9998435974121094
64,7.0,-1.380278932391246,0.11565380474370594,-0.0535669662058353,0.9993823766708374
64,8.0,-1.3826961584321882,0.09702659602314277,0.1445488780736923,0.9997336268424988
64,9.0,-1.3110623422315426,0.366556270157944,0.0309882424771785,0.9990481734275818
64,10.0,-1.309170563237475,0.3614920410088771,0.0889368057250976,0.9990580081939696
64,11.0,-1.0470231134808756,0.10508223291907945,-0.1668673157691955,0.9996997714042664
64,12.0,-0.9509847806643449,-0.19432602784837508,0.2771789133548736,0.9985390305519104
64,13.0,-0.5688943542432898,0.4219000535763466,-0.2480056881904602,0.941373348236084
64,14.0,-0.5216891936462804,0.09023610304736875,0.3696692585945129,0.0743842497467994
64,15.0,-0.7640347141054576,1.157630043050492,-0.2896502912044525,0.9218013286590576
64,16.0,-0.6586431107001258,0.6899980900160132,0.388438731431961,0.1418393701314926
64,17.0,-0.8484649339152482,1.289079488011105,-0.3331080377101898,0.9121192693710328
64,18.0,-0.7623302406082336,0.6811272077391797,0.409616619348526,0.1712531894445419
64,19.0,-0.8928004255522605,1.2211748192153944,-0.2996377944946289,0.9010286331176758
64,20.0,-0.7720637328743613,0.7159713798736594,0.3724285960197449,0.169371411204338
64,21.0,-0.8570217483892942,1.1754469646687227,-0.2766904532909393,0.8638107776641846
64,22.0,-0.7414073489120783,0.7406563001904966,0.3727936446666717,0.1661535650491714
64,23.0,-0.014306851837260187,0.12696990123917073,-0.1444208472967147,0.9981513023376464
64,24.0,0.014306851837260187,-0.12696990123917073,0.1447133123874664,0.9946001768112184
64,25.0,0.871257357592436,0.35876133432971413,-0.1481847912073135,0.8759700655937195
64,26.0,0.8551818355986366,0.15004781737689027,0.1237600520253181,0.197079062461853
64,27.0,1.7145979106107627,0.43550165552824377,-0.1429112702608108,0.9042938947677612
64,28.0,1.6066666247320358,0.27171927604530555,0.1494396328926086,0.400311142206192
64,29.0,1.8588650275859449,0.37917822065021034,-0.1450705677270889,0.9310698509216307
64,30.0,1.7843601071341382,0.22087160743723352,0.1471629589796066,0.5686821937561035
64,31.0,1.6807352166701228,1.0252372203523814,-0.2200822085142135,0.9115537405014038
64,32.0,1.620978304366846,0.8391806877833121,0.0785806253552436,0.5864812731742859
65,0.0,-1.3875774740963098,0.35110082066774345,0.044730719178915,0.99971342086792
65,1.0,-1.4421816324766776,0.2621407964596506,0.0142844347283244,0.9996684193611144
65,2.0,-1.441845641454449,0.24559833334657746,0.0141986515372991,0.9996219277381896
65,3.0,-1.4416213426266244,0.22665533717577935,0.0141637148335576,0.9997180104255676
65,4.0,-1.4426412034005496,0.2603051254470716,0.0604472197592258,0.9997146129608154
65,5.0,-1.4426032541812819,0.24414071755107813,0.0604201704263687,0.9997060298919678
65,6.0,-1.4428480625699502,0.2251661079170688,0.0603250041604042,0.999846875667572
65,7.0,-1.395584040874061,0.07629125541155868,-0.0618484504520893,0.9993945360183716
65,8.0,-1.3967728115981193,0.06278629744967305,0.1399278044700622,0.9997383952140808
65,9.0,-1.3239261826522017,0.3268227259946876,0.0224522817879915,0.9990822076797484
65,10.0,-1.319358559754762,0.32564858629492527,0.0816061571240425,0.9990835189819336
65,11.0,-1.043200000995062,0.039705072817696634,-0.1734781414270401,0.9997016191482544
65,12.0,-0.9481053973142458,-0.22599197698492562,0.2735216319561004,0.9985580444335938
65,13.0,-0.5863375148614786,0.48695249393997536,-0.2471959143877029,0.943670690059662
65,14.0,-0.5384602311695353,0.1689275857423386,0.3488722443580627,0.0817755982279777
65,15.0,-0.7807307902936219,1.2741125743385704,-0.2529401183128357,0.9253572821617126
65,16.0,-0.677675994956707,0.8025854909334902,0.3332724869251251,0.1554537266492843
65,17.0,-0.8665963528630892,1.3870983080506119,-0.2953271865844726,0.915391743183136
65,18.0,-0.7832515067652078,0.7927633708015667,0.3484824001789093,0.1832992434501648
65,19.0,-0.9110068676017291,1.3233420520705945,-0.2638287246227264,0.904686152935028
65,20.0,-0.7960684146827403,0.8378990356818823,0.3086641132831573,0.1812627166509628
65,21.0,-0.8750856128084668,1.2894861231177017,-0.239837184548378,0.8685795664787292
65,22.0,-0.7636846019154973,0.8575790697015966,0.3153836131095886,0.1785371899604797
65,23.0,-0.00782145819357688,0.11212158883955238,-0.1438431292772293,0.9980939626693726
65,24.0,0.00782145819357688,-0.11212158883955238,0.1441262811422348,0.9945150017738342
65,25.0,0.8679192848545768,0.382390311198125,-0.1446777880191803,0.8743492364883423
65,26.0,0.8552924496187484,0.20260820367196908,0.1235660463571548,0.1935005784034729
65,27.0,1.7129129303444692,0.5097664411102569,-0.127469927072525,0.9028947353363036
65,28.0,1.6089592414523621,0.35001002555281074,0.1552372872829437,0.3926359415054321
65,29.0,1.8514692529651517,0.45682329588993303,-0.129815474152565,0.9306084513664246
65,30.0,1.7811671812223735,0.30916438601074553,0.1537020802497863,0.5650449395179749
65,31.0,1.6662235029375652,1.1033332495837562,-0.215473473072052,0.9091430306434632
65,32.0,1.6092385372554427,0.9315483031768763,0.0781311094760894,0.5801459550857544
66,0.0,-1.4038018175719977,0.32436555349061774,0.0466878451406955,0.9997119903564452
66,1.0,-1.45909825651467,0.23691486784168034,0.0162855349481105,0.9996668100357056
66,2.0,-1.4590578160412122,0.22027256261192876,0.0161862317472696,0.9996213912963868
66,3.0,-1.4590805309824728,0.20147719607127018,0.0161498375236988,0.999716341495514
66,4.0,-1.4590108762059488,0.2342757330478499,0.0622906871140003,0.9997131824493408
66,5.0,-1.458856007574639,0.21770012833925587,0.0622492842376232,0.999705970287323
66,6.0,-1.4589353785688117,0.19878632898347112,0.062134388834238,0.999846339225769
66,7.0,-1.4131889311731278,0.050493476218378,-0.0610528066754341,0.9993930459022522
66,8.0,-1.4134265846048109,0.03761397322353152,0.139994665980339,0.9997383952140808
66,9.0,-1.3400857508355752,0.3013281388445326,0.0240062568336725,0.9990963935852052
66,10.0,-1.3340804718273456,0.29858265085751795,0.0829299017786979,0.9990838766098022
66,11.0,-1.0415547666219065,0.004165500066381605,-0.1703262627124786,0.9997026920318604
66,12.0,-0.9398782253325538,-0.27605389333537805,0.2725628018379211,0.99853253364563
66,13.0,-0.6024437026029356,0.47877358356356453,-0.2509485185146332,0.9454727172851562
66,14.0,-0.5454884164470665,0.17304649282859905,0.3490052223205566,0.0832849740982055
66,15.0,-0.7975706939394386,1.3323981875215758,-0.2845121622085571,0.9288613200187684
66,16.0,-0.6894228890954229,0.8318501663060488,0.3457697033882141,0.1599274575710296
66,17.0,-0.8909845112200477,1.4388719143247297,-0.3283904790878296,0.9189308285713196
66,18.0,-0.7998557119900374,0.7435360502887418,0.3643490076065063,0.1871175915002823
66,19.0,-0.9319224812814206,1.3779446646540265,-0.292682945728302,0.908551037311554
66,20.0,-0.812607722453301,0.7693733112205802,0.32671058177948,0.1846799254417419
66,21.0,-0.8928468738029182,1.346320739611059,-0.2702812254428863,0.87338787317276
66,22.0,-0.7798311126165506,0.8011813191979232,0.3292438387870788,0.1823650598526001
66,23.0,-0.006076312437257933,0.11474367232501446,-0.1411014646291732,0.9980441927909852
66,24.0,0.006076312437257933,-0.11474367232501446,0.1413417011499405,0.9943044185638428
66,25.0,0.8670106632729875,0.4214431726263037,-0.1419516205787658,0.8710182905197144
66,26.0,0.8561621123672439,0.2256750422252097,0.1223549917340278,0.1876784861087799
66,27.0,1.7163057731667324,0.5645016100833947,-0.1274691373109817,0.9011178612709044
66,28.0,1.614829070840375,0.4064610276121338,0.1515603214502334,0.3836561739444732
66,29.0,1.853755852236576,0.5152136013546762,-0.130520761013031,0.9294607639312744
66,30.0,1.790253279687953,0.3788162875971179,0.1496474146842956,0.561859130859375
66,31.0,1.6615651281336263,1.161299271130633,-0.2176318168640136,0.906885027885437
66,32.0,1.6065561054130288,0.9975831045500136,0.0763405859470367,0.5739571452140808
67,0.0,-1.4119903187601763,0.26610652917462657,0.0284190736711025,0.9997200965881348
67,1.0,-1.4691197337572832,0.176817264030532,-0.0018821620615199,0.9996781349182128
67,2.0,-1.4693028605414031,0.16027311619145146,-0.0019696773961186,0.9996328353881836
67,3.0,-1.4695909897008397,0.1416796389745075,-0.0020046776626259,0.999725103378296
67,4.0,-1.4691472721160923,0.17633729090864775,0.0434634871780872,0.9997209310531616
67,5.0,-1.4692010940883458,0.1614885021759255,0.043436624109745,0.999713122844696
67,6.0,-1.4695151106258468,0.14473408542929414,0.0433666668832302,0.9998499751091005
67,7.0,-1.4234542667716306,-0.008912522369737465,-0.0744618922472,0.99940824508667
67,8.0,-1.424610217449322,-0.01245486665397936,0.1241736188530922,0.9997427463531494
67,9.0,-1.348901655748128,0.24251361810805083,0.007317648269236,0.9991341829299928
67,10.0,-1.343372521236604,0.24263671523232053,0.0656089633703231,0.9991140365600586
67,11.0,-1.0377231541456873,-0.031407333123890116,-0.176681250333786,0.9997038245201112
67,12.0,-0.9348567516770987,-0.2986358688121123,0.2566577494144439,0.9985644817352296
67,13.0,-0.619674753849013,0.4993663341735484,-0.2389381229877472,0.947514533996582
67,14.0,-0.5562332432323659,0.19279690853363748,0.3241244554519653,0.0924636498093605
67,15.0,-0.8151459870309478,1.385519285982268,-0.2234859317541122,0.931804895401001
67,16.0,-0.7029685814802595,0.8426382504578394,0.2917772829532623,0.1757626384496688
67,17.0,-0.9164740716815436,1.477841865027627,-0.262227326631546,0.9214661717414856
67,18.0,-0.8170664078323228,0.7809063634211783,0.3030934035778045,0.2009610682725906
67,19.0,-0.9558820574906671,1.4183870106330358,-0.2324385344982147,0.9114752411842346
67,20.0,-0.8310124402942476,0.8036508024638178,0.2627707719802856,0.1985438466072082
67,21.0,-0.9135687418075518,1.387388988655189,-0.2106540501117706,0.8775219917297363
67,22.0,-0.797344188100348,0.8361096122039215,0.2733227908611297,0.1965340077877044
67,23.0,-0.007160897839625012,0.1126413971789711,-0.1389892846345901,0.9980488419532776
67,24.0,0.007160897839625012,-0.1126413971789711,0.1392190009355545,0.9943952560424804
67,25.0,0.8678234994323503,0.4382710653117585,-0.1370830833911895,0.8682471513748169
67,26.0,0.8547693928075429,0.24878232595363953,0.1216182634234428,0.1840308755636215
67,27.0,1.7218375355299165,0.5954901312838019,-0.1135226786136627,0.8995628356933594
67,28.0,1.618373345953554,0.4411260732926747,0.1559472382068634,0.3791700601577759
67,29.0,1.8605608623450582,0.5499819697434334,-0.1152388751506805,0.9287648797035216
67,30.0,1.7950034548069507,0.42271829838981145,0.1549514830112457,0.5592967867851257
67,31.0,1.6645775609755769,1.2000697700730938,-0.2030417025089264,0.9050605297088624
67,32.0,1.6088454700409276,1.0466447899291313,0.0776330083608627,0.5716421604156494
68,0.0,-1.4131323880893316,0.24284772203514532,0.0266497768461704,0.9997349977493286
68,1.0,-1.4705782323859966,0.14742398651423752,-0.0041622132994234,0.9996964335441588
68,2.0,-1.470759703664619,0.1301400376346861,-0.0042443918064236,0.9996526837348938
68,3.0,-1.4710982428319914,0.110730546883803,-0.0042768339626491,0.9997403025627136
68,4.0,-1.4706652645298257,0.14814749081020417,0.0418108813464641,0.9997346997261048
68,5.0,-1.4707537516183085,0.13235605060993752,0.0417966768145561,0.9997259378433228
68,6.0,-1.4711774050479212,0.11379386671827973,0.0417446866631507,0.9998565912246704
68,7.0,-1.4248488589838781,-0.03038294786433415,-0.0779438763856887,0.9994409084320068
68,8.0,-1.4260259753425537,-0.035838461244853445,0.1230923160910606,0.9997540712356568
68,9.0,-1.3498932187171018,0.21804964535781224,0.0050681848078966,0.9991917014122008
68,10.0,-1.3454344746920495,0.22061828401003755,0.0641053691506385,0.9991676807403564
68,11.0,-1.042908560324558,-0.02231779284589492,-0.1821553409099578,0.9997157454490662
68,12.0,-0.9313459173665455,-0.2975560218320621,0.2567831575870514,0.998638927936554
68,13.0,-0.6298034794510942,0.518579309526606,-0.2339399605989456,0.9506142139434814
68,14.0,-0.5602952181015464,0.2334461342184525,0.3218693137168884,0.108740285038948
68,15.0,-0.8255973655123369,1.425893641512917,-0.2157540768384933,0.93641859292984
68,16.0,-0.7065937387923138,0.9741460242438692,0.2727966904640198,0.2012640535831451
68,17.0,-0.9279879051058505,1.5240457950625619,-0.2567330598831177,0.9262481331825256
68,18.0,-0.8201040235708216,0.9137938618676295,0.2809537351131439,0.222864881157875
68,19.0,-0.9666317641783918,1.461359372391036,-0.2300937175750732,0.9169113636016846
68,20.0,-0.8371800476325927,0.9666882424844938,0.2372504770755767,0.2207148969173431
68,21.0,-0.9236267746402906,1.432498561169844,-0.2045409381389618,0.8849144577980042
68,22.0,-0.8024601742910279,1.0206960525645112,0.2521937191486358,0.2193440794944763
68,23.0,-0.007847839194257659,0.11087392506603845,-0.1372234225273132,0.9980545043945312
68,24.0,0.007847839194257659,-0.11087392506603845,0.1374362111091613,0.9945335388183594
68,25.0,0.871028673661994,0.4388430517970746,-0.1354041546583175,0.8639509677886963
68,26.0,0.8584605972081089,0.263225412319205,0.1166683137416839,0.1802079081535339
68,27.0,1.7273768235006544,0.6112280687898575,-0.1064878329634666,0.8959000706672668
68,28.0,1.633893984147756,0.4670348530129657,0.1534324586391449,0.371553361415863
68,29.0,1.8662034097885976,0.5681627651824764,-0.1073674485087394,0.9274489879608154
68,30.0,1.8044751343053669,0.45083549923888533,0.1518588215112686,0.5545673370361328
68,31.0,1.6666805005799705,1.217934169596075,-0.1947608739137649,0.9015976786613464
68,32.0,1.6123147741151482,1.0724386460864437,0.0714553818106651,0.5653684735298157
69,0.0,-1.4067264377952235,0.20230767605707556,0.0292340759187936,0.9997519850730896
69,1.0,-1.4643634011673543,0.11131347289699148,-0.0027102446183562,0.9997162818908693
69,2.0,-1.4648831776869624,0.0951922049233604,-0.0027900256682187,0.9996742606163024
69,3.0,-1.46570593685737,0.07693340227982418,-0.0028145187534391,0.9997567534446716
69,4.0,-1.4647067021900964,0.11103164086753954,0.0436067022383213,0.9997511506080629
69,5.0,-1.4653808121498482,0.09557318049037752,0.0435917265713214,0.999742031097412
69,6.0,-1.4665411220178193,0.07780348596549615,0.0435472391545772,0.9998651146888732
69,7.0,-1.4237127661819569,-0.06578173717449334,-0.0775346010923385,0.999476194381714
69,8.0,-1.4241293012311138,-0.0728481597666053,0.1253311038017273,0.999768078327179
69,9.0,-1.3445861105641153,0.17726322531981192,0.0078029013238847,0.999249279499054
69,10.0,-1.3405854044405936,0.17959243749567644,0.0672862455248832,0.9992250800132751
69,11.0,-1.0410440258303075,-0.035002824224460015,-0.1817948818206787,0.9997280836105348
69,12.0,-0.9236839868642911,-0.338954173481337,0.2606014013290405,0.9987266659736632
69,13.0,-0.6494016717022514,0.5413878279268121,-0.2223113477230072,0.9530841708183287
69,14.0,-0.5635444257018772,0.23658014288813878,0.3302552998065948,0.1221622452139854
69,15.0,-0.833993058553347,1.4429161423557217,-0.1838054209947586,0.9398885369300842
69,16.0,-0.7042899135432333,0.9594504807107698,0.2905175983905792,0.223078042268753
69,17.0,-0.9352330192681834,1.5496561899605235,-0.2222959101200103,0.92971932888031
69,18.0,-0.808523083752854,0.9126312009137585,0.3009449541568756,0.2418466955423355
69,19.0,-0.9728692280417576,1.4846904701958832,-0.1957928091287613,0.920876681804657
69,20.0,-0.8276694193446736,0.9668590146031733,0.256897896528244,0.2400625050067901
69,21.0,-0.9307576799824914,1.4525285709925075,-0.1720608323812484,0.8903645873069763
69,22.0,-0.7946692945790299,1.003624875308309,0.2702853977680206,0.2390599995851516
69,23.0,-0.008863961023860289,0.11655063112533426,-0.1365668177604675,0.998097598552704
69,24.0,0.008863961023860289,-0.11655063112533426,0.13675557076931,0.9947614669799804
69,25.0,0.8727383530338173,0.43578330430559015,-0.1350448280572891,0.8612188696861267
69,26.0,0.8631068888378192,0.25758006605827694,0.1161456480622291,0.1805272847414016
69,27.0,1.7242020892027492,0.6316777153960331,-0.1078142300248146,0.8950423002243042
69,28.0,1.6308982381915467,0.48771812625819755,0.1519797891378402,0.3730082511901855
69,29.0,1.8619560860373048,0.5915983454740859,-0.1090289130806922,0.9268932938575744
69,30.0,1.8006666086455823,0.4717787536281527,0.1504863649606704,0.557039201259613
69,31.0,1.6610307352766556,1.2364696862751416,-0.1964292675256729,0.9010593295097352
69,32.0,1.607267442108579,1.091196114786109,0.071169227361679,0.5687984824180603
70,0.0,-1.393548884469969,0.14755740957698552,0.0251045804470777,0.9997656345367432
70,1.0,-1.4547444460805377,0.05725637690276345,-0.0069129150360822,0.9997332096099854
70,2.0,-1.4554194731477423,0.0414849806400703,-0.007003610022366,0.9996926188468932
70,3.0,-1.456211105317095,0.02444074349803772,-0.0070395292714238,0.9997708201408386
70,4.0,-1.4553187687413418,0.056440533797499005,0.0408349856734275,0.9997650384902954
70,5.0,-1.4562179759880973,0.04287534271102467,0.0408249534666538,0.9997557401657104
70,6.0,-1.4573579838947317,0.027396048118358822,0.0407892391085624,0.999872386455536
70,7.0,-1.413751798093981,-0.11310145254675696,-0.0828742831945419,0.9995071887969972
70,8.0,-1.4141468943940765,-0.11851763521510383,0.1262604892253875,0.9997803568840028
70,9.0,-1.331871983279489,0.12334987628324379,0.00296989409253,0.9992992877960204
70,10.0,-1.32731666297021,0.12384692025401607,0.0645091161131858,0.9992729425430298
70,11.0,-1.0278992333299095,-0.1049024518177198,-0.1903795599937439,0.9997373819351196
70,12.0,-0.9073230142126866,-0.3999884795884444,0.2631838619709015,0.9987900853157043
70,13.0,-0.6706372973490752,0.5621431204713645,-0.2342306524515152,0.955096960067749
70,14.0,-0.5695018054193778,0.2183297704748567,0.3230689465999603,0.1317590773105621
70,15.0,-0.8378851339282869,1.477567768189746,-0.2115499377250671,0.942560851573944
70,16.0,-0.7065911915276608,0.961274140318761,0.2624072730541229,0.2357570230960846
70,17.0,-0.9413315269732809,1.5859992583739346,-0.2465313076972961,0.9323082566261292
70,18.0,-0.8059333728908779,0.9012511732258645,0.270527720451355,0.2527625858783722
70,19.0,-0.9786606023116547,1.5223771066353868,-0.2176317274570465,0.9238076210021972
70,20.0,-0.8254836382046633,0.9393442671796588,0.2226777374744415,0.251098096370697
70,21.0,-0.9356440509527986,1.4920658000934037,-0.1988656520843505,0.8942786455154419
70,22.0,-0.792560429722535,0.9798629043020401,0.2399275302886963,0.2508713603019714
70,23.0,-0.00497960060239208,0.11358462430560141,-0.1377132385969162,0.9981237649917604
70,24.0,0.00497960060239208,-0.11358462430560141,0.1378982067108154,0.9948654770851136
70,25.0,0.8550056682359225,0.47044622918938656,-0.1355878710746765,0.8573434948921204
70,26.0,0.8472052972949244,0.267331396061024,0.1248832270503044,0.1766524761915207
70,27.0,1.6983021426453735,0.6878834667836042,-0.1080910265445709,0.89316326379776
70,28.0,1.6042134726351616,0.5471056427416074,0.1703492105007171,0.3675907254219055
70,29.0,1.8347746079326408,0.6523619668334105,-0.1095235496759414,0.9264889359474182
70,30.0,1.772536798248551,0.5351286890509447,0.1701870262622833,0.5563166737556458
70,31.0,1.6320416532420639,1.289221867707406,-0.2000263631343841,0.8983748555183411
70,32.0,1.5790118513998748,1.1483945748341946,0.0863604545593261,0.5653622150421143
71,0.0,-1.3867692639674563,0.08398421135113564,0.0166857652366161,0.9997791647911072
71,1.0,-1.4494815626932211,-0.010147706307339124,-0.014845116995275,0.999748706817627
71,2.0,-1.4496023795757553,-0.027043833351547406,-0.0149245159700512,0.9997099041938782
71,3.0,-1.4497657266061574,-0.0461752355486245,-0.0149480728432536,0.9997840523719788
71,4.0,-1.4508930034810366,-0.007336678463579855,0.032805860042572,0.9997774958610536
71,5.0,-1.4517793630251914,-0.019888608168150898,0.0328065119683742,0.9997678995132446
71,6.0,-1.4528473061103193,-0.034345471662672614,0.0327909477055072,0.9998785853385924
71,7.0,-1.404217761890787,-0.18703195902786557,-0.0896142050623893,0.9995355606079102
71,8.0,-1.4057231858384387,-0.1831306483735287,0.1192315518856048,0.9997897744178772
71,9.0,-1.323880527001915,0.061838313956640696,-0.0052124848589301,0.9993475675582886
71,10.0,-1.3204024336536198,0.06805644301825758,0.0561831556260585,0.9993179440498352
71,11.0,-1.0199272646194961,-0.14203779806030528,-0.1977655440568924,0.9997440576553344
71,12.0,-0.8944509536344181,-0.4368888272342733,0.2583325803279876,0.9988361597061156
71,13.0,-0.7061794329308707,0.5895581201752134,-0.2402994185686111,0.9577651023864746
71,14.0,-0.581990880113698,0.24973403228163174,0.3100670278072357,0.1442843675613403
71,15.0,-0.8453073352079629,1.5013002818292853,-0.2202363312244415,0.9462069272994996
71,16.0,-0.7151024272925646,0.9744534834239136,0.2395735085010528,0.2509119808673858
71,17.0,-0.9572995702767028,1.6056146854259743,-0.2589921355247497,0.9361852407455444
71,18.0,-0.812100082326512,0.8941622957242339,0.245413675904274,0.2650096714496612
71,19.0,-0.9958124753872618,1.542746659926011,-0.2285645008087158,0.9281712770462036
71,20.0,-0.8315778479636519,0.9278980166298797,0.1995257288217544,0.263251394033432
71,21.0,-0.9520415934966591,1.5134538740386658,-0.2073810547590255,0.90010666847229
71,22.0,-0.7994814590975665,0.9743109781198787,0.2173854559659958,0.2634850442409515
71,23.0,-0.00610245748027962,0.11087420670993607,-0.1363438665866851,0.9981311559677124
71,24.0,0.00610245748027962,-0.11087420670993607,0.1365117877721786,0.994937300682068
71,25.0,0.8402091884169964,0.48310066606482993,-0.1292043477296829,0.8547006845474243
71,26.0,0.8332154866129448,0.28284476191784497,0.1246391087770462,0.1757149696350097
71,27.0,1.6803621041728019,0.7259231911007702,-0.0917759239673614,0.8931402564048767
71,28.0,1.5881283467432084,0.5839006335528708,0.1694468557834625,0.3683738708496094
71,29.0,1.8167633875979219,0.7128856491718463,-0.0929378941655159,0.927148699760437
71,30.0,1.7555543635167765,0.5869857300983572,0.1694360822439193,0.560161292552948
71,31.0,1.6068040966975854,1.316788217779989,-0.1862394958734512,0.8976314663887024
71,32.0,1.555476395608651,1.1786568105448225,0.0859119370579719,0.5680330395698547
72,0.0,-1.3717846418917774,0.05970207225912497,0.0104697654023766,0.999789535999298
72,1.0,-1.43676739357766,-0.03518226516128614,-0.0215164180845022,0.9997605085372924
72,2.0,-1.4369559475026108,-0.05257574748703593,-0.0216044876724481,0.9997233748435974
72,3.0,-1.4373079104975999,-0.07224851020123287,-0.0216195322573184,0.9997938871383668
72,4.0,-1.438490303442553,-0.030724803594324095,0.0261556003242731,0.999786913394928
72,5.0,-1.4396240310223145,-0.04459800623232968,0.0261471476405859,0.9997774362564088
72,6.0,-1.440893228944433,-0.06124403013194789,0.0261332280933856,0.9998831152915956
72,7.0,-1.3924252541118556,-0.2237655582630311,-0.0977073460817337,0.9995577335357666
72,8.0,-1.3935257151135412,-0.22034923663177253,0.1109948083758354,0.999796986579895
72,9.0,-1.3102595351646065,0.03472407002732578,-0.0116051267832517,0.9993894696235656
72,10.0,-1.3071918628652868,0.04046515369674398,0.0497247204184532,0.9993559122085572
72,11.0,-1.0156170633080996,-0.16217456811756248,-0.2071365416049957,0.9997529983520508
72,12.0,-0.8856911939453698,-0.45833079922407055,0.253544420003891,0.9988867044448853
72,13.0,-0.7241772792767733,0.6195796208486286,-0.2512952983379364,0.9605208039283752
72,14.0,-0.5923789953691672,0.2643749537631489,0.3050325214862823,0.1538174003362655
72,15.0,-0.8489739880800737,1.5410173123068607,-0.2287771999835968,0.949956715106964
72,16.0,-0.7171369797964264,0.9847013667325537,0.2299246788024902,0.2623014450073242
72,17.0,-0.9634098471313054,1.6535412527517508,-0.2759796977043152,0.940345048904419
72,18.0,-0.8105089873901128,0.9080983134402796,0.2355334162712097,0.274609237909317
72,19.0,-1.002273267072747,1.5944457757522195,-0.2445779293775558,0.9328594207763672
72,20.0,-0.8299931961793592,0.9246115309227374,0.189906358718872,0.2724893391132355
72,21.0,-0.9570798410718961,1.5645734282210773,-0.2155008018016815,0.9062552452087402
72,22.0,-0.7994271885163166,0.9976241328391396,0.2079773396253585,0.2725937366485595
72,23.0,-0.009520868655664623,0.10953956453832975,-0.135766327381134,0.9981521368026732
72,24.0,0.009520868655664623,-0.10953956453832975,0.135900393128395,0.9950128197669984
72,25.0,0.8339565970828731,0.4932045688527356,-0.1218306049704551,0.8527204990386963
72,26.0,0.8315460696481128,0.300963251638403,0.1262246668338775,0.1748242974281311
72,27.0,1.6723172472811891,0.7621700504951482,-0.0790864527225494,0.8949599862098694
72,28.0,1.5798364201267245,0.6137974737468986,0.179983302950859,0.3730930387973785
72,29.0,1.8162404192118542,0.7515590516696612,-0.0798874646425247,0.9294751286506652
72,30.0,1.7537894360441073,0.6190717857426964,0.180879920721054,0.5671034455299377
72,31.0,1.5952741915148396,1.3383079385947083,-0.1708311587572097,0.8990947604179382
72,32.0,1.5397652674640616,1.2002074574078025,0.0987095087766647,0.5752837657928467
73,0.0,-1.367711446861084,0.07547892233854722,0.0038339758757501,0.9998023509979248
73,1.0,-1.4346108848552652,-0.0222964023001661,-0.0290593691170215,0.9997751116752625
73,2.0,-1.4355659380244283,-0.042557334987513476,-0.0291422232985496,0.9997402429580688
73,3.0,-1.4365264305092196,-0.0640273498346417,-0.0291572529822587,0.9998061656951904
73,4.0,-1.435600969807228,-0.011689995838969425,0.0199784152209758,0.9997986555099488
73,5.0,-1.4371073364676277,-0.025102053104524753,0.0199844799935817,0.9997892379760742
73,6.0,-1.438797344784258,-0.041133270352878705,0.0199855230748653,0.9998887777328492
73,7.0,-1.3919768166651307,-0.22165560857789646,-0.1098462715744972,0.9995853900909424
73,8.0,-1.393165177622516,-0.208925278871155,0.1052820309996604,0.999805986881256
73,9.0,-1.30795363602629,0.041798938979836026,-0.0199055336415767,0.9994349479675292
73,10.0,-1.3051784194879499,0.05418322460657164,0.043306041508913,0.9993983507156372
73,11.0,-1.017711236041639,-0.16857747159658296,-0.2188286185264587,0.9997628331184388
73,12.0,-0.8872836996830341,-0.4405155384300871,0.2513907551765442,0.9989394545555116
73,13.0,-0.7317168120555925,0.6285529387339142,-0.2534966170787811,0.9630980491638184
73,14.0,-0.5989870206033264,0.2746713229369933,0.2970751821994781,0.1642193645238876
73,15.0,-0.8528196778286812,1.5539413755322011,-0.2217702120542526,0.9534712433815002
73,16.0,-0.7200365292802462,0.9744809800063297,0.2087196260690689,0.2731313109397888
73,17.0,-0.9653297199833611,1.6596119963136822,-0.2664081156253814,0.9441905617713928
73,18.0,-0.8117143810990365,0.913411452306139,0.2126207053661346,0.2828940749168396
73,19.0,-1.002496045645125,1.601554295381686,-0.2358204275369644,0.9372256994247437
73,20.0,-0.831166280340352,0.9309649008854767,0.1686370223760604,0.2803483605384826
73,21.0,-0.9579955799029682,1.5751661031459718,-0.2082571536302566,0.9119988083839417
73,22.0,-0.8010925632435578,1.0175924776504093,0.1867162734270095,0.2804387807846069
73,23.0,-0.012884573157073385,0.10601265012852279,-0.1352846026420593,0.9981765151023864
73,24.0,0.012884573157073385,-0.10601265012852279,0.1353873759508133,0.9951655268669128
73,25.0,0.8339850114037228,0.48732395759656444,-0.1065156087279319,0.8544892072677612
73,26.0,0.8438291366317929,0.302722391664951,0.1350067555904388,0.1808728724718094
73,27.0,1.6683988221895187,0.775356441345729,-0.0428290776908397,0.8986300826072693
73,28.0,1.5788119987074705,0.6288386323119429,0.2049341052770614,0.3869303166866302
73,29.0,1.8102960621041257,0.7664147244819856,-0.0413938537240028,0.9325798153877258
73,30.0,1.754401654702225,0.640660855323699,0.207266092300415,0.5777075290679932
73,31.0,1.5858149880720793,1.3420088026558756,-0.1321686804294586,0.9023852348327636
73,32.0,1.532370085808364,1.2096251847911306,0.1231668442487716,0.5884041786193848
74,0.0,-1.3646254809303888,0.036196221032611935,0.0037780255079269,0.9998155236244202
74,1.0,-1.4321460518118094,-0.06235057905789302,-0.0299034174531698,0.9997902512550354
74,2.0,-1.433243907280976,-0.08167029811830115,-0.0299769155681133,0.9997574687004088
74,3.0,-1.4343235104660788,-0.10235699675121314,-0.0299878511577844,0.999818742275238
74,4.0,-1.4323041088248796,-0.05570985443010442,0.0199858732521533,0.9998112916946412
74,5.0,-1.4334525140594885,-0.0698656010372622,0.0199897326529026,0.9998023509979248
74,6.0,-1.434823377096687,-0.08649615024547384,0.0200012270361185,0.9998953938484192
74,7.0,-1.3858938578501423,-0.25502660869995725,-0.1128722876310348,0.9996131062507628
74,8.0,-1.3873482801026868,-0.24838225950512033,0.1057794541120529,0.99981689453125
74,9.0,-1.3058757150617528,0.0057998250725816835,-0.0207646377384662,0.9994789361953736
74,10.0,-1.3030910119780688,0.01679261913480016,0.0434445217251777,0.9994418621063232
74,11.0,-1.0126412506173743,-0.18798765216508084,-0.2226010411977768,0.9997721910476683
74,12.0,-0.8827506186301763,-0.4503615171696,0.2525037229061126,0.9990020394325256
74,13.0,-0.7403211852858349,0.6417642881871237,-0.2532233893871307,0.9656218886375428
74,14.0,-0.6121709927259394,0.2868189807688778,0.2907541990280151,0.1777676045894622
74,15.0,-0.8584362461772029,1.5717349896296873,-0.2150512635707855,0.9567126631736756
74,16.0,-0.7307907745787843,0.9841911177134607,0.1921710819005966,0.2853768169879913
74,17.0,-0.9695446306177272,1.6808831305411938,-0.2608850002288818,0.9476637244224548
74,18.0,-0.8180786338266667,0.925087632935557,0.1952580064535141,0.2918280661106109
74,19.0,-1.0061713984361484,1.6196326075824614,-0.2293016165494918,0.9411685466766356
74,20.0,-0.839473676419876,0.9563052522296748,0.1497339755296707,0.2888887226581573
74,21.0,-0.9628477252006896,1.593047443873724,-0.2014130800962448,0.9172221422195436
74,22.0,-0.8105942912183849,1.0333984988589047,0.1694228649139404,0.2891815304756164
74,23.0,-0.014708234184378092,0.10393342451957979,-0.1353036910295486,0.998184084892273
74,24.0,0.014708234184378092,-0.10393342451957979,0.1353939026594162,0.9952943325042723
74,25.0,0.8351631600576785,0.48316436675205887,-0.1057514175772667,0.8549684286117554
74,26.0,0.8492984537507781,0.305030100107797,0.1373784095048904,0.1843094080686569
74,27.0,1.6695625720587495,0.7901838363740831,-0.0429125875234603,0.9013296365737916
74,28.0,1.581676918145543,0.6445702208778049,0.2077106535434723,0.3974321484565735
74,29.0,1.8137276552239374,0.7831337945674822,-0.0417476519942283,0.9353538751602172
74,30.0,1.7602016024404366,0.6621343549986015,0.2101506441831588,0.5879207849502563
74,31.0,1.5799612034434634,1.353001947477354,-0.1345709860324859,0.9046928286552428
74,32.0,1.5289614738926316,1.2241444465477462,0.1250824034214019,0.5998980402946472
75,0.0,-1.3482868997178252,-0.03863454270672906,0.0018849384505301,0.9998286962509156
75,1.0,-1.4166517262540836,-0.13376107704257856,-0.0310248713940382,0.9998051524162292
75,2.0,-1.4175409192807822,-0.15201508561365856,-0.0310944747179746,0.9997745156288148
75,3.0,-1.4184729749885814,-0.17205233502764963,-0.0310883801430463,0.9998311400413512
75,4.0,-1.416742561921035,-0.12835922940538366,0.0171063765883445,0.999824285507202
75,5.0,-1.4175704951695296,-0.14243607487288001,0.017093650996685,0.9998159408569336
75,6.0,-1.4186326720120546,-0.159278361756457,0.0171182285994291,0.9999024271965028
75,7.0,-1.368653955424693,-0.32618040389828673,-0.1094876006245613,0.9996400475502014
75,8.0,-1.3703781722477282,-0.31725985592469286,0.1012261062860488,0.9998291730880736
75,9.0,-1.2892308765586282,-0.0621018286696868,-0.0209742747247219,0.999520480632782
75,10.0,-1.2857386220493168,-0.056136058903203376,0.0409921295940876,0.9994840621948242
75,11.0,-0.995934517188229,-0.23968670737854178,-0.2151079922914505,0.9997801184654236
75,12.0,-0.8614935140985113,-0.5019069202843889,0.2451717406511306,0.9990627765655518
75,13.0,-0.758737550284444,0.6563318978610673,-0.2507735192775726,0.9679508209228516
75,14.0,-0.633195631888365,0.308252177255092,0.2812619805335998,0.1972220540046692
75,15.0,-0.8689232584185779,1.573193136543448,-0.212678924202919,0.9595922827720642
75,16.0,-0.7378498184022438,0.9837271489563193,0.1858546584844589,0.3030198216438293
75,17.0,-0.9786429067594079,1.6819897360886022,-0.2575618028640747,0.9507774710655212
75,18.0,-0.8228390412032525,0.9370358275365581,0.1889473795890808,0.3053930401802063
75,19.0,-1.0121231960941348,1.6208633368382899,-0.2242176234722137,0.9446620345115662
75,20.0,-0.8442537732629142,0.9737681870572933,0.1434691697359085,0.3020273447036743
75,21.0,-0.9693665538175158,1.5958831451537558,-0.1986168026924133,0.9219508171081544
75,22.0,-0.8157501542100868,1.0450027691053652,0.1634854972362518,0.3024907410144806
75,23.0,-0.016035625278609165,0.10284168917626768,-0.1317688524723053,0.9982411861419678
75,24.0,0.016035625278609165,-0.10284168917626768,0.1317735165357589,0.9954678416252136
75,25.0,0.8165648645450376,0.5008920137608119,-0.1024457961320877,0.8557134866714478
75,26.0,0.8314693238669815,0.32195469289956724,0.1355259418487548,0.1868703067302703
75,27.0,1.6389020738217275,0.8137571353571413,-0.0476814247667789,0.904570996761322
75,28.0,1.5446008537031874,0.6618344185018596,0.2004766464233398,0.4056224822998047
75,29.0,1.7826899520589043,0.8065490505056552,-0.0475630536675453,0.9381312131881714
75,30.0,1.725787219685411,0.6838807842287623,0.2027236074209213,0.5971193909645081
75,31.0,1.5437691516049394,1.3598422569422988,-0.1389916241168975,0.90745210647583
75,32.0,1.4889519346003872,1.2300423048699483,0.1207768842577934,0.6104313135147095
76,0.0,-1.3373495292553355,-0.057336769588074946,0.0032058893702924,0.9998410940170288
76,1.0,-1.4081337351306997,-0.15315548403220655,-0.030181473121047,0.9998191595077516
76,2.0,-1.4089777885880532,-0.17105588247193684,-0.0302563104778528,0.9997908473014832
76,3.0,-1.4097705862844538,-0.19111090958679805,-0.0302510913461446,0.9998427629470824
76,4.0,-1.407739097216618,-0.14828977150046319,0.0178288538008928,0.999836564064026
76,5.0,-1.4084141638890884,-0.1621357449130966,0.0178245101124048,0.9998292326927184
76,6.0,-1.409371923378101,-0.179008512513608,0.0178513638675212,0.999909281730652
76,7.0,-1.3594237817897075,-0.33558750403441423,-0.111055888235569,0.99966561794281
76,8.0,-1.361344835132105,-0.33183721748580347,0.0987813249230384,0.999841570854187
76,9.0,-1.2795220250627057,-0.08178708826299304,-0.0203117858618497,0.9995592832565308
76,10.0,-1.2748344184389593,-0.07334215135416121,0.0414413288235664,0.9995241165161132
76,11.0,-0.9907089562109118,-0.24194807134307414,-0.2157861441373825,0.9997894167900084
76,12.0,-0.8619593901576325,-0.511457528824621,0.2441518902778625,0.9991240501403807
76,13.0,-0.768501711023535,0.6598189954999132,-0.2480145394802093,0.970148265361786
76,14.0,-0.6377305926020884,0.2870611909657917,0.2729542553424835,0.2116592526435852
76,15.0,-0.8710972546421383,1.5721038702713563,-0.2079247683286667,0.9623323082923888
76,16.0,-0.740241737164007,0.925946453225656,0.1770486831665039,0.3145664632320404
76,17.0,-0.9764236297356844,1.681720509782885,-0.2527918517589569,0.9537975192070008
76,18.0,-0.8228763378620868,0.9064056188734297,0.1810588836669922,0.3141296207904815
76,19.0,-1.0095186255608886,1.6108051772061887,-0.2178164571523666,0.9480645656585692
76,20.0,-0.844908390868116,0.9589252273990316,0.1362124383449554,0.3100241124629974
76,21.0,-0.9682225822022804,1.5859566358584472,-0.1932587027549743,0.9265008568763732
76,22.0,-0.8171510379184436,1.0201808300870703,0.1552442014217376,0.3104127049446106
76,23.0,-0.014793859092480844,0.10500223743471292,-0.1310662180185318,0.9982694387435912
76,24.0,0.014793859092480844,-0.10500223743471292,0.1310584396123886,0.9955910444259644
76,25.0,0.80462488462771,0.4966385135304455,-0.0937029644846916,0.8584375977516174
76,26.0,0.8163896854741604,0.3243972708346655,0.1395087838172912,0.193861722946167
76,27.0,1.6109400144472705,0.8294633634947737,-0.0334589630365371,0.90814608335495
76,28.0,1.5076499080998833,0.6689300686296145,0.2118256837129593,0.4164624810218811
76,29.0,1.7649105594143781,0.8212918744983606,-0.0329209417104721,0.9415284395217896
76,30.0,1.692095178923699,0.6994636599982881,0.2151381373405456,0.6087336540222168
76,31.0,1.5062992716309076,1.3527626711430303,-0.1232188865542411,0.9105381965637208
76,32.0,1.4485622668738738,1.2234514928869218,0.1368022710084915,0.6230842471122742
77,0.0,-1.3391606830346998,-0.07303248754072801,0.0036933592054992,0.999853253364563
77,1.0,-1.4105799507649657,-0.17177634818196677,-0.0295810829848051,0.9998329281806946
77,2.0,-1.4110080720705578,-0.18953695081871808,-0.0296557638794183,0.999806821346283
77,3.0,-1.411292377747773,-0.2102012236207334,-0.0296476483345031,0.9998543858528136
77,4.0,-1.4100110884234005,-0.1670660726186934,0.0184609033167362,0.9998487830162048
77,5.0,-1.410263957961952,-0.18044017309637145,0.0184595789760351,0.9998421669006348
77,6.0,-1.4107890857952368,-0.1974513281478969,0.0184930264949798,0.9999160170555116
77,7.0,-1.3583812778359716,-0.35326815737415085,-0.1101200878620147,0.9996913075447084
77,8.0,-1.3611123943458965,-0.34993605216937557,0.0999114587903022,0.9998537302017212
77,9.0,-1.2801647765145843,-0.09477173824211454,-0.0198001470416784,0.9995967149734496
77,10.0,-1.275591916407745,-0.08563580652670186,0.0420177057385444,0.9995629787445068
77,11.0,-0.9894181419464386,-0.25267427056054104,-0.215408980846405,0.9998009204864502
77,12.0,-0.8554134751843,-0.5197221978640524,0.2454007118940353,0.99918532371521
77,13.0,-0.7828725459475457,0.6711262967756212,-0.246913805603981,0.972262978553772
77,14.0,-0.6415365449709233,0.2740942656261582,0.2775514423847198,0.2285967469215393
77,15.0,-0.8753244101004966,1.5932743648146879,-0.2085183411836624,0.9649395942687988
77,16.0,-0.7434551418832681,0.9194439326461585,0.1843966990709304,0.3297705948352813
77,17.0,-0.9800943463604495,1.7004518951675007,-0.2534976899623871,0.9566770195961
77,18.0,-0.8252152050707007,0.9075032196966871,0.1880326867103576,0.3262034356594085
77,19.0,-1.0129870888622583,1.6286254008106342,-0.2187823355197906,0.9512997269630432
77,20.0,-0.848949678002078,0.9647985628833468,0.1433714032173156,0.3214465975761413
77,21.0,-0.9720243570075469,1.6069835331176427,-0.1939186155796051,0.930841624736786
77,22.0,-0.8212108308247238,1.0187758561447933,0.1626835018396377,0.3215427100658417
77,23.0,-0.015984492175649182,0.10472839788910415,-0.1306152045726776,0.9983070492744446
77,24.0,0.015984492175649182,-0.10472839788910415,0.1305966824293136,0.9957297444343568
77,25.0,0.8007605245553291,0.5188408565393633,-0.094001367688179,0.8576568365097046
77,26.0,0.8155067717002643,0.33979090118397187,0.1386207044124603,0.1964965611696243
77,27.0,1.607741639759027,0.8689320187581929,-0.0370550267398357,0.9096367359161376
77,28.0,1.5059487874013369,0.6943990788720948,0.2089631259441375,0.4201929271221161
77,29.0,1.7596239946564132,0.8569117428869142,-0.0368507541716098,0.943955421447754
77,30.0,1.6888486344210896,0.7281827002097239,0.212002232670784,0.6160884499549866
77,31.0,1.495657812890476,1.376958592610139,-0.1288702189922332,0.9118574261665344
77,32.0,1.4358119384375525,1.2471558269692526,0.1327810585498809,0.6299596428871155
78,0.0,-1.3438168079720392,-0.06907642174358102,0.0036144251935184,0.9998639822006226
78,1.0,-1.4131701125243123,-0.1774540037354214,-0.0294911358505487,0.9998449087142944
78,2.0,-1.4130778182547485,-0.19475509823957715,-0.029562834650278,0.9998207688331604
78,3.0,-1.4128929157895331,-0.21372050328632314,-0.0295519027858972,0.999864399433136
78,4.0,-1.4129868424747494,-0.16836320653900058,0.017650943249464,0.9998592734336852
78,5.0,-1.4130623730912704,-0.18019746659452138,0.0176561865955591,0.9998533129692078
78,6.0,-1.4134582338869182,-0.19467875141523017,0.0176960136741399,0.99992173910141
78,7.0,-1.3586037940162226,-0.3526393264256506,-0.1092737987637519,0.9997135400772096
78,8.0,-1.3625971221979176,-0.3441605595283534,0.0960924178361892,0.9998642206192015
78,9.0,-1.2832624121405372,-0.09395820339547871,-0.0195246003568172,0.9996294379234314
78,10.0,-1.2794139294553624,-0.08147574875561728,0.0410757474601268,0.999596893787384
78,11.0,-0.988640016985547,-0.25489354200586606,-0.2130271792411804,0.9998101592063904
78,12.0,-0.8550789075870295,-0.5201551836707478,0.2397473603487014,0.9992387890815736
78,13.0,-0.7875392168243013,0.6863467751106418,-0.2354059815406799,0.9740583300590516
78,14.0,-0.6454902994571823,0.28704936780377,0.2719920873641968,0.2440702766180038
78,15.0,-0.8781532284006867,1.5992639272396383,-0.1911640018224716,0.9671330451965332
78,16.0,-0.7463380503273671,0.9176038174663355,0.1857760846614837,0.3434172570705414
78,17.0,-0.9825894055856143,1.7057102359445433,-0.232737511396408,0.959091305732727
78,18.0,-0.8282494029212406,0.9225497857514979,0.1894096434116363,0.3368972539901733
78,19.0,-1.0155972267835085,1.6298335473053855,-0.2003455460071563,0.9540332555770874
78,20.0,-0.8519398978583688,0.9630861823667001,0.1470811069011688,0.3316528499126434
78,21.0,-0.9748496206970045,1.6061080182169531,-0.1769842207431793,0.9345480799674988
78,22.0,-0.8242517425595457,1.0155098297609007,0.1652178317308426,0.3314651548862457
78,23.0,-0.01754545457024001,0.10471331113448976,-0.1277567595243454,0.9983320832252502
78,24.0,0.01754545457024001,-0.10471331113448976,0.1277318447828292,0.9958500266075134
78,25.0,0.8012199901232796,0.532166372468875,-0.0912287533283233,0.8568710088729858
78,26.0,0.8185841209856956,0.3477415771874441,0.1346229612827301,0.1992640644311905
78,27.0,1.6094925181456117,0.8889122288231757,-0.0383329018950462,0.9108110070228576
78,28.0,1.5086117422510785,0.7099110717608149,0.2080269902944564,0.4238288402557373
78,29.0,1.760897060756104,0.8776427845833008,-0.0382475927472114,0.9460881352424622
78,30.0,1.6908182102316651,0.746366178104758,0.2094948887825012,0.6219668388366699
78,31.0,1.49340767400777,1.3930220223375795,-0.1265330463647842,0.9132369756698608
78,32.0,1.4289958172050063,1.2603041184086186,0.1269599050283432,0.6358796954154968
79,0.0,-1.3499778147566024,-0.08618738609662113,0.0050117061473429,0.9998745918273926
79,1.0,-1.4174285609833364,-0.19467138244398818,-0.0278573967516422,0.9998569488525392
79,2.0,-1.4168254416196957,-0.21174716404749772,-0.027928739786148,0.9998347163200378
79,3.0,-1.4160113028103352,-0.2305500973587526,-0.0279189776629209,0.9998745918273926
79,4.0,-1.4173698151823522,-0.18537520537170982,0.0192412100732326,0.9998698830604552
79,5.0,-1.4171369075795193,-0.1968956720649899,0.0192434415221214,0.9998644590377808
79,6.0,-1.4171602423677052,-0.2111403337606686,0.01927943341434,0.999927580356598
79,7.0,-1.3610865576669653,-0.36925534897746526,-0.1072690412402153,0.9997355341911316
79,8.0,-1.3658289288108942,-0.35909396072923117,0.0978795811533927,0.9998745918273926
79,9.0,-1.2880021897610232,-0.11073105468352548,-0.0180820357054471,0.9996609687805176
79,10.0,-1.2846281429216098,-0.0979805741957564,0.0423523895442485,0.9996297955513
79,11.0,-0.9866699435042897,-0.2580597370283386,-0.2115886956453323,0.9998206496238708
79,12.0,-0.859555351634423,-0.5109995322025666,0.2410320341587066,0.999289870262146
79,13.0,-0.800006481713132,0.6960244012664778,-0.2338266372680664,0.9758944511413574
79,14.0,-0.6591793367946195,0.30486491933820586,0.2736435532569885,0.2620006203651428
79,15.0,-0.8847521427025085,1.6107893585717425,-0.195647731423378,0.9694462418556212
79,16.0,-0.7559644905476446,0.9535164299439749,0.1865381151437759,0.3590064346790313
79,17.0,-0.9882687853255165,1.718424748551997,-0.2382399886846542,0.961663544178009
79,18.0,-0.8413513235875948,0.9791366436375715,0.190946877002716,0.3489263355731964
79,19.0,-1.0199102549290138,1.6430748934879604,-0.2049784958362579,0.9569264650344848
79,20.0,-0.8657429072207727,1.0052711032292936,0.1476006656885147,0.3432978093624115
79,21.0,-0.981360807464567,1.618945590358107,-0.1812652200460434,0.9384780526161194
79,22.0,-0.8385542938554958,1.0641187973589625,0.1655432730913162,0.3432534337043762
79,23.0,-0.018544300834115443,0.10452488158423015,-0.1268829703330993,0.9983654022216796
79,24.0,0.018544300834115443,-0.10452488158423015,0.1268393397331237,0.9959742426872252
79,25.0,0.8022512757571751,0.5387129581625054,-0.0905793011188507,0.8568515181541443
79,26.0,0.8213956140017746,0.35808609915002826,0.1345028281211853,0.2007944285869598
79,27.0,1.6105034287952165,0.9075344436119289,-0.0381917357444763,0.9123953580856324
79,28.0,1.5136224200093213,0.724251318360504,0.2029754370450973,0.4272502958774566
79,29.0,1.7595444191550198,0.896260281583162,-0.0381991192698478,0.948279082775116
79,30.0,1.6927442795293393,0.7655889899766026,0.2046588957309723,0.6280250549316406
79,31.0,1.4900624605523929,1.4074851108511746,-0.1282592564821243,0.9148550629615784
79,32.0,1.4244191226094813,1.2726573336854512,0.123709388077259,0.6420615315437317
80,0.0,-1.3571498185652098,-0.12735302600245269,0.005367477890104,0.9998838901519777
80,1.0,-1.4231040676371898,-0.23669432970048687,-0.0273833218961954,0.9998674988746644
80,2.0,-1.4220001338217512,-0.25339868323160863,-0.0274542812258005,0.9998469352722168
80,3.0,-1.4219068927993994,-0.2715485219167301,-0.027442779392004,0.999883472919464
80,4.0,-1.4232742200376047,-0.23268172474125512,0.0198905989527702,0.9998793601989746
80,5.0,-1.4223838804625402,-0.246538986092543,0.0198875721544027,0.999874711036682
80,6.0,-1.4226156741538014,-0.263146358988117,0.0199235323816537,0.9999329447746276
80,7.0,-1.3649886710927426,-0.3990827945054122,-0.1064298003911972,0.9997546076774596
80,8.0,-1.3706068166507597,-0.40155791982602435,0.0994245111942291,0.999884068965912
80,9.0,-1.295525293651476,-0.1377885412794656,-0.0177956614643335,0.9996890425682068
80,10.0,-1.2922796833587291,-0.12885585189212334,0.0428529530763626,0.9996591210365297
80,11.0,-0.9852917197605928,-0.25109508150291643,-0.2158926874399185,0.9998283982276917
80,12.0,-0.8682400815751926,-0.5001837358724438,0.2458545714616775,0.9993363618850708
80,13.0,-0.8183265916727167,0.7180493624389749,-0.2342414408922195,0.9776498079299928
80,14.0,-0.6820695466507569,0.3264054065029045,0.2771071791648865,0.2761493921279907
80,15.0,-0.8956913355087747,1.6224650908800782,-0.1938930451869964,0.9715697765350342
80,16.0,-0.7700149027558304,1.008894787061791,0.189197689294815,0.3700094819068908
80,17.0,-0.9964428723495335,1.7326041787265776,-0.2380297482013702,0.963996410369873
80,18.0,-0.8532816287914766,1.0304152637741766,0.1960096955299377,0.3566709458827972
80,19.0,-1.027150706107904,1.6604575664903454,-0.2017462998628616,0.9595303535461426
80,20.0,-0.8808802234849787,1.0895141162622664,0.1511754989624023,0.3506082594394684
80,21.0,-0.9899515271102667,1.6384878375793552,-0.1785352826118469,0.9420093894004822
80,22.0,-0.8536992189316887,1.1451328847102245,0.1676691323518753,0.3514472544193268
80,23.0,-0.015003452795840089,0.10219714664853154,-0.1281646639108657,0.9983739852905272
80,24.0,0.015003452795840089,-0.10219714664853154,0.1280404478311538,0.996062994003296
80,25.0,0.7842668179530617,0.5513605917662776,-0.0903957262635231,0.8589162826538086
80,26.0,0.7999330548609936,0.3763825944834844,0.1459217518568039,0.2026309520006179
80,27.0,1.581014096332443,0.9257402494220225,-0.0302217863500118,0.9149330854415894
80,28.0,1.487523517126674,0.7496565731709662,0.2216358929872512,0.4327214658260345
80,29.0,1.728021781370059,0.9130497473878644,-0.0295685660094022,0.9506781101226808
80,30.0,1.6636159191418538,0.7883324007659025,0.2252572476863861,0.6372143030166626
80,31.0,1.4636655328592858,1.4226313805292246,-0.1213955581188201,0.916789710521698
80,32.0,1.395973797169591,1.2902445858575051,0.1471100151538849,0.6500609517097473
81,0.0,-1.3641155752650362,-0.13102926952202104,0.0045155165717005,0.9998924136161804
81,1.0,-1.4296973914596474,-0.23817491503626187,-0.0282983537763357,0.999877154827118
81,2.0,-1.4284401121581456,-0.25464036015096136,-0.0283689796924591,0.9998582005500792
81,3.0,-1.4277018031875814,-0.2727154124759058,-0.0283522624522447,0.9998916983604432
81,4.0,-1.429844491327271,-0.23490774955535818,0.0192539058625698,0.999888002872467
81,5.0,-1.428874918388252,-0.24902858761190727,0.019247667863965,0.9998840093612672
81,6.0,-1.42866644366075,-0.2660936707268858,0.0192903783172369,0.9999378323554992
81,7.0,-1.3669762805854007,-0.40043293701554494,-0.1069847419857978,0.9997721910476683
81,8.0,-1.373082860616355,-0.4059498064141967,0.0999741852283477,0.9998926520347596
81,9.0,-1.2997440862919376,-0.13706436001629085,-0.0186539646238088,0.9997146725654602
81,10.0,-1.2966699737782206,-0.1291634238326898,0.0423714853823185,0.9996859431266784
81,11.0,-0.9845626402998139,-0.24992292483764617,-0.2180476784706115,0.9998379945755004
81,12.0,-0.8674489183569455,-0.5050957415552859,0.2479370385408401,0.999380588531494
81,13.0,-0.8319346647477522,0.7413276396643631,-0.2401089817285537,0.9792525768280028
81,14.0,-0.6931154707418901,0.3531450747315692,0.2787396311759949,0.292685717344284
81,15.0,-0.9008670612887784,1.650337640144769,-0.2031295299530029,0.9735673069953918
81,16.0,-0.7760204816188634,1.057927512987842,0.1872769743204116,0.3850522637367248
81,17.0,-1.0015424354609836,1.756880400972348,-0.2529295980930328,0.9662370085716248
81,18.0,-0.8609075945321608,1.063584988881353,0.1948385834693908,0.3685661852359772
81,19.0,-1.031453532737291,1.6834665782434808,-0.2115708291530609,0.9620235562324524
81,20.0,-0.890013388713133,1.1293765909652747,0.1472995430231094,0.3623056411743164
81,21.0,-0.9943887366354979,1.665060114162447,-0.1862453371286392,0.945379078388214
81,22.0,-0.8687634517240708,1.2450258076046714,0.1647492051124572,0.3638270497322082
81,23.0,-0.0154319998647393,0.10196143659720988,-0.1298539489507675,0.9983972311019896
81,24.0,0.0154319998647393,-0.10196143659720988,0.1297024935483932,0.9961453080177308
81,25.0,0.7814656741720007,0.5648262796538802,-0.0928454250097274,0.8617309927940369
81,26.0,0.7969181531354584,0.39447389390614995,0.1476559787988662,0.2035111337900161
81,27.0,1.5807012121490205,0.951527856106185,-0.0354383327066898,0.9178337454795836
81,28.0,1.4849289587766812,0.7790291609147239,0.2206219583749771,0.4393254518508911
81,29.0,1.7277304019075574,0.9419783524757527,-0.0351958274841308,0.9528977274894714
81,30.0,1.6621985347342103,0.8187683524875654,0.224059596657753,0.6465041637420654
81,31.0,1.4631202171122235,1.4505517946365718,-0.1273570358753204,0.9190565347671508
81,32.0,1.3956053737946805,1.3176888965439348,0.144091710448265,0.6588259339332581
82,0.0,-1.3639512962793077,-0.13854394806827774,0.0052789379842579,0.9998992681503296
82,1.0,-1.4274066448317038,-0.24608099367999872,-0.0280424114316701,0.9998847842216492
82,2.0,-1.425794945675464,-0.2620103301427324,-0.0281145758926868,0.9998672008514404
82,3.0,-1.4242314634545545,-0.27983830927389025,-0.0280897375196218,0.9998982548713684
82,4.0,-1.4275327411156047,-0.24310482351469537,0.0193127151578664,0.9998947381973268
82,5.0,-1.4262782320234078,-0.25681580862068876,0.0193031970411539,0.9998912215232848
82,6.0,-1.4254057350983833,-0.27354367214111897,0.0193698331713676,0.9999415278434752
82,7.0,-1.3606470399658817,-0.4070354534488044,-0.1063845604658126,0.9997866749763488
82,8.0,-1.36590448551936,-0.4127418067373917,0.1004681587219238,0.9998990297317504
82,9.0,-1.297303763209118,-0.14446153745450224,-0.0185959655791521,0.9997364282608032
82,10.0,-1.294190947366083,-0.13676196928456524,0.0425698980689048,0.9997076988220216
82,11.0,-0.9865891157411356,-0.25725218119371657,-0.2194904237985611,0.9998466968536376
82,12.0,-0.8573354603218897,-0.5173071501623727,0.2518127858638763,0.9994139075279236
82,13.0,-0.8466644381862438,0.7425059290315658,-0.2408208101987838,0.9809318780899048
82,14.0,-0.698640308379989,0.34170740132575506,0.2801230549812317,0.300931453704834
82,15.0,-0.9041583863403908,1.647116449980472,-0.1949058622121811,0.9754431843757628
82,16.0,-0.7758900443048956,1.084503873074459,0.1918512731790542,0.3905173242092132
82,17.0,-1.000150795896801,1.7551025274378171,-0.2391934692859649,0.9682496190071106
82,18.0,-0.8632871800999179,1.0548417080549775,0.2052740156650543,0.3711650371551513
82,19.0,-1.0282373779200973,1.6847348437162564,-0.1982607394456863,0.9642616510391236
82,20.0,-0.8920526466438233,1.1106708377521861,0.160442903637886,0.3645441830158233
82,21.0,-0.9927333309289381,1.6633982603076536,-0.17729452252388,0.948401689529419
82,22.0,-0.8690215823650422,1.2264557717919888,0.1710953116416931,0.3663948476314544
82,23.0,-0.018018861104228574,0.10466003974842251,-0.1299611330032348,0.998416543006897
82,24.0,0.018018861104228574,-0.10466003974842251,0.1297806948423385,0.9962245225906372
82,25.0,0.7785395555930065,0.5526240384959304,-0.0867710188031196,0.8619241714477539
82,26.0,0.7942988606492987,0.38888056721942266,0.1516639739274978,0.2062072604894638
82,27.0,1.568448627303741,0.9526769102237118,-0.0245376396924257,0.91957688331604
82,28.0,1.474523278385493,0.7815411684140181,0.2279916256666183,0.4454430043697357
82,29.0,1.7166308739069345,0.9496227986545799,-0.0237262211740016,0.9547159075737
82,30.0,1.6507053537615433,0.8218654196120185,0.23195780813694,0.654932975769043
82,31.0,1.4414609816792447,1.4396428867354778,-0.1151749342679977,0.9208277463912964
82,32.0,1.3783959606985703,1.307887163320714,0.1562392264604568,0.6668155789375305
83,0.0,-1.356430044956018,-0.1364731312646922,0.0053294883109629,0.9999037384986876
83,1.0,-1.4187700966917551,-0.24426753378040209,-0.0283571220934391,0.9998899698257446
83,2.0,-1.4172908919116813,-0.2589744227036196,-0.028432497754693,0.9998732209205629
83,3.0,-1.4155744852003598,-0.27581791340650796,-0.0284097995609045,0.9999024271965028
83,4.0,-1.418977025380415,-0.2410430642589797,0.0193187110126018,0.9998990893363952
83,5.0,-1.4178295341182021,-0.25389639391452057,0.0193098168820142,0.9998960494995116
83,6.0,-1.4168324245732313,-0.27006181320824024,0.0193702783435583,0.9999439120292664
83,7.0,-1.3522582444531472,-0.4050739528631958,-0.1093093082308769,0.9997971057891846
83,8.0,-1.3568856203383672,-0.4114377330285188,0.0998190492391586,0.9999033808708192
83,9.0,-1.2881189653058407,-0.14689008020177186,-0.0187846291810274,0.9997539520263672
83,10.0,-1.2850712127614718,-0.13963163957462377,0.0427031144499778,0.999724805355072
83,11.0,-0.9848295609949862,-0.25856536474280717,-0.226180151104927,0.999853789806366
83,12.0,-0.8594181002849116,-0.5152243766363529,0.2538862824440002,0.9994438886642456
83,13.0,-0.8500169047800059,0.7377304945369867,-0.2517374157905578,0.9823837280273438
83,14.0,-0.7065969257752829,0.3350774165850735,0.281585156917572,0.3063730597496032
83,15.0,-0.9030606713332175,1.6361465613103414,-0.1963967978954315,0.9769766330718994
83,16.0,-0.7785817741691832,1.0743276032875455,0.1942556798458099,0.3932999670505523
83,17.0,-0.9954987869536258,1.7461531256502285,-0.2399500161409378,0.9698173403739928
83,18.0,-0.8636700141248731,1.0460391040192298,0.2051206678152084,0.3721473813056946
83,19.0,-1.02419252926194,1.6786398566979892,-0.2025631815195083,0.9660000205039978
83,20.0,-0.8925573328989987,1.1036904334818214,0.1597638726234436,0.3651955723762512
83,21.0,-0.9889710882552697,1.6543397956095562,-0.1804773807525634,0.9506975412368774
83,22.0,-0.8694531879547227,1.1939039580199173,0.1729780286550521,0.367444097995758
83,23.0,-0.016652990786120096,0.10474283505052744,-0.1331963688135147,0.998429000377655
83,24.0,0.016652990786120096,-0.10474283505052744,0.1330030858516693,0.9962820410728456
83,25.0,0.7643262765216153,0.5484941779918423,-0.0889373868703842,0.8622116446495056
83,26.0,0.7799610526363268,0.3785648064996295,0.1593821048736572,0.2075076848268509
83,27.0,1.5471691941778898,0.9471871220150717,-0.025833424180746,0.9211688041687012
83,28.0,1.4542652890323085,0.7779299149578642,0.2385672479867935,0.4502278566360473
83,29.0,1.69417113770288,0.9468910349351334,-0.0248105861246585,0.9563992023468018
83,30.0,1.629440299705505,0.8177458743059705,0.24282206594944,0.6625764966011047
83,31.0,1.4227126942908916,1.4308011878499527,-0.1153741106390953,0.9222579002380372
83,32.0,1.3638883382090263,1.3004657719268735,0.1671124398708343,0.6726566553115845
84,0.0,-1.3514127206884972,-0.13920327500821703,0.0055133518762886,0.9999083876609802
84,1.0,-1.4127202532042538,-0.2449704806456286,-0.0283642876893281,0.99989515542984
84,2.0,-1.4114390673955142,-0.2596390216371787,-0.0284409299492836,0.9998792409896852
84,3.0,-1.4098592786416135,-0.27508051803049816,-0.0284181497991085,0.9999067187309264
84,4.0,-1.4129021178691952,-0.2408811552004456,0.0193799026310443,0.9999035000801086
84,5.0,-1.4119630748985015,-0.2536892218926739,0.0193715747445821,0.9999008178710938
84,6.0,-1.4111369788128607,-0.2688085719998762,0.0194307621568441,0.9999462962150574
84,7.0,-1.3478889246385328,-0.40859205277169997,-0.1105871722102165,0.999807357788086
84,8.0,-1.3524328505945344,-0.41347280138220693,0.0989347547292709,0.9999075531959534
84,9.0,-1.2825822651916443,-0.15432091287244068,-0.0187285598367452,0.9997705221176147
84,10.0,-1.2792696865433972,-0.14715664364382688,0.0428181812167167,0.9997411370277404
84,11.0,-0.9829955141360337,-0.2648880247911555,-0.2275376915931701,0.9998608827590942
84,12.0,-0.8561065683268579,-0.5210531500308893,0.2540735602378845,0.999470055103302
84,13.0,-0.8532339138210421,0.7282444569904862,-0.25363889336586,0.9837435483932496
84,14.0,-0.7118877667251039,0.3198977441770063,0.2824924290180206,0.3108996450901031
84,15.0,-0.897331019491978,1.6241616529944178,-0.1982438713312149,0.9784307479858398
84,16.0,-0.7773758016246541,1.057028619923371,0.196827620267868,0.3952774107456207
84,17.0,-0.9828060666807583,1.7392640073511716,-0.2419157922267913,0.9713451266288756
84,18.0,-0.8601042887726856,1.0323461481745324,0.2067043036222458,0.3725970387458801
84,19.0,-1.009683267018956,1.670102599747169,-0.2045365422964096,0.9676984548568726
84,20.0,-0.8877211780776396,1.0926215039318665,0.1614782512187957,0.3655311465263366
84,21.0,-0.9747659851685891,1.646199932372014,-0.1824419051408767,0.9529594779014589
84,22.0,-0.8620974619028494,1.1695486672622522,0.175501212477684,0.3681824803352356
84,23.0,-0.01614535056059503,0.10526074862495488,-0.1340688914060592,0.9984498023986816
84,24.0,0.01614535056059503,-0.10526074862495488,0.1338725090026855,0.9963457584381104
84,25.0,0.7535252353572766,0.5378540450461491,-0.0896912887692451,0.8634231090545654
84,26.0,0.7699356166703453,0.3660108936521769,0.1582022607326507,0.2095470875501632
84,27.0,1.5319852536965963,0.937321065772595,-0.0270785596221685,0.9232364296913148
84,28.0,1.4403247287476124,0.7696139595965078,0.2348124235868454,0.4572281837463379
84,29.0,1.6797239376500777,0.9375434127536736,-0.0261742547154426,0.9580546617507936
84,30.0,1.6151214992796743,0.8084889687888449,0.2387134879827499,0.67062908411026
84,31.0,1.4102699723503382,1.419273679750251,-0.1165247783064842,0.924258828163147
84,32.0,1.3583745783364256,1.2914187842950038,0.1623315662145614,0.6802166700363159
85,0.0,-1.3447231516035623,-0.14061552309559622,0.0082507776096463,0.9999130368232728
85,1.0,-1.4053165708739297,-0.24718654957721134,-0.0262689273804426,0.9999004006385804
85,2.0,-1.4040411961975217,-0.2624330768857098,-0.0263477340340614,0.9998853802680968
85,3.0,-1.4024961934921263,-0.2778817643243432,-0.0263187400996685,0.9999111890792848
85,4.0,-1.4055672616136183,-0.2422399591158746,0.0218618810176849,0.999907910823822
85,5.0,-1.4046878041559259,-0.2550323111578199,0.021858487278223,0.9999054670333862
85,6.0,-1.4039725713581654,-0.2695839434647824,0.0219271574169397,0.9999486804008484
85,7.0,-1.3417130359791383,-0.41229766950139934,-0.1100606843829155,0.9998176097869872
85,8.0,-1.3465922803248338,-0.41182527242622247,0.0998555943369865,0.999911606311798
85,9.0,-1.2750286903059809,-0.15700072342624002,-0.0170702077448368,0.9997860789299012
85,10.0,-1.2717809756370424,-0.1498057713248127,0.0449899472296237,0.9997565150260924
85,11.0,-0.9804450893025896,-0.27535183990059486,-0.226487934589386,0.9998677968978882
85,12.0,-0.8516391277367771,-0.5268123712652062,0.2571562528610229,0.9994937777519226
85,13.0,-0.8576654481461716,0.7204392735938187,-0.2546122670173645,0.9850056171417236
85,14.0,-0.7170115633391339,0.31387576657880584,0.2882226705551147,0.3158557415008545
85,15.0,-0.894635542836195,1.6191677065827685,-0.199160948395729,0.9798200130462646
85,16.0,-0.7763166989127354,1.0514506686489857,0.2045621871948242,0.3987403512001037
85,17.0,-0.979562161023386,1.7337951795998918,-0.242543563246727,0.9728372693061828
85,18.0,-0.8584737233170782,1.0189077590257054,0.2161773741245269,0.3742305934429168
85,19.0,-1.006421326409603,1.6650422243059686,-0.2058999389410019,0.9693583846092224
85,20.0,-0.8849311258904546,1.07222712799915,0.1703615039587021,0.3670592904090881
85,21.0,-0.9716388235374187,1.6413641581723144,-0.1831187605857849,0.9551727175712584
85,22.0,-0.8589675542373776,1.12867924829042,0.1830569952726364,0.3700225949287414
85,23.0,-0.0182104870959822,0.10517051955598183,-0.134453997015953,0.9984753131866456
85,24.0,0.0182104870959822,-0.10517051955598183,0.1342602521181106,0.996419370174408
85,25.0,0.7485558506328323,0.5349103458756397,-0.0900553911924362,0.8641954660415649
85,26.0,0.7662996644645513,0.3637849620799389,0.1573609709739685,0.2123474031686782
85,27.0,1.522891502053456,0.9353384147242695,-0.0277570858597755,0.9250070452690125
85,28.0,1.432869108971546,0.7685166060362233,0.2333447933197021,0.4642432332038879
85,29.0,1.6703432039110964,0.9366239582987899,-0.0268828328698873,0.9595998525619508
85,30.0,1.6077519919571155,0.8069002384554491,0.2372279465198516,0.6782572865486145
85,31.0,1.4021848547133973,1.4155544591751255,-0.1175114214420318,0.9260657429695128
85,32.0,1.3531364229470797,1.288557708990809,0.1603499799966812,0.6874479055404663
86,0.0,-1.3463097132969053,-0.13796460321049114,0.0082729253917932,0.9999169111251832
86,1.0,-1.4064209896532578,-0.24474493465794378,-0.0261665917932987,0.9999046921730042
86,2.0,-1.4049004461364338,-0.2618562736725323,-0.0262448284775018,0.999890387058258
86,3.0,-1.4031343686863322,-0.2781290198688507,-0.0262168515473604,0.9999147653579712
86,4.0,-1.406747190317964,-0.23824017414865942,0.0219105761498212,0.9999114871025084
86,5.0,-1.4057828451328742,-0.2516769120258237,0.021906929090619,0.9999093413352966
86,6.0,-1.4049616773034173,-0.26654810422682934,0.0219740606844425,0.9999505877494812
86,7.0,-1.3434538429275655,-0.40935721988660334,-0.1097595989704132,0.9998258352279664
86,8.0,-1.34858068893685,-0.4058143419163619,0.0999353677034378,0.9999147653579712
86,9.0,-1.2758542690185302,-0.15402556877354112,-0.0169402733445167,0.9997994303703308
86,10.0,-1.2726667145963961,-0.14613070845739462,0.0450347438454628,0.9997694492340088
86,11.0,-0.9838053638554213,-0.26919743364485155,-0.2270626127719879,0.999873161315918
86,12.0,-0.854470760524085,-0.5186736792513267,0.2572780549526214,0.9995131492614746
86,13.0,-0.863979930293362,0.7226987302610636,-0.2548056244850158,0.9861449599266052
86,14.0,-0.7328118038384409,0.318694150119905,0.2882620692253113,0.3200098872184753
86,15.0,-0.8977332303021995,1.6265321688847156,-0.1996903121471405,0.9810384511947632
86,16.0,-0.7819993790783951,1.057651369768258,0.2047645896673202,0.399817019701004
86,17.0,-0.9827465825421476,1.7458545929794953,-0.2432060986757278,0.974097490310669
86,18.0,-0.8618662669650105,1.022430227694776,0.2168926149606704,0.3736571371555328
86,19.0,-1.0097745679874917,1.6800900044308684,-0.2044755816459655,0.9707628488540648
86,20.0,-0.8878789726425794,1.0753656377663978,0.1709589213132858,0.3664579093456268
86,21.0,-0.9748972952736666,1.6555641498966487,-0.182914987206459,0.957054853439331
86,22.0,-0.8618966083790979,1.1300196635178918,0.1832323223352432,0.3699851930141449
86,23.0,-0.018222882706576307,0.10523218821058516,-0.1351367384195327,0.9984723329544068
86,24.0,0.018222882706576307,-0.10523218821058516,0.1349410712718963,0.9964507818222046
86,25.0,0.75127705229851,0.5368533041185413,-0.0895899012684822,0.8651062250137329
86,26.0,0.7699966081127976,0.36565632276758003,0.1585596948862075,0.2141102850437164
86,27.0,1.5211284115535084,0.9382056303680307,-0.0245597288012504,0.926604390144348
86,28.0,1.4317862290506933,0.7720121797209065,0.2360677570104599,0.4707263112068176
86,29.0,1.668074438893065,0.9398874464211786,-0.0233655218034982,0.9609678387641908
86,30.0,1.6073952663103914,0.8101614510334222,0.2400927692651748,0.6853113770484924
86,31.0,1.4006001294916253,1.419347833364765,-0.1147168055176734,0.9276317358016968
86,32.0,1.3529636219621857,1.2924539469979663,0.1620163172483444,0.6939175724983215
87,0.0,-1.345311689737327,-0.13763076903625837,0.0072387680411338,0.9999207258224488
87,1.0,-1.4056592799201864,-0.24294323630652806,-0.0271311402320861,0.9999091029167176
87,2.0,-1.4040873420635434,-0.2612074599110314,-0.0272044856101274,0.9998953938484192
87,3.0,-1.402282271894505,-0.27801198778317165,-0.0271725915372371,0.9999184608459472
87,4.0,-1.405942838970999,-0.23553757037464632,0.0212167128920555,0.9999150633811952
87,5.0,-1.404934365104502,-0.24936545903554772,0.0212100371718406,0.999912977218628
87,6.0,-1.4040485475800017,-0.2644717994994266,0.0212758872658014,0.999952495098114
87,7.0,-1.3434441951638467,-0.4075007874244196,-0.110902190208435,0.9998340010643004
87,8.0,-1.3488087962269693,-0.40337675720860294,0.0999772846698761,0.9999176859855652
87,9.0,-1.2741130328103796,-0.15378462145760735,-0.0180338378995656,0.9998122453689576
87,10.0,-1.2708775607026725,-0.14539989725663902,0.0442854799330234,0.9997822046279908
87,11.0,-0.9833768198368453,-0.269871845443901,-0.2303275316953659,0.9998785257339478
87,12.0,-0.8563589303780671,-0.5145848897436897,0.2572208642959595,0.9995317459106444
87,13.0,-0.8650084558575868,0.7179012359139872,-0.2604185342788696,0.9871559143066406
87,14.0,-0.7371635191672709,0.32766624703414277,0.2889205515384674,0.3271058201789856
87,15.0,-0.8986285957400219,1.625144521270757,-0.2074630707502365,0.9821635484695436
87,16.0,-0.7857617402006528,1.0942537680681692,0.2050500214099884,0.4052587449550628
87,17.0,-0.9831986210003595,1.7441886522663,-0.2533043026924133,0.9752902388572692
87,18.0,-0.86422416173036,1.0544670714565665,0.2172031998634338,0.3774893283843994
87,19.0,-1.0103613368798554,1.6797296385522285,-0.2128672897815704,0.972101867198944
87,20.0,-0.8903416799229896,1.1176473897602284,0.170808732509613,0.3706243634223938
87,21.0,-0.9754026959624623,1.6554373490436327,-0.1900432556867599,0.9588685631752014
87,22.0,-0.8654279478554388,1.2329243754277905,0.1833753287792205,0.3749306499958038
87,23.0,-0.017112325862434143,0.10535180987053282,-0.1368758976459503,0.9984657764434814
87,24.0,0.017112325862434143,-0.10535180987053282,0.1366932243108749,0.9964724779129028
87,25.0,0.7497548565034935,0.5353544939822863,-0.0903083384037017,0.8659977316856384
87,26.0,0.7682714574075176,0.3596516592443447,0.1590375453233719,0.2140499651432037
87,27.0,1.516349685760479,0.9317890483983301,-0.0263371765613555,0.9279446005821228
87,28.0,1.4271842499034635,0.7702972968117784,0.2371038645505905,0.4746264517307281
87,29.0,1.6633587319089944,0.9337113546440037,-0.0252106878906488,0.962190568447113
87,30.0,1.6044076822317606,0.8075782473781397,0.2410777360200882,0.6907069683074951
87,31.0,1.4000741532292726,1.4176630970323552,-0.1165984347462654,0.9289053678512572
87,32.0,1.355820183530208,1.2909341259878935,0.1614862382411956,0.6981789469718933
88,0.0,-1.3439181230626907,-0.13723365724821746,0.0067140632309019,0.9999226927757264
88,1.0,-1.4043105372475917,-0.24134236852146856,-0.0276405047625303,0.9999113082885742
88,2.0,-1.402649191781638,-0.2600644446051297,-0.0277102310210466,0.9998978972434998
88,3.0,-1.4007198579321505,-0.27698232920137594,-0.0276754815131425,0.999920129776001
88,4.0,-1.4045121521177457,-0.23377469292454006,0.0205960907042026,0.9999165534973145
88,5.0,-1.4033970040881967,-0.24783127680470537,0.0205858871340751,0.9999146461486816
88,6.0,-1.4023690359346068,-0.2631296720094294,0.0206482093781232,0.999953269958496
88,7.0,-1.3422055525754124,-0.4046614857381522,-0.1116021052002906,0.9998380541801452
88,8.0,-1.3479655081205117,-0.4019129774086932,0.098917931318283,0.9999186396598816
88,9.0,-1.2722831551180178,-0.15338109805579964,-0.018553327769041,0.9998213052749634
88,10.0,-1.268962045956365,-0.14553478754477753,0.0435942150652408,0.9997904300689696
88,11.0,-0.9830638862025333,-0.2694896051795923,-0.2310395538806915,0.999881386756897
88,12.0,-0.8574482098003047,-0.5131439134402281,0.2564671039581299,0.9995452761650084
88,13.0,-0.8656894761764569,0.7129284320604917,-0.259365826845169,0.9880349040031432
88,14.0,-0.7390348200661735,0.32766760184525856,0.2889512181282043,0.3325723111629486
88,15.0,-0.8997713931555046,1.626238440175071,-0.2050160318613052,0.9830753207206726
88,16.0,-0.7874827395221289,1.0883319133978298,0.2071124613285064,0.4100276827812195
88,17.0,-0.983674327846205,1.7452150617945037,-0.2498875558376312,0.9762046337127686
88,18.0,-0.8658203980836906,1.0564799274539758,0.2194061875343322,0.3808570206165313
88,19.0,-1.0108965939292458,1.681958852563505,-0.2093059718608856,0.973131000995636
88,20.0,-0.8919096299658406,1.1189104526120315,0.1723468899726867,0.3741986751556396
88,21.0,-0.9754580047702228,1.657699850540654,-0.1874443143606186,0.9602754712104796
88,22.0,-0.8663162222212151,1.2163333860426555,0.1851873397827148,0.3790600001811981
88,23.0,-0.0163573295529147,0.1056335377987625,-0.1374416649341583,0.998442769050598
88,24.0,0.0163573295529147,-0.1056335377987625,0.1372611373662948,0.9964688420295716
88,25.0,0.748569487812114,0.5319043170339063,-0.0906602889299392,0.8660964369773865
88,26.0,0.7667768801898293,0.352391887672255,0.1589995920658111,0.2135439962148666
88,27.0,1.5131957688287534,0.9269679858905656,-0.0261311791837215,0.928950309753418
88,28.0,1.423178197032001,0.7661739823735262,0.2372379004955291,0.4770949482917785
88,29.0,1.6603549127504527,0.9297151557990397,-0.0247760415077209,0.9633238911628724
88,30.0,1.6015892275978547,0.8029815328506573,0.2412981986999511,0.695466160774231
88,31.0,1.397787377554609,1.4139563547725817,-0.1150668114423751,0.9299634099006652
88,32.0,1.354329091529724,1.28662457931866,0.1630925983190536,0.7016140222549438
89,0.0,-1.3439648695766018,-0.13703821552524792,0.007008874323219,0.9999255537986756
89,1.0,-1.4049924155579376,-0.24083099664848637,-0.0273179449141025,0.999914526939392
89,2.0,-1.4033483764308896,-0.2599604822543436,-0.0273845437914133,0.9999015927314758
89,3.0,-1.4014161722058975,-0.27699973564933317,-0.0273479167371988,0.9999227523803712
89,4.0,-1.4050341300744404,-0.23290755260290846,0.0207265112549066,0.9999189972877502
89,5.0,-1.403848037172358,-0.2470193603959626,0.0207160636782646,0.999917209148407
89,6.0,-1.4027285048053673,-0.26232621296544334,0.0207806415855884,0.999954640865326
89,7.0,-1.3431546944998802,-0.40137391114114634,-0.1114408820867538,0.9998438358306884
89,8.0,-1.3488239713295895,-0.3995793952691659,0.0988558605313301,0.9999206066131592
89,9.0,-1.2720651199612183,-0.15326753743193366,-0.0183744952082633,0.9998310208320618
89,10.0,-1.2683589221884237,-0.1455735536756737,0.0436189658939838,0.9997996091842652
89,11.0,-0.9831140839881578,-0.2691488809521807,-0.2302636206150055,0.999884307384491
89,12.0,-0.857317108549523,-0.5136748703062555,0.255311369895935,0.9995565414428712
89,13.0,-0.8659888562137684,0.7129452983317579,-0.2538627088069916,0.9888349771499634
89,14.0,-0.7386622673072227,0.3298832682730129,0.2885928452014923,0.3377265632152557
89,15.0,-0.9019490835292052,1.6331716733880741,-0.1927266120910644,0.9839290380477904
89,16.0,-0.7880560304670873,1.1555510555264241,0.2101015448570251,0.4136832952499389
89,17.0,-0.9852488928794342,1.7514409141654166,-0.2354540973901748,0.9770843386650084
89,18.0,-0.8688060780567692,1.0747440082470394,0.2224606722593307,0.3831274807453155
89,19.0,-1.0125395648263837,1.6923770562120393,-0.1952212005853653,0.974120318889618
89,20.0,-0.8948408081229079,1.1337016616503715,0.1754447370767593,0.3767266869544983
89,21.0,-0.9766555806856353,1.6678978817802788,-0.175106018781662,0.9616602659225464
89,22.0,-0.8687356810041016,1.2097139145189977,0.18826624751091,0.3822827041149139
89,23.0,-0.016859606937057504,0.10660793246469025,-0.1373495608568191,0.9984250664711
89,24.0,0.016859606937057504,-0.10660793246469025,0.1371666491031646,0.996481955051422
89,25.0,0.7508448548333996,0.5318207458821061,-0.0900715291500091,0.8660798668861389
89,26.0,0.7690418839769328,0.35054882243984575,0.1588753014802932,0.2129780501127243
89,27.0,1.5152827959247126,0.9267445575211347,-0.0237702056765556,0.92953759431839
89,28.0,1.4260648841762622,0.7657747543267449,0.2353178411722183,0.4792977273464203
89,29.0,1.6624542896194152,0.9286214062782417,-0.0219866000115871,0.9641627073287964
89,30.0,1.6033731368883934,0.8019512881569528,0.2391912788152694,0.6993811726570129
89,31.0,1.399948308401832,1.4134463951769067,-0.1114272698760032,0.9306920766830444
89,32.0,1.3582727660457719,1.2868096486688196,0.1611251831054687,0.7045191526412964
90,0.0,-1.345221359771572,-0.13229822104836506,0.0074605890549719,0.9999279975891112
90,1.0,-1.4065250544006123,-0.2352570105663803,-0.0267984736710786,0.9999173283576964
90,2.0,-1.404898671428846,-0.254154821857848,-0.0268610808998346,0.9999046921730042
90,3.0,-1.4029802812826055,-0.27147907620911327,-0.0268240068107843,0.9999250769615172
90,4.0,-1.4065701944275835,-0.22825713438394485,0.0210905652493238,0.9999209642410278
90,5.0,-1.405400030728409,-0.24260507495685865,0.021080469712615,0.9999193549156188
90,6.0,-1.4042912940659376,-0.2584214084071392,0.0211455300450325,0.9999557733535768
90,7.0,-1.3446444214268507,-0.3956052443746657,-0.1110767349600792,0.999848484992981
90,8.0,-1.3502369047683673,-0.3949603519893419,0.0989546701312065,0.9999220371246338
90,9.0,-1.2732552247717097,-0.14822215856293913,-0.0179648175835609,0.9998395442962646
90,10.0,-1.2694721245113023,-0.14170027866610713,0.0438268631696701,0.999807357788086
90,11.0,-0.9840567359752238,-0.2661093650007036,-0.2295710295438766,0.9998867511749268
90,12.0,-0.8580958087134003,-0.5126550423120775,0.2544826567173004,0.999565064907074
90,13.0,-0.8654793751250912,0.7154910215068478,-0.2488969266414642,0.9894955158233644
90,14.0,-0.7377549368095672,0.3327428768143165,0.2871590256690979,0.3417143523693084
90,15.0,-0.9035939058985744,1.640919402451551,-0.1885210424661636,0.9846514463424684
90,16.0,-0.7908664485437672,1.1472578194880905,0.2100899666547775,0.4167485535144806
90,17.0,-0.98619722725417,1.7592497131540703,-0.2318469732999801,0.977813720703125
90,18.0,-0.8720074770256409,1.0902701214378643,0.2222156822681427,0.3852262198925018
90,19.0,-1.0134814455565273,1.70187795887437,-0.1919249445199966,0.9749430418014526
90,20.0,-0.8976260283327595,1.1454890624312557,0.1751416325569152,0.3791182041168213
90,21.0,-0.9775474220858997,1.6775496803381917,-0.1711466908454895,0.96281898021698
90,22.0,-0.8710862544752092,1.2096423127629092,0.1881849616765976,0.3854231238365173
90,23.0,-0.01683527805910129,0.10689951387260335,-0.1371892839670181,0.998392939567566
90,24.0,0.01683527805910129,-0.10689951387260335,0.1370100229978561,0.996460735797882
90,25.0,0.7529815219074723,0.5334405607314526,-0.0902899801731109,0.8650403022766113
90,26.0,0.771186616785041,0.3512441878688748,0.1558964997529983,0.2103734463453292
90,27.0,1.5188076994896436,0.9292812652468061,-0.0247098971158266,0.9294405579566956
90,28.0,1.4299628544047291,0.7678622367987195,0.2321236580610275,0.4789450168609619
90,29.0,1.6652802550071921,0.9305007779754666,-0.0231138709932565,0.9646692872047424
90,30.0,1.6070732882284517,0.8030926858489602,0.2360739856958389,0.7016391158103943
90,31.0,1.4035012825939044,1.4168343045604035,-0.1125057712197303,0.9306760430336
90,32.0,1.361684537608343,1.289819052668619,0.1553090661764145,0.7054415941238403
91,0.0,-1.3453504135857757,-0.13066783453479489,0.0075049698352813,0.9999305605888368
91,1.0,-1.4070350987081883,-0.23332228423472462,-0.0267135687172412,0.999920129776001
91,2.0,-1.4054236709558734,-0.2521636872625505,-0.0267736501991748,0.9999077916145324
91,3.0,-1.4034817158365938,-0.2697349958422172,-0.0267356596887111,0.9999273419380188
91,4.0,-1.4070485298165611,-0.2269173549545248,0.0211254563182592,0.9999232292175292
91,5.0,-1.4058762993080482,-0.2414476163965398,0.0211157016456127,0.99992173910141
91,6.0,-1.4047211018869725,-0.2575749587251076,0.0211799908429384,0.9999570846557616
91,7.0,-1.3450054783025562,-0.39339521063381366,-0.110764093697071,0.999853014945984
91,8.0,-1.350396847304524,-0.39419594889482384,0.0989503860473632,0.9999238848686218
91,9.0,-1.2733666324618464,-0.14622227904075522,-0.0178798474371433,0.9998475909233092
91,10.0,-1.2693674588932482,-0.14033066230238014,0.0438822880387306,0.9998152256011964
91,11.0,-0.9843493269342084,-0.2653056605027226,-0.2276094853878021,0.9998881220817566
91,12.0,-0.8580450153078797,-0.5128865314873692,0.2528264820575714,0.9995749592781068
91,13.0,-0.8649102653023226,0.7166973738996814,-0.2448704242706298,0.9900245666503906
91,14.0,-0.7382746937031183,0.33812937430391476,0.2835539281368255,0.3469061553478241
91,15.0,-0.9038549850401247,1.6425073370904986,-0.1872449070215225,0.9851869344711304
91,16.0,-0.7929828948335607,1.1455529084563458,0.2074653059244156,0.420965701341629
91,17.0,-0.9862880463773798,1.7602422352718015,-0.2309779971837997,0.9783049821853638
91,18.0,-0.8748684553531323,1.1031150016326579,0.2190959155559539,0.3883776366710663
91,19.0,-1.0136978860423498,1.7030110614839553,-0.1909723281860351,0.9754946827888488
91,20.0,-0.8997298032547894,1.1557852152189527,0.1709237247705459,0.3825246691703796
91,21.0,-0.9777139930949164,1.6790353120280297,-0.1700221896171569,0.9636124968528748
91,22.0,-0.8727145939740195,1.2125409277703894,0.1852058470249176,0.3895849287509918
91,23.0,-0.0168324755181582,0.10715533621675769,-0.1369355171918869,0.9983595013618468
91,24.0,0.0168324755181582,-0.10715533621675769,0.1367614865303039,0.9964464902877808
91,25.0,0.7545509992336425,0.5335480939017272,-0.0903515070676803,0.8650158643722534
91,26.0,0.7727867813748246,0.35141469410072396,0.1527586877346038,0.2087206393480301
91,27.0,1.520828210783942,0.9288815355747714,-0.02537377551198,0.929638922214508
91,28.0,1.4328085409693678,0.768453783712661,0.2284748554229736,0.4793640673160553
91,29.0,1.66699407916953,0.9295140186781615,-0.0238807555288076,0.9651162028312684
91,30.0,1.6090876869334703,0.8029004252562948,0.2324139773845672,0.7039634585380554
91,31.0,1.4067028619274309,1.417475953953534,-0.1132562458515167,0.9307982921600342
91,32.0,1.3646019538229235,1.2904440425563362,0.1498896330595016,0.7067726850509644
92,0.0,-1.3449671002129517,-0.13111376625230145,0.0077582239173352,0.9999332427978516
92,1.0,-1.4067219598249314,-0.23418941009750782,-0.0262179132550954,0.9999229907989502
92,2.0,-1.4051144821589265,-0.2532092958577513,-0.0262733921408653,0.9999109506607056
92,3.0,-1.4031548612655182,-0.27095101403670047,-0.02623369731009,0.9999297261238098
92,4.0,-1.406732338526155,-0.2280239731611418,0.0212863460183143,0.99992573261261
92,5.0,-1.405565894610975,-0.24272241193655808,0.021276157349348,0.99992436170578
92,6.0,-1.4044006717194684,-0.2589510375794544,0.0213395822793245,0.9999585747718812
92,7.0,-1.3445966416304482,-0.3932599785802572,-0.1089983433485031,0.999857485294342
92,8.0,-1.3499111471688359,-0.3956724771541218,0.0990028083324432,0.9999260306358336
92,9.0,-1.2730292694720835,-0.14648181441019942,-0.0173345040529966,0.9998552203178406
92,10.0,-1.2689494630722185,-0.14088854916717936,0.0439689047634601,0.9998232126235962
92,11.0,-0.984098559742492,-0.26608718833615774,-0.2230434119701385,0.9998880624771118
92,12.0,-0.8578618062464058,-0.5131316577693797,0.2506320774555206,0.9995849132537842
92,13.0,-0.8639941534412235,0.7160546809697426,-0.2393258064985275,0.9904575347900392
92,14.0,-0.738872072456566,0.34290447388058803,0.2804642915725708,0.3524256944656372
92,15.0,-0.9038547154634551,1.6416804927343016,-0.1848623752593994,0.9855774641036988
92,16.0,-0.795220361345185,1.1409518713367504,0.2051901370286941,0.4253420233726501
92,17.0,-0.9859160534803187,1.7593222163887294,-0.2283396124839782,0.9786263704299928
92,18.0,-0.8772129557292376,1.1059558676292656,0.216136023402214,0.3917331993579864
92,19.0,-1.0133921386905569,1.701804186821012,-0.1887425482273101,0.9758606553077698
92,20.0,-0.90143672228306,1.157309192874821,0.1677398979663849,0.3861206769943237
92,21.0,-0.9773896451691048,1.6777671147868491,-0.1679446399211883,0.9641708135604858
92,22.0,-0.8742258434146803,1.210618109635662,0.182849645614624,0.393861323595047
92,23.0,-0.016695300890862262,0.10713628017339961,-0.1359643340110778,0.9983201026916504
92,24.0,0.016695300890862262,-0.10713628017339961,0.1358016282320022,0.9964256286621094
92,25.0,0.7551293921557867,0.533050583260333,-0.0905347764492034,0.8656584024429321
92,26.0,0.7731624465832043,0.35107141282235893,0.1465260088443756,0.2079717516899109
92,27.0,1.5212309030405677,0.9270610029902497,-0.0269138123840093,0.9301589727401732
92,28.0,1.4337855832383015,0.7677171694093979,0.2188122421503067,0.4802363216876983
92,29.0,1.666118548942802,0.9276778641500414,-0.0256145764142274,0.965627372264862
92,30.0,1.6090918593012524,0.8019729885660797,0.2222707867622375,0.7061518430709839
92,31.0,1.4075230734570354,1.416736185482159,-0.1162202209234237,0.931197226047516
92,32.0,1.3655181496596145,1.2896916027237648,0.138907328248024,0.7082987427711487
93,0.0,-1.3442885372924336,-0.13188821131771897,0.008515846915543,0.999935746192932
93,1.0,-1.4060790171047475,-0.23561275666191484,-0.0252007860690355,0.99992573261261
93,2.0,-1.4044630670557279,-0.25477805975528783,-0.0252527426928281,0.999914050102234
93,3.0,-1.4024529724267012,-0.27258165039848387,-0.025212962180376,0.999932050704956
93,4.0,-1.406077918358822,-0.22959284981968547,0.0219686869531869,0.9999281167984008
93,5.0,-1.4049101956059133,-0.24443007063013986,0.0219587050378322,0.9999268651008606
93,6.0,-1.4037117079670944,-0.260699323629995,0.0220205653458833,0.9999599456787108
93,7.0,-1.3437591859221658,-0.39373010862721963,-0.1071875616908073,0.9998619556427002
93,8.0,-1.348969439100277,-0.39738502590652736,0.0991966947913169,0.9999281167984008
93,9.0,-1.2723974693125015,-0.1469202764056059,-0.0162933114916086,0.9998623728752136
93,10.0,-1.2682244322879408,-0.1415117606294054,0.0445296950638294,0.9998306035995485
93,11.0,-0.9838102649362516,-0.2671824129212087,-0.2202362269163131,0.9998886585235596
93,12.0,-0.8574227419695835,-0.5137535731112559,0.2501526176929474,0.9995940923690796
93,13.0,-0.863173700225858,0.7154582980189251,-0.2367423623800277,0.9908653497695924
93,14.0,-0.7388949148557391,0.3453349897640715,0.2803087532520294,0.3573247194290161
93,15.0,-0.9037718738368095,1.6405794156001037,-0.183340311050415,0.9859763979911804
93,16.0,-0.7961558145907093,1.1371591816683249,0.2051718384027481,0.4294931590557098
93,17.0,-0.9856009766288456,1.7580583066038615,-0.2266791760921478,0.9789878726005554
93,18.0,-0.8784128178792374,1.1056417768819264,0.2159535884857177,0.3949527442455292
93,19.0,-1.0129587735075491,1.7006378445439505,-0.187295988202095,0.9762697219848632
93,20.0,-0.9022476690725584,1.156254165022474,0.1676001101732254,0.3895466327667236
93,21.0,-0.976982535673113,1.6765128023434508,-0.1665253043174743,0.9647821187973022
93,22.0,-0.8748692401870338,1.208329594404094,0.1828441619873047,0.3978778719902038
93,23.0,-0.016535882011078598,0.10708853911904136,-0.1354005187749862,0.9982911944389344
93,24.0,0.016535882011078598,-0.10708853911904136,0.1352464258670807,0.9964138865470886
93,25.0,0.7555184523750863,0.532592060333271,-0.0910059660673141,0.8659913539886475
93,26.0,0.7734775766081626,0.35075595799409287,0.1433796137571334,0.2069650143384933
93,27.0,1.5212742867854998,0.9258825485074614,-0.0291262492537498,0.9304777979850768
93,28.0,1.434774170898949,0.7670522325194712,0.2140724211931228,0.4804543256759643
93,29.0,1.66536236244414,0.9262141256111625,-0.0280069112777709,0.966038167476654
93,30.0,1.6090438204644968,0.8010757546787612,0.2173393070697784,0.7078021168708801
93,31.0,1.407940109578005,1.4160045384215896,-0.119386039674282,0.9314400553703308
93,32.0,1.3661958218840116,1.2890332151199084,0.1340230405330658,0.709233820438385
94,0.0,-1.3430711070872716,-0.13162866070905885,0.0086040711030364,0.9999381303787231
94,1.0,-1.4052403556090651,-0.2353897755964429,-0.0250066015869379,0.99992835521698
94,2.0,-1.4037521446369818,-0.2544205077382461,-0.0250572469085454,0.999916970729828
94,3.0,-1.4017717511350472,-0.2722787951439284,-0.0250170268118381,0.9999342560768129
94,4.0,-1.40509544876746,-0.22947747875523297,0.0220447909086942,0.9999303221702576
94,5.0,-1.4040035485421178,-0.24425541187607747,0.0220342352986335,0.9999291896820068
94,6.0,-1.4028254247768064,-0.2604380803463869,0.0220964029431343,0.999961256980896
94,7.0,-1.3438156094947085,-0.39368312710571246,-0.1066485568881034,0.9998663067817688
94,8.0,-1.3489843809657618,-0.3972571294763212,0.0992366597056388,0.9999300241470336
94,9.0,-1.2716731308066265,-0.14692637766291697,-0.0161027833819389,0.9998689889907836
94,10.0,-1.2674005467807454,-0.14140489573374737,0.0445661172270774,0.9998375177383424
94,11.0,-0.98380827058155,-0.2673926317061443,-0.219326451420784,0.9998892545700072
94,12.0,-0.8571697056509459,-0.5141443738328793,0.2492458969354629,0.9996016025543212
94,13.0,-0.8628646116973334,0.7151671073610969,-0.2367622703313827,0.9912331700325012
94,14.0,-0.7413363181306365,0.35580229258926466,0.2791065871715545,0.3618896901607513
94,15.0,-0.9042411634723218,1.6407423683630595,-0.1841810494661331,0.9862909317016602
94,16.0,-0.7976473732506055,1.1416983499534579,0.2046483010053634,0.4321408569812774
94,17.0,-0.9857795654238133,1.757896466026745,-0.2274615168571472,0.979238212108612
94,18.0,-0.880590632681222,1.1175393933877258,0.2152099758386612,0.3967768549919128
94,19.0,-1.013030600721745,1.7008130629368563,-0.1881648153066635,0.9765543937683104
94,20.0,-0.9035855714573744,1.1681162167107833,0.1669738441705703,0.3916303217411041
94,21.0,-0.9770413103795719,1.6768214240053414,-0.1673946529626846,0.9652185440063475
94,22.0,-0.8760085720968696,1.2161825427426218,0.1823257803916931,0.4005579948425293
94,23.0,-0.016577757920450166,0.10736858078483617,-0.1351267546415329,0.998259425163269
94,24.0,0.016577757920450166,-0.10736858078483617,0.1349771320819854,0.9963950514793396
94,25.0,0.7567599507639676,0.5320202479096033,-0.0918431803584098,0.865941047668457
94,26.0,0.7744726596149148,0.35019702971332645,0.141938254237175,0.2057831436395645
94,27.0,1.5222110145234118,0.9249646127018997,-0.0304861404001712,0.9305482506752014
94,28.0,1.4364684211556464,0.7664168651108239,0.2124171257019043,0.4803434014320373
94,29.0,1.6657790707953022,0.924949224364738,-0.0293842181563377,0.9663188457489014
94,30.0,1.6099313756054205,0.8002736494595165,0.2156294882297516,0.7088378071784973
94,31.0,1.4090097654356943,1.4156078203178741,-0.1212844625115394,0.9315498471260072
94,32.0,1.3675535851223777,1.2886774876295,0.1316466629505157,0.7096160054206848
95,0.0,-1.341631420310874,-0.13178513789760468,0.0091294208541512,0.9999409914016724
95,1.0,-1.4040411001673427,-0.23424621063031978,-0.0243446249514818,0.999931573867798
95,2.0,-1.4025611592671767,-0.25323614992374155,-0.0243930760771036,0.9999206066131592
95,3.0,-1.4005412985113994,-0.27208321774117883,-0.0243524834513664,0.9999370574951172
95,4.0,-1.403900426714066,-0.22895459307449684,0.0227403156459331,0.9999331831932068
95,5.0,-1.4028179615868315,-0.2437516819410774,0.0227290745824575,0.9999321103096008
95,6.0,-1.4016092322662905,-0.26055678666328985,0.0227918233722448,0.9999628663063048
95,7.0,-1.3431050724238494,-0.3935670779955549,-0.105880469083786,0.9998718500137328
95,8.0,-1.3482102243866565,-0.3970282310855594,0.1000444367527961,0.999932587146759
95,9.0,-1.2703894746539917,-0.14886011096334342,-0.0155439907684922,0.9998761415481568
95,10.0,-1.2660874557660136,-0.14317431466865038,0.0451104044914245,0.9998453855514526
95,11.0,-0.9832849697300721,-0.2687961968945539,-0.2185883373022079,0.9998904466629028
95,12.0,-0.8567132974698031,-0.5150445884065539,0.2492108643054962,0.999610722064972
95,13.0,-0.8619803704387261,0.7137687982864542,-0.2360786944627761,0.9915756583213806
95,14.0,-0.7407043454425771,0.36257288191011816,0.2794614732265472,0.3660532832145691
95,15.0,-0.9036822341435251,1.6380752016063937,-0.1824698448181152,0.9865899682044984
95,16.0,-0.7979197313042143,1.151493053463407,0.2048810124397277,0.4344619512557983
95,17.0,-0.9849540016392655,1.755252036365513,-0.2254570126533508,0.9794824719429016
95,18.0,-0.8825163744820967,1.1568804071193768,0.2152804434299469,0.3983053267002105
95,19.0,-1.0119705092984461,1.698241188728042,-0.1867636740207672,0.976835310459137
95,20.0,-0.9035187256765653,1.1892853674458812,0.1670276373624801,0.3934337794780731
95,21.0,-0.976160323348605,1.6742211965809843,-0.1658544093370437,0.9656499028205872
95,22.0,-0.8757872500755987,1.2315660437969764,0.182484284043312,0.4029370844364166
95,23.0,-0.016817682296594003,0.10736828053947889,-0.1348337084054947,0.9982372522354126
95,24.0,0.016817682296594003,-0.10736828053947889,0.1346908509731292,0.9963912963867188
95,25.0,0.7570572680489172,0.5302280408201557,-0.0935401394963264,0.8650922179222107
95,26.0,0.7747559911140823,0.3482068497189439,0.1391679346561432,0.2042060941457748
95,27.0,1.522420741796931,0.9225836419667856,-0.0346689894795417,0.9301737546920776
95,28.0,1.4374034214953164,0.7640112013334386,0.2078824043273925,0.4791782200336456
95,29.0,1.6645898274140387,0.9223899717437843,-0.033815648406744,0.9664199352264404
95,30.0,1.6100046199466151,0.7973344467021681,0.2108192443847656,0.7091925740242004
95,31.0,1.4092191532166143,1.4132089307677609,-0.1265215128660202,0.9313225746154784
95,32.0,1.3678675077965363,1.2863148818437324,0.1264039576053619,0.7091253995895386
96,0.0,-1.3414026556961884,-0.13155571993479692,0.0091040395200252,0.9999433755874634
96,1.0,-1.4039234864998893,-0.23467181492910483,-0.0243289358913898,0.9999343156814576
96,2.0,-1.402418983507997,-0.25366592096424573,-0.0243770964443683,0.9999237060546876
96,3.0,-1.4003564588909867,-0.27313238232184106,-0.0243365950882434,0.9999394416809082
96,4.0,-1.4038129079723598,-0.22983395855517602,0.0227548219263553,0.9999355673789978
96,5.0,-1.4027512686249561,-0.2447334229248829,0.0227436609566211,0.9999346137046814
96,6.0,-1.4015501696658037,-0.26198098660693586,0.0228060614317655,0.9999642372131348
96,7.0,-1.3428540370321167,-0.3946967125417318,-0.1053075343370437,0.9998764395713806
96,8.0,-1.3479415041297005,-0.3983146026097347,0.1001220121979713,0.9999346137046814
96,9.0,-1.270150273255167,-0.15049487253273394,-0.0155245848000049,0.9998821020126344
96,10.0,-1.2658530365845748,-0.14480462728839863,0.0451120026409626,0.9998517036437988
96,11.0,-0.9826705254293938,-0.2702313293124748,-0.217606633901596,0.9998903274536132
96,12.0,-0.8564905949593767,-0.5155716824215869,0.2484209835529327,0.9996141791343688
96,13.0,-0.8587733607408252,0.7130639556385522,-0.2342241555452346,0.9918652772903442
96,14.0,-0.7396233181954242,0.3670123920659222,0.2779040336608886,0.3671320378780365
96,15.0,-0.9033856601316598,1.6350773655573267,-0.179254949092865,0.9868401885032654
96,16.0,-0.7980476144930757,1.159382095308346,0.202612429857254,0.4337096214294433
96,17.0,-0.9843773791889455,1.7532147994331848,-0.2221085429191589,0.9796798229217528
96,18.0,-0.88234081393882,1.1587590454492036,0.2121687233448028,0.3974042236804962
96,19.0,-1.0113120126625452,1.6964671935639974,-0.1836351454257965,0.977066457271576
96,20.0,-0.9034697999499562,1.2018085912047098,0.163887932896614,0.3927542567253113
96,21.0,-0.9757343025855231,1.672232483519598,-0.1627414375543594,0.9660143852233888
96,22.0,-0.8756458977436489,1.2429902085702824,0.1801102310419082,0.4028139412403106
96,23.0,-0.016926147133785083,0.10681372860563139,-0.1343691647052765,0.9982097148895264
96,24.0,0.016926147133785083,-0.10681372860563139,0.1342335790395736,0.996365487575531
96,25.0,0.757448137205616,0.5285286038455121,-0.0947993695735931,0.8640393614768982
96,26.0,0.7750813518980907,0.346394106664534,0.137370303273201,0.2019022405147552
96,27.0,1.5230489221172976,0.9205805906327461,-0.0374225340783596,0.929820954799652
96,28.0,1.4393648509932704,0.7620533573620485,0.2053522765636444,0.4777300357818603
96,29.0,1.6648109607658426,0.920195183859823,-0.0367051400244236,0.9665331840515136
96,30.0,1.6101901750351937,0.794749919785847,0.2081883400678634,0.7093086242675781
96,31.0,1.408946291719696,1.410880286353024,-0.1300882846117019,0.9310650825500488
96,32.0,1.3682651169889266,1.2841517984609627,0.123465858399868,0.7086224555969238
97,0.0,-1.34369956004064,-0.13217105306014898,0.0089418785646557,0.9999456405639648
97,1.0,-1.4063336857706417,-0.2364196707562372,-0.0243359375745058,0.9999369382858276
97,2.0,-1.4048260902257563,-0.25527121874668707,-0.0243844594806432,0.9999268054962158
97,3.0,-1.4027275876665224,-0.2753160760595729,-0.0243449937552213,0.9999418258666992
97,4.0,-1.406296631791886,-0.23193748452074564,0.0227275975048542,0.9999378323554992
97,5.0,-1.405308403401375,-0.2467424445342115,0.0227171182632446,0.9999369382858276
97,6.0,-1.4041962948772682,-0.2643275535675853,0.0227804444730281,0.999965488910675
97,7.0,-1.3446485332259346,-0.3962720025926378,-0.105014219880104,0.9998810887336732
97,8.0,-1.3501385143093658,-0.39962067949120966,0.1001554876565933,0.9999364018440248
97,9.0,-1.271941167195355,-0.15087511887772959,-0.0155578972771763,0.9998876452445984
97,10.0,-1.2677370692360699,-0.14404153362073763,0.0450097136199474,0.9998571872711182
97,11.0,-0.9827355967492639,-0.269407984238961,-0.2170565128326416,0.9998908638954164
97,12.0,-0.8567669884036707,-0.5155953528339906,0.2481381744146347,0.9996129274368286
97,13.0,-0.8570384730004946,0.7140838560899242,-0.2325031161308288,0.99213969707489
97,14.0,-0.7297125639611408,0.37060741412549597,0.2780341804027557,0.3662158846855163
97,15.0,-0.9044788165208132,1.633639361801745,-0.1741600632667541,0.9871060252189636
97,16.0,-0.7988651938383515,1.1712401928118175,0.2027053982019424,0.4309127330780029
97,17.0,-0.9854859069215932,1.7523030778470323,-0.2163359373807907,0.9799222946166992
97,18.0,-0.8832662085705075,1.1636948776658547,0.212342232465744,0.3946829736232757
97,19.0,-1.0124526431306182,1.6954992061241831,-0.1783187836408615,0.9773458242416382
97,20.0,-0.9044165707281182,1.211843282364376,0.1641459763050079,0.3902652859687805
97,21.0,-0.976851840710079,1.6712583220157011,-0.1576931923627853,0.9664376378059388
97,22.0,-0.8765247079537897,1.2537952345759296,0.1802397072315216,0.4008914828300476
97,23.0,-0.0170165811547096,0.10680142893874583,-0.1337686628103256,0.9981898069381714
97,24.0,0.0170165811547096,-0.10680142893874583,0.1336465179920196,0.99633526802063
97,25.0,0.7587582362719707,0.5267017632319865,-0.0958983078598976,0.8627716302871704
97,26.0,0.7763988651282986,0.343824847197019,0.1348353028297424,0.1993607878684997
97,27.0,1.5255955851066323,0.9184987947203093,-0.0407375730574131,0.9293658137321472
97,28.0,1.4428407208960292,0.7597661534102693,0.199991688132286,0.4762017428874969
97,29.0,1.6672132015230243,0.9181223849955237,-0.0402257516980171,0.9665157198905944
97,30.0,1.6125119902316134,0.7916751321850796,0.2025214284658432,0.7090867161750793
97,31.0,1.4107531981971817,1.4094217007691545,-0.1341162174940109,0.9306429624557496
97,32.0,1.3709652961772483,1.2827374492431047,0.1177614852786064,0.7079553604125977
98,0.0,-1.3452825629800191,-0.1321238957278035,0.0088134603574872,0.9999476671218872
98,1.0,-1.4080526489235117,-0.23730922280104366,-0.0243434030562639,0.9999393224716188
98,2.0,-1.4065534432603286,-0.2560494160149425,-0.024392208084464,0.9999296069145204
98,3.0,-1.404441627345752,-0.27656769701685946,-0.024353589862585,0.9999439716339112
98,4.0,-1.4080627489126685,-0.23307310371256915,0.0226979814469814,0.9999398589134216
98,5.0,-1.407130611731591,-0.2477826054962346,0.0226879082620143,0.9999390244483948
98,6.0,-1.406086028004569,-0.2656474663165552,0.0227519311010837,0.9999666213989258
98,7.0,-1.3460319209633886,-0.39728252256917607,-0.1048059314489364,0.999885320663452
98,8.0,-1.3518126650602234,-0.40030492902129616,0.1001666262745857,0.9999380111694336
98,9.0,-1.27324478819842,-0.150880493772575,-0.0155885815620422,0.9998927116394044
98,10.0,-1.2691030580995188,-0.14321649957638163,0.0449142307043075,0.9998621940612792
98,11.0,-0.9827312710022503,-0.2690550190218497,-0.2166036069393158,0.9998912215232848
98,12.0,-0.8569609417866036,-0.5155038138288489,0.2477331012487411,0.999611794948578
98,13.0,-0.8559263356246275,0.7148185913600479,-0.2315137833356857,0.992376983165741
98,14.0,-0.7250925451784364,0.37356260621664944,0.2779174447059631,0.3656751811504364
98,15.0,-0.9054003673578896,1.632547189118737,-0.1727299690246582,0.9873308539390564
98,16.0,-0.7995195489101152,1.1800823657931705,0.2028291225433349,0.4285295009613037
98,17.0,-0.9863820804160821,1.7516029231189174,-0.2148115485906601,0.9801233410835266
98,18.0,-0.884532932791429,1.188622916624052,0.2124860286712646,0.3923712074756622
98,19.0,-1.0133800247644755,1.694856409496408,-0.1768901795148849,0.9775777459144592
98,20.0,-0.905176576083,1.2195940130705136,0.1643795073032379,0.388185441493988
98,21.0,-0.9777467733232942,1.6705992961448588,-0.1562882363796234,0.9667975306510924
98,22.0,-0.8772609405986255,1.2621385952735213,0.1803959310054779,0.3993553221225738
98,23.0,-0.01705098533045939,0.10676937264533923,-0.1332820504903793,0.9981687664985656
98,24.0,0.01705098533045939,-0.10676937264533923,0.1331692188978195,0.9963034391403198
98,25.0,0.7597579115981307,0.5252458348849857,-0.0966559201478958,0.8616105914115906
98,26.0,0.7774156308226563,0.34195637348237196,0.133360207080841,0.1969125270843505
98,27.0,1.5275299503498856,0.9170105803477331,-0.0422998555004596,0.9288837909698486
98,28.0,1.4454587851279939,0.7581506054449435,0.1976832300424575,0.4745092093944549
98,29.0,1.668927350061068,0.9165044790729006,-0.0418345890939235,0.9664788246154784
98,30.0,1.6143063638535666,0.7894843221081574,0.2001419514417648,0.708651602268219
98,31.0,1.4121332281789731,1.4084378563887416,-0.1357815116643905,0.9301971197128296
98,32.0,1.373023621682121,1.2817626905687678,0.1152188777923584,0.7070764303207397
99,0.0,-1.3459464830683268,-0.1098349842034008,0.008828398771584,0.9999480843544006
99,1.0,-1.4093633226050615,-0.21694349413940173,-0.0243284273892641,0.9999399781227112
99,2.0,-1.4078471767080074,-0.23279497460522625,-0.0243776552379131,0.9999303817749025
99,3.0,-1.4057566262506587,-0.25041266475799506,-0.0243397261947393,0.999944508075714
99,4.0,-1.409392150169753,-0.21557964365326152,0.0227285847067832,0.9999401569366456
99,5.0,-1.408427408116484,-0.2303062357436673,0.0227189324796199,0.9999393820762634
99,6.0,-1.4073737299593783,-0.24838320420369545,0.0227827075868845,0.99996680021286
99,7.0,-1.347530404410029,-0.37835135958781896,-0.1049291938543319,0.9998862147331238
99,8.0,-1.3535080146222187,-0.3852434782884217,0.1001594439148902,0.9999379515647888
99,9.0,-1.27366719145193,-0.13780042070514165,-0.0155830178409814,0.9998944401741028
99,10.0,-1.2693522570347704,-0.13330160322639495,0.0449220314621925,0.9998635053634644
99,11.0,-0.9832968232804236,-0.26364930110054524,-0.2165750861167907,0.9998896718025208
99,12.0,-0.8575105048339254,-0.5182895588882084,0.2473318576812744,0.9996098279953004
99,13.0,-0.8460884103506111,0.7173929612800066,-0.231732428073883,0.9924930334091188
99,14.0,-0.7088041870591841,0.3634432151750991,0.278058648109436,0.3623030483722687
99,15.0,-0.9064199644423995,1.630755707334574,-0.1720800697803497,0.9874441623687744
99,16.0,-0.7952638190827,1.1137300224847444,0.202943354845047,0.4249076247215271
99,17.0,-0.9877163956238899,1.7500341110490423,-0.2132725268602371,0.9802292585372924
99,18.0,-0.8816757322863645,1.1398961282677675,0.2125424295663833,0.3891610503196716
99,19.0,-1.0147463469837612,1.6927680924536233,-0.17623370885849,0.9777129888534546
99,20.0,-0.9013356407241899,1.1521523820698218,0.1644088327884674,0.3848955631256103
99,21.0,-0.9789129480489794,1.668472466272387,-0.1558564305305481,0.9669503569602966
99,22.0,-0.8752693887184398,1.2270471311619333,0.1804539114236831,0.3959631621837616
99,23.0,-0.01751268421499801,0.10733324227010856,-0.1325759142637252,0.9981589913368224
99,24.0,0.01751268421499801,-0.10733324227010856,0.1324802041053772,0.9962818026542664
99,25.0,0.7610467264984655,0.5232966001989464,-0.0966463461518287,0.860336184501648
99,26.0,0.7792932255729788,0.3377857012355315,0.1326395273208618,0.1962538510560989
99,27.0,1.5314193541804462,0.9138028877656903,-0.0422960557043552,0.9287897944450378
99,28.0,1.4495529959114755,0.754211772245294,0.1962934285402298,0.4743868112564087
99,29.0,1.6726911043564279,0.9132098986264565,-0.0417780876159668,0.9667115211486816
99,30.0,1.6182406188027332,0.7851026545460519,0.1986600756645202,0.7087656855583191
99,31.0,1.4148436266586963,1.4054554088672517,-0.1349312514066696,0.930372714996338
99,32.0,1.376680101803405,1.2787723691531079,0.1163607612252235,0.7076929211616516
100,0.0,-1.3427214431203693,-0.06814024600809952,0.0052067372016608,0.9999489188194276
100,1.0,-1.40623572107423,-0.17584008485868174,-0.0280407574027776,0.9999409317970276
100,2.0,-1.4047271200500526,-0.1942258420391046,-0.0280935280025005,0.9999315142631532
100,3.0,-1.4026355404534463,-0.21443821640275068,-0.028063615784049,0.9999451637268066
100,4.0,-1.4062620641581043,-0.17452783170384403,0.0189718380570411,0.9999409914016724
100,5.0,-1.405306177791394,-0.1908007510316038,0.0189703367650508,0.9999401569366456
100,6.0,-1.4042517805435926,-0.20987436901606576,0.0190223753452301,0.999967098236084
100,7.0,-1.344529436355924,-0.34759380604164053,-0.1080685928463935,0.9998876452445984
100,8.0,-1.350445602890129,-0.35154036758387425,0.0968207865953445,0.9999386072158812
100,9.0,-1.270371327257268,-0.10637496552067931,-0.0185241661965847,0.9998955130577089
100,10.0,-1.2663008919578413,-0.10354192000749932,0.0418285019695758,0.999865710735321
100,11.0,-0.9798779321390223,-0.2620444573719988,-0.2147066742181778,0.9998853802680968
100,12.0,-0.8553411869138348,-0.5329214444520075,0.2386977672576904,0.9996122121810912
100,13.0,-0.8096619118984737,0.6905153292118127,-0.227980375289917,0.9921076893806458
100,14.0,-0.6716049158213977,0.3341478059284854,0.270224779844284,0.3577706813812256
100,15.0,-0.9035975506878977,1.5478844434800565,-0.1676597744226455,0.9870222806930542
100,16.0,-0.7825578192154853,0.9582536910057035,0.1890308260917663,0.4207534193992615
100,17.0,-0.9893347316718594,1.6666530335446177,-0.2062384933233261,0.9797968864440918
100,18.0,-0.8745278963699973,0.9719270993219752,0.1932175904512405,0.3862524926662445
100,19.0,-1.0169441214613422,1.5999148522284719,-0.1742982268333435,0.9772889018058776
100,20.0,-0.8920803544182024,0.976669099471231,0.1501807272434234,0.3817448318004608
100,21.0,-0.9785484028222023,1.579355484313518,-0.1532938331365585,0.9663562178611756
100,22.0,-0.8654712666601014,1.0137089457096766,0.1681010276079177,0.3918923735618591
100,23.0,-0.018879169267680695,0.10875000895236692,-0.1294290125370025,0.998166024684906
100,24.0,0.018879169267680695,-0.10875000895236692,0.129408061504364,0.9962989091873168
100,25.0,0.7617627113313529,0.5008706107213754,-0.0968700274825096,0.8593472838401794
100,26.0,0.7798544061801594,0.3136205398180669,0.1222750693559646,0.2001460641622543
100,27.0,1.5309817406587514,0.8906245008247587,-0.0458959080278873,0.928617298603058
100,28.0,1.4504275307954986,0.73067297132122,0.1776399910449981,0.4767523109912872
100,29.0,1.6703908108314047,0.8899665363577673,-0.0457793474197387,0.9666303396224976
100,30.0,1.6177627203939795,0.7612223717970079,0.1788259446620941,0.707446813583374
100,31.0,1.413482519658999,1.3802547014460724,-0.1346907019615173,0.9308170080184937
100,32.0,1.3765245207695196,1.2535282945840873,0.1008619740605354,0.7092235088348389
101,0.0,-1.3463662380757517,-0.022755894706318436,0.0053657763637602,0.9999482035636902
101,1.0,-1.4104087648143566,-0.12895114092431564,-0.0279863439500331,0.999940037727356
101,2.0,-1.4088828247538197,-0.14674491926404673,-0.0280426442623138,0.999930500984192
101,3.0,-1.406819426089889,-0.16723618497291898,-0.0280164368450641,0.9999442100524902
101,4.0,-1.4105004521999684,-0.12732770578662547,0.0191582832485437,0.9999399185180664
101,5.0,-1.409597541517132,-0.14345504735767867,0.0191558618098497,0.999938666820526
101,6.0,-1.4086728210990394,-0.16340137860489665,0.0192091893404722,0.9999661445617676
101,7.0,-1.3493824070722409,-0.3166018559370168,-0.1078795343637466,0.999886155128479
101,8.0,-1.3550361330038803,-0.31796011435028293,0.0962983146309852,0.9999369978904724
101,9.0,-1.2740397189767605,-0.05854066576237926,-0.0179769024252891,0.999893307685852
101,10.0,-1.270241859412374,-0.05431068923372875,0.0418708249926567,0.9998637437820436
101,11.0,-0.9826689464538617,-0.24395307174142838,-0.2073282599449157,0.9998843669891356
101,12.0,-0.8585551183119453,-0.5370039970704752,0.2353429496288299,0.9996119737625122
101,13.0,-0.7939195891965876,0.6730678301823829,-0.2198407649993896,0.9917192459106444
101,14.0,-0.6455052675341394,0.2779624191364805,0.2693794071674347,0.3512781262397766
101,15.0,-0.9002858533952942,1.4969548605969905,-0.1608200371265411,0.9866214394569396
101,16.0,-0.7647980938571355,0.907146714192217,0.1890707463026046,0.4162139892578125
101,17.0,-0.9901486353197108,1.6278876600159884,-0.1963433623313903,0.9794073104858398
101,18.0,-0.8648389169918782,0.9025475167630171,0.1926289051771164,0.3832417130470276
101,19.0,-1.0182657707262093,1.5558759919392866,-0.1686310768127441,0.9769186973571776
101,20.0,-0.8819940963978612,0.9158357621456421,0.1511411368846893,0.3783317804336548
101,21.0,-0.9789044502238626,1.522761770449047,-0.1476753652095794,0.9658173322677612
101,22.0,-0.8531748481543739,0.9430852037222683,0.1687564551830291,0.3871095478534698
101,23.0,-0.02190537681526032,0.11053927592308921,-0.1268517076969146,0.998196542263031
101,24.0,0.02190537681526032,-0.11053927592308921,0.1268809288740158,0.9963418245315552
101,25.0,0.7705185464575485,0.4956954935189792,-0.097267746925354,0.85676509141922
101,26.0,0.789316437594423,0.30274470391914093,0.1149208173155784,0.2020848393440246
101,27.0,1.5501089542386366,0.8844522327347517,-0.051501877605915,0.9272562861442566
101,28.0,1.4704217421664438,0.7215284440832096,0.1645679473876953,0.4764063954353332
101,29.0,1.6902280388613315,0.8838675094076434,-0.0516687966883182,0.9660807251930236
101,30.0,1.6390086479104156,0.7522948753758457,0.1650226563215255,0.7038002610206604
101,31.0,1.43256053603246,1.3755827571342534,-0.134863942861557,0.930730938911438
101,32.0,1.3960249663847868,1.246480245526146,0.0901642143726348,0.7084987759590149
102,0.0,-1.3550711867743581,0.030934055725714702,0.0066908728331327,0.9999472498893738
102,1.0,-1.4205301434362771,-0.061356336628941736,-0.0264328960329294,0.9999389052391052
102,2.0,-1.4190984964133504,-0.07915067983521326,-0.0264999084174633,0.9999291896820068
102,3.0,-1.4172221966680083,-0.10059930986514731,-0.0264827627688646,0.9999430179595948
102,4.0,-1.42103256108868,-0.05996398972036974,0.0199575070291757,0.9999383091926576
102,5.0,-1.4204942119031525,-0.07557873610829423,0.0199553575366735,0.9999365210533142
102,6.0,-1.419948314600424,-0.09606370238179368,0.0199957825243473,0.999964714050293
102,7.0,-1.3620049745692322,-0.25617735875418407,-0.1066280230879783,0.9998846054077148
102,8.0,-1.3672340107369805,-0.25947357786928016,0.0963406711816787,0.9999346137046814
102,9.0,-1.2836303160396927,0.00025651122258279867,-0.0164502914994955,0.9998915791511536
102,10.0,-1.279854885054003,0.008004497577075484,0.0426571257412433,0.999861180782318
102,11.0,-0.9938557261914807,-0.21667463047643307,-0.2028699666261673,0.9998865723609924
102,12.0,-0.8678519490714803,-0.5141088749935404,0.2335435301065445,0.999608874320984
102,13.0,-0.7855434114761539,0.6546580611042094,-0.2193619459867477,0.9915927648544312
102,14.0,-0.6396228354501844,0.25210886120144815,0.2700507938861847,0.3465171158313751
102,15.0,-0.8992587290298635,1.4824322526056801,-0.1642602384090423,0.9867815375328064
102,16.0,-0.756692386573514,0.9130474548663668,0.1908591091632843,0.4141519665718078
102,17.0,-0.9933605447506092,1.6249694006913658,-0.1993740499019622,0.9797164797782898
102,18.0,-0.8570341871179362,0.9041718671355593,0.1951346099376678,0.3822059035301208
102,19.0,-1.021912888784152,1.5438070540502546,-0.1761279553174972,0.9773063659667968
102,20.0,-0.8744492530301164,0.9167588828086786,0.1529642939567566,0.3768972158432007
102,21.0,-0.9819164762127435,1.5053949975175518,-0.1535016149282455,0.9662562012672424
102,22.0,-0.8465270832111974,0.9615739884490636,0.1701777130365371,0.384295642375946
102,23.0,-0.022772981502558763,0.11242851952369082,-0.1246287301182746,0.9982251524925232
102,24.0,0.022772981502558763,-0.11242851952369082,0.1246740147471427,0.996374487876892
102,25.0,0.7819890592289934,0.48109004177300146,-0.0965538173913955,0.8552688360214233
102,26.0,0.797140438554334,0.2877831345296973,0.1130823567509651,0.2030761986970901
102,27.0,1.568902859454587,0.8725655923109749,-0.051241748034954,0.9253292083740234
102,28.0,1.4908483409042053,0.7086556696541733,0.1656426936388015,0.4741508662700653
102,29.0,1.7032416293990467,0.8710499802818232,-0.0509395785629749,0.9652801156044006
102,30.0,1.6598241106824816,0.7396763103937365,0.1663291454315185,0.6977627277374268
102,31.0,1.4519008047181339,1.3667616607911153,-0.1257895231246948,0.9301023483276368
102,32.0,1.415899155199195,1.236843467519104,0.0901071652770042,0.7052439451217651
103,0.0,-1.3500393366425236,0.03353652088834406,0.0073002050630748,0.9999459981918336
103,1.0,-1.4162888268528668,-0.05555840572168231,-0.0256800986826419,0.9999374747276306
103,2.0,-1.4150694269445125,-0.07508052385981,-0.0257529094815254,0.9999276399612428
103,3.0,-1.4135973698188093,-0.09668224840572381,-0.0257404092699289,0.99994158744812
103,4.0,-1.416740031624436,-0.05448269564456127,0.020304737612605,0.9999364614486694
103,5.0,-1.4163252324326674,-0.07205861138307615,0.0203017704188823,0.9999342560768129
103,6.0,-1.4160700193441338,-0.09338704472719937,0.0203348118811845,0.9999632239341736
103,7.0,-1.3598447805965497,-0.2543677808928923,-0.105741910636425,0.9998825788497924
103,8.0,-1.3645199053614876,-0.2592059827070739,0.0964207202196121,0.999932050704956
103,9.0,-1.2802464738954604,0.0011717110923485713,-0.0155849400907754,0.9998890161514282
103,10.0,-1.276622123879013,0.007542188850876194,0.0431564711034297,0.9998576045036316
103,11.0,-0.9938579907416738,-0.217196437150076,-0.2017392814159393,0.999888241291046
103,12.0,-0.8668289486860234,-0.5161821236513627,0.2340650111436844,0.9996021389961244
103,13.0,-0.7787734512499604,0.6374240499617969,-0.2210445702075958,0.9913840889930724
103,14.0,-0.6322697928572236,0.23891834997998898,0.2701728045940399,0.3411880135536194
103,15.0,-0.8944282431507952,1.470768717272957,-0.1765943616628646,0.9868454933166504
103,16.0,-0.7493725792916331,0.9005770458377973,0.1936015486717224,0.410858541727066
103,17.0,-0.9918637878344473,1.6098824169961068,-0.2108305543661117,0.9799011945724488
103,18.0,-0.8473973457908244,0.8783723850455973,0.1963482946157455,0.3802612125873565
103,19.0,-1.0214026768367448,1.5245786577510667,-0.1874416321516037,0.9775385856628418
103,20.0,-0.8658536033066401,0.9004840370620054,0.1580194979906082,0.3744348585605621
103,21.0,-0.9795007272227879,1.4878626331090439,-0.1650286614894867,0.9664707779884338
103,22.0,-0.8379882488853805,0.9382543273985271,0.1743030399084091,0.3804310858249664
103,23.0,-0.023386720045930266,0.11012064506457497,-0.1246355772018432,0.99825781583786
103,24.0,0.023386720045930266,-0.11012064506457497,0.1246790960431099,0.9964028000831604
103,25.0,0.7834444616856744,0.4658455497748427,-0.096641294658184,0.8551858067512512
103,26.0,0.7971541547200257,0.2736445353972956,0.1147604286670684,0.2057562321424484
103,27.0,1.5694920470037328,0.855058351482625,-0.0498526431620121,0.92488032579422
103,28.0,1.4918908107726632,0.6919177171509556,0.1704729944467544,0.4755264222621918
103,29.0,1.704107662795222,0.8551895113112217,-0.0494893863797187,0.9650703072547911
103,30.0,1.65999207938209,0.7234561701561354,0.1715573519468307,0.6944950819015503
103,31.0,1.4529662640738343,1.3486205164434464,-0.1254553496837616,0.930410623550415
103,32.0,1.4166541917556255,1.2177636520897233,0.0941599979996681,0.7051249146461487
104,0.0,-1.3636843004291306,0.0648740166598965,0.007628689520061,0.999945104122162
104,1.0,-1.430009034159952,-0.03168728129220351,-0.0251860246062278,0.9999366402626038
104,2.0,-1.4283417855401772,-0.048000126373155566,-0.0252640210092067,0.9999264478683472
104,3.0,-1.4263008443555358,-0.06743036749150771,-0.0252574980258941,0.9999406933784484
104,4.0,-1.4313576567005375,-0.030480629012966214,0.020447701215744,0.999935507774353
104,5.0,-1.4311115031800823,-0.045246802089331475,0.0204426553100347,0.9999327063560486
104,6.0,-1.4308688941690502,-0.06456209983068535,0.0204677674919366,0.9999622702598572
104,7.0,-1.3699783364471412,-0.2126679069891727,-0.1043023392558097,0.999881386756897
104,8.0,-1.375711960207474,-0.2223515067324098,0.0964906215667724,0.9999305605888368
104,9.0,-1.2927976564814736,0.04052804733053485,-0.0147784780710935,0.9998873472213744
104,10.0,-1.289534808968114,0.05042862168629953,0.043542742729187,0.9998565912246704
104,11.0,-1.00258968158908,-0.18057237416522975,-0.1995338499546051,0.9998927712440492
104,12.0,-0.8756597864397004,-0.5065804005869378,0.2342366427183151,0.9996094703674316
104,13.0,-0.7616154489386173,0.6320413497597887,-0.2214632481336593,0.9912715554237366
104,14.0,-0.6088135465637154,0.17685443695990039,0.2766381204128265,0.3354754149913788
104,15.0,-0.8895528708914432,1.4723242737773388,-0.1878025829792022,0.9871264100074768
104,16.0,-0.7352715156013665,0.8498793035110607,0.2103646248579025,0.4102705717086792
104,17.0,-0.9920781857163619,1.613725135004009,-0.2247414588928222,0.9803969860076904
104,18.0,-0.8376925205775552,0.8417598451402801,0.2131072580814361,0.3817435801029205
104,19.0,-1.0222685447255209,1.516020479583794,-0.2010412663221359,0.9781213998794556
104,20.0,-0.8575258230531347,0.8589446395392543,0.174875795841217,0.3753803968429565
104,21.0,-0.9794670743690918,1.4797804025275567,-0.1760230511426925,0.9671180248260498
104,22.0,-0.829040626255613,0.8829531209357113,0.1918001472949981,0.3795168995857239
104,23.0,-0.024796501794930852,0.11839256443556902,-0.1248559057712555,0.9983060359954834
104,24.0,0.024796501794930852,-0.11839256443556902,0.1248997524380683,0.9964714050292968
104,25.0,0.8050486015100478,0.468964547516144,-0.0982736498117446,0.8530224561691284
104,26.0,0.8179630215922163,0.2626756181815083,0.1128887608647346,0.2062214612960815
104,27.0,1.6060763368487345,0.8503676862736811,-0.0523552559316158,0.9232552647590636
104,28.0,1.528120675215684,0.6814216827842792,0.1666835099458694,0.4733646512031555
104,29.0,1.7384035071321426,0.850974303743478,-0.05198884755373,0.964268147945404
104,30.0,1.6964142357920364,0.7136678572586934,0.1672300845384597,0.6886298060417175
104,31.0,1.4902893666078298,1.3518676655510682,-0.1274396479129791,0.9302807450294496
104,32.0,1.4524195747548132,1.2151936608190188,0.0898368582129478,0.7028685212135315
105,0.0,-1.3961789582504063,0.13563018706237484,0.008977080695331,0.999945104122162
105,1.0,-1.4612289916568273,0.03821189427236943,-0.0237970948219299,0.9999369382858276
105,2.0,-1.4601013261986342,0.022012793558338236,-0.0238754823803901,0.999926507472992
105,3.0,-1.4584550983041886,0.0032499783548590767,-0.0238859821110963,0.9999409914016724
105,4.0,-1.4621595981932278,0.04284154488059427,0.0213623102754354,0.999936044216156
105,5.0,-1.462008718867149,0.03032278257936405,0.0213571488857269,0.9999329447746276
105,6.0,-1.4618536177777488,0.013702025134853123,0.0213649775832891,0.9999624490737916
105,7.0,-1.4005567969140733,-0.12805699316620456,-0.1011164709925651,0.9998818635940552
105,8.0,-1.4048133735451145,-0.14178798609246154,0.0968799516558647,0.9999310374259948
105,9.0,-1.3236590667238766,0.11218082487114214,-0.0124890552833676,0.9998865127563475
105,10.0,-1.3205379495756215,0.12252115729863693,0.045151587575674,0.9998576045036316
105,11.0,-1.02549462900706,-0.08458867880792552,-0.1915158927440643,0.9998959302902222
105,12.0,-0.9020079219617636,-0.4490159651080346,0.2347380667924881,0.9996212124824524
105,13.0,-0.7379663069510409,0.6601859684258955,-0.2061530798673629,0.9905884265899658
105,14.0,-0.5978622198718908,0.194163311755588,0.2803559899330139,0.3263792991638183
105,15.0,-0.887225515117915,1.4715415903468123,-0.148968756198883,0.9868220090866088
105,16.0,-0.7289718726703427,0.8478268507008556,0.2223992943763733,0.405177503824234
105,17.0,-0.9957166487467446,1.609249014863623,-0.1829880625009536,0.9801668524742126
105,18.0,-0.8376214847992294,0.8332333190529765,0.2256660759449005,0.3794390261173248
105,19.0,-1.0261840104823083,1.504315203959436,-0.1610369533300399,0.9779172539711
105,20.0,-0.8574063564276667,0.8559438077127955,0.1872310042381286,0.3728396296501159
105,21.0,-0.9820572309463328,1.4730988364604876,-0.1376340985298156,0.966675877571106
105,22.0,-0.8266691915407762,0.8836687119949124,0.2040088325738906,0.3757561147212982
105,23.0,-0.02439230926657232,0.1315201380936814,-0.1248830035328865,0.9983386397361756
105,24.0,0.02439230926657232,-0.1315201380936814,0.1249439269304275,0.9965401887893676
105,25.0,0.8326614974486721,0.46519038474418806,-0.1012249961495399,0.8534182906150818
105,26.0,0.8423590826480666,0.24016234589920477,0.1074211373925209,0.2093878090381622
105,27.0,1.6670331337934525,0.8238269705725394,-0.0613116100430488,0.9233334064483644
105,28.0,1.5902256194379192,0.6539481507433209,0.1479705870151519,0.4773482978343963
105,29.0,1.7975609626560383,0.8264239395669174,-0.0613119155168533,0.9638189673423768
105,30.0,1.7585001692050846,0.6870675592470529,0.1468409150838852,0.6860952973365784
105,31.0,1.552316263220167,1.3414413936335599,-0.1350733786821365,0.9314455986022948
105,32.0,1.5134674672381425,1.2013139244806308,0.0725839808583259,0.705147385597229
106,0.0,-1.3995781807652181,0.17010732221107397,0.0164158046245574,0.9999468326568604
106,1.0,-1.4622476246944243,0.07074637892741907,-0.0140024023130536,0.99993896484375
106,2.0,-1.4607778555289659,0.05371446331681041,-0.0140878390520811,0.999928891658783
106,3.0,-1.4590450908584414,0.03581012137486006,-0.0141208972781896,0.9999430179595948
106,4.0,-1.4633204503336021,0.07265406011150023,0.0281363520771265,0.9999381303787231
106,5.0,-1.462856402115718,0.05676377368462447,0.0281443279236555,0.9999349117279052
106,6.0,-1.462443515507888,0.038137549919077446,0.0281279142946004,0.9999634623527528
106,7.0,-1.40209862514098,-0.09585647100570556,-0.0837283656001091,0.9998856782913208
106,8.0,-1.4059282970782379,-0.10914489879612045,0.0994188711047172,0.9999330639839172
106,9.0,-1.3271407897455938,0.15062670609167556,-0.0027660569176077,0.9998886585235596
106,10.0,-1.3247757250744403,0.1582294650947906,0.0508924536406993,0.999860405921936
106,11.0,-1.0305709844698652,-0.050860913081463364,-0.1686463505029678,0.9998988509178162
106,12.0,-0.9238195081210966,-0.3738246205431931,0.2323885709047317,0.9996210932731628
106,13.0,-0.7047096872770329,0.6492821267796416,-0.1873829364776611,0.9900259971618652
106,14.0,-0.5896567006378993,0.21784535152380274,0.2802525758743286,0.3181094229221344
106,15.0,-0.8793491571210101,1.42938520921275,-0.140311524271965,0.9867440462112428
106,16.0,-0.7219560504025804,0.8293981758168282,0.2296905219554901,0.4042257368564605
106,17.0,-0.9877545321590323,1.5670142527307929,-0.1707639247179031,0.9801679253578186
106,18.0,-0.8314374527641899,0.7993164559150602,0.2326927632093429,0.3800064325332641
106,19.0,-1.0189018249046828,1.4640959113656835,-0.1491524279117584,0.9779400825500488
106,20.0,-0.8522226572697154,0.8220133927155522,0.1966167390346527,0.3732914924621582
106,21.0,-0.9746571599852174,1.4341270998447249,-0.1289473325014114,0.9667455554008484
106,22.0,-0.820722264472045,0.846380694010833,0.2122974395751953,0.375541090965271
106,23.0,-0.018113954260025846,0.12466953979533084,-0.1196529492735862,0.9984002709388732
106,24.0,0.018113954260025846,-0.12466953979533084,0.1197762414813041,0.9966267347335817
106,25.0,0.8466968113408982,0.4242261899226394,-0.1019661873579025,0.8522175550460815
106,26.0,0.8500519152400694,0.20087799232536946,0.0932959541678428,0.2078800797462463
106,27.0,1.6856233306414161,0.7605384384330849,-0.0779651701450347,0.9215744733810424
106,28.0,1.6033852569418001,0.5990844197544334,0.1145090013742446,0.4741806983947754
106,29.0,1.8156266153009941,0.7609529585533689,-0.0796522796154022,0.9623321890830994
106,30.0,1.776577826794672,0.6305837671041334,0.1117031648755073,0.680290937423706
106,31.0,1.5748941861270729,1.295717106692755,-0.1547278016805648,0.9307016730308532
106,32.0,1.5355471835871801,1.1449240436927814,0.0404838137328624,0.7022102475166321
107,0.0,-1.3989674374788132,0.23221924442137862,0.0227713212370872,0.999949276447296
107,1.0,-1.461429132638228,0.14728019505691795,-0.0070724803954362,0.9999418258666992
107,2.0,-1.4598361200198569,0.13011069428807504,-0.0071615218184888,0.9999321699142456
107,3.0,-1.4581918935756535,0.11254750364783839,-0.007196235936135,0.9999457597732544
107,4.0,-1.4624704804301403,0.14817840677150543,0.034505445510149,0.9999410510063172
107,5.0,-1.461895769382057,0.13209936654037227,0.0345170721411705,0.999937891960144
107,6.0,-1.4614444311272268,0.11378320134290684,0.0344837121665477,0.9999650716781616
107,7.0,-1.4067948141696842,-0.01602887694531849,-0.0758878663182258,0.9998910427093506
107,8.0,-1.409829167691464,-0.027996891454686163,0.1042750924825668,0.9999362826347352
107,9.0,-1.3253939835826865,0.20594261224463048,0.0041675404645502,0.9998927116394044
107,10.0,-1.3233350564667485,0.21167751019776862,0.0569679625332355,0.9998658299446106
107,11.0,-1.0349098200525508,-0.025665480521822666,-0.1597316414117813,0.99990314245224
107,12.0,-0.9352818575345337,-0.3183472424501485,0.2328965961933136,0.9996291399002076
107,13.0,-0.6802664200129314,0.6365463587578913,-0.1846465319395065,0.98934143781662
107,14.0,-0.5747538575893446,0.25409069967158404,0.2836841344833374,0.307192325592041
107,15.0,-0.8701416792841182,1.4203779026377823,-0.1432158499956131,0.9867243766784668
107,16.0,-0.7109337841909876,0.8358301231043782,0.2397424727678299,0.4017718136310577
107,17.0,-0.9761007212149564,1.546459513325423,-0.1739732176065445,0.9802579879760742
107,18.0,-0.8206728004207142,0.803576180865555,0.2438971251249313,0.3796462416648865
107,19.0,-1.0082641856948102,1.4510573480260343,-0.1506568640470504,0.9780329465866088
107,20.0,-0.8416342253811403,0.8465490455334599,0.2084118425846099,0.3727067708969116
107,21.0,-0.9645651352401116,1.4192041868037204,-0.1311412751674652,0.966825008392334
107,22.0,-0.8124600725198349,0.8777755596355971,0.2228496819734573,0.3741816878318786
107,23.0,-0.01748164247141227,0.13244840846104092,-0.118440918624401,0.9984889626502992
107,24.0,0.01748164247141227,-0.13244840846104092,0.1185694634914398,0.9967800378799438
107,25.0,0.857910767135481,0.4361138289027479,-0.1063607856631279,0.8528668284416199
107,26.0,0.8637609618554917,0.18128249851913558,0.0925563275814056,0.2097132503986358
107,27.0,1.7075867450297235,0.722408832797349,-0.0915888100862503,0.9215134978294371
107,28.0,1.6269207671846606,0.5618829039353125,0.1109350249171257,0.4783602952957153
107,29.0,1.8375519395254356,0.7208695290373498,-0.0944034159183502,0.9611197113990784
107,30.0,1.8000502872663866,0.5915178499116016,0.1079009845852851,0.6783620715141296
107,31.0,1.5963416483680375,1.2700070188506691,-0.1734628528356552,0.931358516216278
107,32.0,1.557479546786894,1.0989271023422296,0.0369029976427555,0.7050347924232483
108,0.0,-1.395887954790791,0.24077551974023345,0.0280101783573627,0.9999502897262572
108,1.0,-1.458675303596876,0.14675021143930497,-0.0018049442442134,0.9999430775642396
108,2.0,-1.4570648983685088,0.1291474731947367,-0.0018812320195138,0.999933660030365
108,3.0,-1.4553412579180105,0.11159983660657229,-0.001912705018185,0.9999472498893738
108,4.0,-1.4594384879024977,0.14579713733452096,0.0391961075365543,0.9999423027038574
108,5.0,-1.4586839379473413,0.12843484268153307,0.0392034575343132,0.9999389052391052
108,6.0,-1.4580600237373904,0.10975195378487625,0.0391677133738994,0.9999656677246094
108,7.0,-1.4027570749188953,-0.020986612694057286,-0.0699930861592292,0.9998931288719176
108,8.0,-1.406422851024412,-0.03142508102897111,0.1075847521424293,0.999936819076538
108,9.0,-1.3226196909192613,0.2202953677253712,0.0098213581368327,0.9998920559883118
108,10.0,-1.3207557257959355,0.22245461445239226,0.0618298761546611,0.9998649954795836
108,11.0,-1.031503403346201,-0.014910666409450817,-0.1513264626264572,0.9999022483825684
108,12.0,-0.9383324343638212,-0.33113379962527234,0.2332290858030319,0.9996125102043152
108,13.0,-0.6625133157279055,0.6532696833108009,-0.1611211001873016,0.9881166815757751
108,14.0,-0.5556084566200865,0.2697139078352287,0.2903207838535309,0.2919078171253204
108,15.0,-0.8678335560151621,1.4288621437509337,-0.090694285929203,0.9859499931335448
108,16.0,-0.7010101275210874,0.8189764464187588,0.2648408710956573,0.3908094465732574
108,17.0,-0.971783489931717,1.5338313264888148,-0.11307143419981,0.9794079065322876
108,18.0,-0.815636336921246,0.7881429831743341,0.2717319428920746,0.3713830113410949
108,19.0,-1.0038322215263493,1.4406293793024758,-0.0917485803365707,0.977070450782776
108,20.0,-0.8366537959971181,0.8313498001907431,0.240187406539917,0.3643519282341003
108,21.0,-0.9608335516761168,1.4089986557280745,-0.078389748930931,0.9656264185905457
108,22.0,-0.8071009848865766,0.8626050942975895,0.2499056458473205,0.3653984665870666
108,23.0,-0.018391693779441335,0.13856352897685595,-0.1157105714082717,0.9985695481300354
108,24.0,0.018391693779441335,-0.13856352897685595,0.1158442199230194,0.9969205856323242
108,25.0,0.8625936257710174,0.4298337848147002,-0.1080648526549339,0.8536186814308167
108,26.0,0.8683065338696522,0.16237219014051438,0.0884110555052757,0.2131054848432541
108,27.0,1.7145975832073712,0.7025756473092496,-0.0953672975301742,0.920966863632202
108,28.0,1.6365699467194974,0.541580471290253,0.1027733907103538,0.4835582375526428
108,29.0,1.846227267383171,0.6945832706878036,-0.0978537127375602,0.9588793516159058
108,30.0,1.8082158247260638,0.5660680164981213,0.0998497977852821,0.6757223606109619
108,31.0,1.6113629162469105,1.2590620394117518,-0.1749092787504196,0.9312543272972108
108,32.0,1.5713480406375893,1.0680375152298214,0.0320896878838539,0.7074238061904907
109,0.0,-1.4097921168486045,0.248201728598969,0.0272499565035104,0.9999496936798096
109,1.0,-1.4673641361810297,0.14810862245263712,-0.002720263088122,0.9999427795410156
109,2.0,-1.4655286954966558,0.13311575752110785,-0.002790056169033,0.9999333024024964
109,3.0,-1.4635299480287385,0.11800994648216402,-0.0028189250733703,0.9999473690986632
109,4.0,-1.467419346895889,0.14424852313452768,0.0387512296438217,0.9999419450759888
109,5.0,-1.4659045402787996,0.12757289408029485,0.038757748901844,0.9999382495880128
109,6.0,-1.4646773476022974,0.10935588285428684,0.0387229733169078,0.9999653100967408
109,7.0,-1.407421577370633,-0.003619723425976575,-0.0711100548505783,0.99989253282547
109,8.0,-1.4127524343239404,-0.021116802875546833,0.1080837547779083,0.9999359846115112
109,9.0,-1.3340730464378818,0.2351608381591102,0.0088893231004476,0.9998868703842164
109,10.0,-1.3319379663744264,0.23412173397089625,0.061454813927412,0.9998602867126464
109,11.0,-1.0332846732488805,0.016235670746409744,-0.1551544666290283,0.9998977184295654
109,12.0,-0.9468828942433416,-0.2971919033733752,0.2336694598197937,0.9995882511138916
109,13.0,-0.6472853716598096,0.6446829604672046,-0.1624040454626083,0.986351191997528
109,14.0,-0.5485461571469448,0.28426156724100926,0.2969143986701965,0.2776912152767181
109,15.0,-0.870437912556377,1.4274018766500425,-0.0874177291989326,0.9848443269729614
109,16.0,-0.6952733822670151,0.7985822634080997,0.2725667953491211,0.3821656703948974
109,17.0,-0.9709000202795212,1.5118624442635582,-0.109860710799694,0.9782217741012572
109,18.0,-0.8109825501022581,0.7667269432728966,0.2803380787372589,0.3657895028591156
109,19.0,-1.0031542394905577,1.418229589705792,-0.0889241993427276,0.9757529497146606
109,20.0,-0.8319007007065284,0.822528432713268,0.2480373084545135,0.3589462637901306
109,21.0,-0.9637473426136168,1.386270093396221,-0.0752303376793861,0.9640361070632936
109,22.0,-0.8034170211943104,0.8510184903586109,0.2574953734874725,0.3596272766590118
109,23.0,-0.017745560885882295,0.15037525151178724,-0.116487368941307,0.9986406564712524
109,24.0,0.017745560885882295,-0.15037525151178724,0.1166026666760444,0.9970505833625792
109,25.0,0.865324775834833,0.42569640352318006,-0.1166453137993812,0.8553401827812195
109,26.0,0.8747986953247665,0.12418796567996714,0.0925438478589057,0.214784175157547
109,27.0,1.7237999682049538,0.6625390756605798,-0.1065321862697601,0.9211085438728333
109,28.0,1.6566608156245353,0.49280499421571006,0.1080119535326957,0.4882392287254333
109,29.0,1.8608051910320984,0.64339271728721,-0.1085130870342254,0.9576468467712402
109,30.0,1.8287417843037057,0.5033589442480736,0.1051221787929534,0.6741439700126648
109,31.0,1.6360753909649302,1.231806591429347,-0.181201621890068,0.931608021259308
109,32.0,1.5961939875590747,1.0192555708080306,0.0410665720701217,0.7090997099876404
110,0.0,-1.3880091276133393,0.28919246726947895,0.0397682748734951,0.9999475479125975
110,1.0,-1.4458010159270114,0.20325411630305826,0.008888030424714,0.9999406337738036
110,2.0,-1.444618109252648,0.1898973122558607,0.0088110025972127,0.999930500984192
110,3.0,-1.4435029571548463,0.17395095331362545,0.0087664285674691,0.9999457001686096
110,4.0,-1.4454616504385802,0.1963335361136756,0.0501960068941116,0.9999401569366456
110,5.0,-1.4442520765110514,0.1783823264939559,0.050193652510643,0.9999356865882874
110,6.0,-1.4434274328600791,0.1569626619909214,0.0501329563558101,0.9999639391899108
110,7.0,-1.3922411219230892,0.0491050141337642,-0.0620802827179431,0.9998896718025208
110,8.0,-1.394561963089317,0.02153252295223341,0.1167026683688163,0.9999339580535888
110,9.0,-1.3153880078073195,0.2660700492680292,0.0212287884205579,0.9998769760131836
110,10.0,-1.3126969198150449,0.2622357591783263,0.0734806209802627,0.999851405620575
110,11.0,-1.0341085376153947,0.05937684498267286,-0.1478547006845474,0.9998941421508788
110,12.0,-0.9536668013643921,-0.2801690589391299,0.2427776902914047,0.9995603561401368
110,13.0,-0.611063315793231,0.5407785765898515,-0.1610391736030578,0.9846321940422058
110,14.0,-0.5334336907723254,0.176491256096644,0.3262325525283813,0.2592751085758209
110,15.0,-0.8492923576861275,1.3170682422919502,-0.0805728659033775,0.9827818870544434
110,16.0,-0.6767191466076468,0.6940311322922306,0.3340464532375335,0.3646568059921264
110,17.0,-0.9479343296098667,1.4050591157662058,-0.0991982296109199,0.9757705330848694
110,18.0,-0.7913128767693236,0.6558728609702039,0.3462362587451935,0.3525647819042206
110,19.0,-0.9789860742661176,1.3121032606680334,-0.0776193812489509,0.9730448126792908
110,20.0,-0.8116804687511797,0.7074105870433514,0.3160196840763092,0.3460040986537933
110,21.0,-0.9420895261666986,1.2814755582596475,-0.0674982368946075,0.9606621861457824
110,22.0,-0.7840788740489103,0.7426519217845661,0.3205258250236511,0.3464563488960266
110,23.0,-0.015189272332615045,0.1447057339853916,-0.1174822822213172,0.9986845254898072
110,24.0,0.015189272332615045,-0.1447057339853916,0.1176569387316703,0.9971227049827576
110,25.0,0.8624575525809512,0.376158791461625,-0.1175075396895408,0.8541516065597534
110,26.0,0.8676511482863264,0.0749418292821076,0.0933388769626617,0.21542789041996
110,27.0,1.7163735510504785,0.559828345349848,-0.1064983755350112,0.9182549118995668
110,28.0,1.6493511716627405,0.38513926880663113,0.1076536029577255,0.4872664213180542
110,29.0,1.8492001760393861,0.5279585415495789,-0.1081413105130195,0.9544969201087952
110,30.0,1.816310300421737,0.38772118567360164,0.1046914830803871,0.6680444478988647
110,31.0,1.632732139490041,1.12665799694434,-0.1785958707332611,0.9297811985015868
110,32.0,1.5869906231987383,0.8941980366646354,0.0413728468120098,0.7045488357543945
111,0.0,-1.3771506542796532,0.31523615579260117,0.0400058627128601,0.9999431371688844
111,1.0,-1.4364850281974342,0.23813927066896443,0.009217076934874,0.9999365210533142
111,2.0,-1.4356749698567164,0.22382092083871383,0.0091423662379384,0.9999253153800964
111,3.0,-1.4349555681019306,0.20810518421327587,0.0090976674109697,0.9999422430992126
111,4.0,-1.4360453536167885,0.22979939068978356,0.0500091724097728,0.9999362826347352
111,5.0,-1.435120774773755,0.20998011229940416,0.0500055812299251,0.9999309182167052
111,6.0,-1.4345913639786079,0.18815126863073692,0.0499404296278953,0.9999614953994752
111,7.0,-1.385360170219746,0.08128404920714605,-0.0613456107676029,0.999883770942688
111,8.0,-1.3862359036361318,0.04946812366147075,0.1157795861363411,0.999930739402771
111,9.0,-1.3049674350024925,0.2927033594610215,0.0217743087559938,0.9998614192008972
111,10.0,-1.302092326134374,0.28958119660455567,0.0734227672219276,0.99983811378479
111,11.0,-1.0383730408081562,0.08349662212673702,-0.1452949792146682,0.9998872876167296
111,12.0,-0.9550898133717265,-0.24506966754272483,0.2430541664361953,0.9995331168174744
111,13.0,-0.5797574790799259,0.5069597803910875,-0.1529011279344558,0.9817106127738952
111,14.0,-0.5222860684196735,0.17058453357637088,0.3218618035316467,0.2442645877599716
111,15.0,-0.8341664184940242,1.2545485676530281,-0.0703403875231742,0.9791969656944276
111,16.0,-0.6751413556433292,0.7857350275085084,0.3203478753566742,0.3510941863059997
111,17.0,-0.9324748410195416,1.3533998778410716,-0.0870713889598846,0.9717496037483216
111,18.0,-0.776617959596852,0.8412257988497263,0.3318639695644378,0.3428157866001129
111,19.0,-0.9647998634480706,1.2671071673076302,-0.0663886442780494,0.9686254858970642
111,20.0,-0.7981008750891796,0.7666594092341978,0.3016240000724792,0.3365820348262787
111,21.0,-0.9283574936831386,1.2304624473095602,-0.0574520453810691,0.9553324580192566
111,22.0,-0.7742402457462528,0.931103487587682,0.3067133724689483,0.3366512060165405
111,23.0,-0.013980179070256067,0.16178630862466242,-0.1182575523853302,0.998712718486786
111,24.0,0.013980179070256067,-0.16178630862466242,0.1184644177556037,0.9971813559532166
111,25.0,0.8666293651555363,0.3807857979824278,-0.1196528226137161,0.85379558801651
111,26.0,0.8665838725105293,0.03470483998525534,0.0949494838714599,0.2162854820489883
111,27.0,1.7134318259859815,0.5085244118234106,-0.108851745724678,0.916340172290802
111,28.0,1.6537701942837415,0.32789178889233433,0.110721081495285,0.4874025583267212
111,29.0,1.8487979523187223,0.46656993755954773,-0.11032335460186,0.952187716960907
111,30.0,1.8178942463425813,0.31714027280124846,0.1078784838318824,0.6630723476409912
111,31.0,1.640834505305787,1.075677798603727,-0.1776901185512542,0.9284378290176392
111,32.0,1.5926414905208424,0.8234723598765452,0.0452383495867252,0.7002050280570984
112,0.0,-1.3673462492591277,0.34557266754348176,0.0546370334923267,0.9999331831932068
112,1.0,-1.4260904196829154,0.2593251183961446,0.0225700139999389,0.9999260902404784
112,2.0,-1.4249996270856045,0.24532541462832727,0.0224769506603479,0.9999131560325624
112,3.0,-1.4238626709842945,0.23145831650655643,0.0224215053021907,0.999933123588562
112,4.0,-1.4256323809498999,0.25148255370836664,0.063304878771305,0.9999273419380188
112,5.0,-1.4244707084116053,0.23286388404472946,0.0632821545004844,0.9999210834503174
112,6.0,-1.4235487460796254,0.21371871504087228,0.0631956234574318,0.9999563694000244
112,7.0,-1.3723952026936077,0.11082301089915653,-0.0537466593086719,0.9998682737350464
112,8.0,-1.372875734692027,0.0828238649131196,0.1232506558299064,0.9999234676361084
112,9.0,-1.29643400690039,0.3280776149516703,0.0347855575382709,0.9998244643211364
112,10.0,-1.2938262266362746,0.32433222471225126,0.0864399224519729,0.999805212020874
112,11.0,-1.0453160533312513,0.11845058181760469,-0.1394639015197754,0.9998820424079896
112,12.0,-0.9512281626677169,-0.23597161636489547,0.2469937056303024,0.9994786977767944
112,13.0,-0.5669740096931235,0.45747640138043716,-0.1615490913391113,0.9793376326560974
112,14.0,-0.509220719920316,0.11779880022007451,0.340232104063034,0.2250759303569793
112,15.0,-0.8223237049786499,1.1959266429102984,-0.0900957807898521,0.9751300811767578
112,16.0,-0.6637140132775872,0.5979434436857218,0.3756293356418609,0.3274275660514831
112,17.0,-0.919703066554752,1.29655811218451,-0.1139209493994712,0.9674301147460938
112,18.0,-0.7653167469829506,0.6293497962813196,0.39300337433815,0.3233020901679992
112,19.0,-0.9524090591014444,1.212985692322702,-0.0906234830617904,0.9637496471405028
112,20.0,-0.7854096409541633,0.6284712511825621,0.364834576845169,0.3172942698001861
112,21.0,-0.9168836926660776,1.1760692743518366,-0.0775172337889671,0.9490909576416016
112,22.0,-0.7618442837487573,0.695008161095761,0.364216536283493,0.3171873390674591
112,23.0,-0.012976390966719067,0.17642488100048936,-0.1221624538302421,0.9987713098526
112,24.0,0.012976390966719067,-0.17642488100048936,0.1224348023533821,0.9972308874130248
112,25.0,0.8578077465775761,0.37339422135266354,-0.1351803392171859,0.8560774326324463
112,26.0,0.8546477043378652,0.006027672029165602,0.0993372872471809,0.2134698182344436
112,27.0,1.7031151224562922,0.4542363249638224,-0.1391099989414215,0.9163757562637328
112,28.0,1.636263306827433,0.2710459405189858,0.1146080717444419,0.4831922948360443
112,29.0,1.8394912675035628,0.4088266069060391,-0.1412247866392135,0.9511212110519408
112,30.0,1.8019494844445374,0.2577343737427824,0.1116679534316062,0.6559762358665466
112,31.0,1.6393393916462735,1.023315155044636,-0.2005534917116165,0.9290142059326172
112,32.0,1.5877476872966674,0.7643057270129452,0.0460401326417923,0.6935375332832336
113,0.0,-1.36157943087683,0.37751347943971836,0.0523054748773574,0.9999261498451232
113,1.0,-1.421677011604849,0.29312371419947775,0.0200916435569524,0.9999193549156188
113,2.0,-1.4207496580422918,0.2783039199681244,0.020014464855194,0.9999043345451356
113,3.0,-1.4199122093750773,0.2611464671139546,0.0199704281985759,0.9999265670776368
113,4.0,-1.421215534833792,0.28500350930583773,0.0602582767605781,0.9999217987060548
113,5.0,-1.4201896076788973,0.26454906202814066,0.0602396801114082,0.9999146461486816
113,6.0,-1.4195309837231656,0.24159277626030942,0.0601546093821525,0.9999533295631408
113,7.0,-1.3698316363837935,0.1230979928541082,-0.0550177581608295,0.9998548030853271
113,8.0,-1.3706003265225752,0.09310929232153717,0.120820440351963,0.9999195337295532
113,9.0,-1.291232101032167,0.34547660222638543,0.0328833870589733,0.9998000264167786
113,10.0,-1.288764280610541,0.34077711770428337,0.0837248116731643,0.9997865557670592
113,11.0,-1.0467343918714849,0.1195327941993307,-0.1362248957157135,0.9998703598976136
113,12.0,-0.9501264922493543,-0.23154444300489024,0.2435912936925888,0.9994534254074096
113,13.0,-0.5624476521447928,0.4528476085742896,-0.1501821428537368,0.9768444895744324
113,14.0,-0.5020389177322336,0.09904761245047175,0.3306046426296234,0.2115041464567184
113,15.0,-0.8148576488151437,1.1933763030745284,-0.0759272202849388,0.970119833946228
113,16.0,-0.6710673448915685,0.6490835293138335,0.3538504838943481,0.31405970454216
113,17.0,-0.90859804854665,1.2938454504881833,-0.0917939692735672,0.9615921974182128
113,18.0,-0.7745971990637075,0.6736162044957025,0.3683882355690002,0.3130900263786316
113,19.0,-0.9444670152070721,1.2118059528845693,-0.0710794925689697,0.9574878215789796
113,20.0,-0.7879025981989223,0.6705206916053474,0.3403224050998688,0.3073232769966125
113,21.0,-0.909703438757327,1.174782473397169,-0.06341552734375,0.9419381022453308
113,22.0,-0.7645884003203387,0.730194162900111,0.342243880033493,0.306734025478363
113,23.0,-0.010946988177169372,0.1695186025711986,-0.1223888173699379,0.998789370059967
113,24.0,0.010946988177169372,-0.1695186025711986,0.1226672828197479,0.9972617626190186
113,25.0,0.8718888749972429,0.35659722703123004,-0.1309023648500442,0.856864333152771
113,26.0,0.8623228365200563,0.005110196878184061,0.0994036868214607,0.2125491499900818
113,27.0,1.7135450125071336,0.4432844596627677,-0.1336750239133834,0.9158532619476318
113,28.0,1.6403885651326642,0.26163664252581836,0.1161810010671615,0.4812979698181152
113,29.0,1.8560205640532292,0.39934283459828085,-0.1358460485935211,0.950067102909088
113,30.0,1.808453322142791,0.24890416545559546,0.1134392023086547,0.6502594947814941
113,31.0,1.6560505364114104,1.020588682329193,-0.1972423195838928,0.929024577140808
113,32.0,1.6032445119507068,0.7561503432035713,0.0463002063333988,0.6891653537750244
114,0.0,-1.3542849935828367,0.38701074240218125,0.0538342557847499,0.9999211430549622
114,1.0,-1.4153686479373158,0.2984434737506334,0.0218837317079305,0.9999143481254578
114,2.0,-1.4142446513328033,0.28456348960391914,0.0218081958591938,0.9998978972434998
114,3.0,-1.4132850670372046,0.26896466734348234,0.0217711254954338,0.99992173910141
114,4.0,-1.415637216392585,0.2917301128902001,0.0618182085454463,0.9999175071716307
114,5.0,-1.4149505185834486,0.27288648646227753,0.0618030987679958,0.99990975856781
114,6.0,-1.4146763890274003,0.2519249311588438,0.0617115348577499,0.9999510645866394
114,7.0,-1.362567108260674,0.14035276250350506,-0.0531501583755016,0.9998455047607422
114,8.0,-1.3663642278725892,0.11150203336080804,0.1209109500050544,0.999917447566986
114,9.0,-1.2855403013704645,0.36403881645477415,0.0343873426318168,0.999782383441925
114,10.0,-1.284033701032355,0.35906889340092124,0.0850183069705963,0.999772310256958
114,11.0,-1.0485783950912275,0.14500890862399113,-0.1324718594551086,0.9998645186424256
114,12.0,-0.9492946889643628,-0.2372213806991142,0.2425585091114044,0.9994245767593384
114,13.0,-0.5573132384117478,0.41467597570822123,-0.1567309200763702,0.9753045439720154
114,14.0,-0.5018612126791102,0.0484624417252749,0.3267787396907806,0.1987291425466537
114,15.0,-0.8050554366881878,1.1610853520751616,-0.125306636095047,0.9681397080421448
114,16.0,-0.6699115282978884,0.6207321625451252,0.3484188020229339,0.3018419742584228
114,17.0,-0.8964374074305005,1.2609556561971411,-0.1457760035991668,0.9592127203941344
114,18.0,-0.7699516749801305,0.6356995054559255,0.3628215789794922,0.3037958443164825
114,19.0,-0.9342231899072071,1.189511082268912,-0.1211006492376327,0.9549028873443604
114,20.0,-0.7811712285141612,0.6512305477115734,0.3334774672985077,0.2981316745281219
114,21.0,-0.8998167248121235,1.1491668008855653,-0.1126060783863067,0.9387224912643432
114,22.0,-0.7585887104707156,0.6920647293611936,0.3364070653915405,0.2971833348274231
114,23.0,-0.009066164462964191,0.16762832620672335,-0.1227038949728012,0.9988113641738892
114,24.0,0.009066164462964191,-0.16762832620672335,0.1229859963059425,0.997258961200714
114,25.0,0.8702828307949025,0.32894002702506026,-0.1296189278364181,0.8593113422393799
114,26.0,0.8549284352698824,-0.013119748957864646,0.0997063741087913,0.2128651738166809
114,27.0,1.7062607356524757,0.4017475286171549,-0.1329541504383087,0.9166410565376282
114,28.0,1.6283917164054613,0.21756622610574491,0.1132895275950431,0.4807151257991791
114,29.0,1.8515153795061838,0.354868888393745,-0.1354757696390152,0.9495742321014404
114,30.0,1.796148536752538,0.19948178807123115,0.1099395081400871,0.6468353867530823
114,31.0,1.6564942485068774,0.9808080731600545,-0.1998309344053268,0.9297513365745544
114,32.0,1.6029496149167286,0.7158604833204762,0.0479229465126991,0.6865203976631165
115,0.0,-1.3702050120664226,0.43786552298946896,0.0538305975496768,0.999898374080658
115,1.0,-1.4180393604043406,0.3387940706680045,0.0216448437422513,0.9998857378959656
115,2.0,-1.4155184093203126,0.3252255728074225,0.0215620175004005,0.9998648166656494
115,3.0,-1.4126592700132548,0.31135006719827507,0.0215134359896183,0.9998961687088012
115,4.0,-1.4185040207805477,0.33133850158481165,0.062523178756237,0.9998961091041564
115,5.0,-1.4169596473426633,0.31319574384885646,0.0625058710575103,0.9998884201049804
115,6.0,-1.4156654955917427,0.29217478847010087,0.0623948127031326,0.999940037727356
115,7.0,-1.3551530107586447,0.18531197734045016,-0.05409711971879,0.9997971057891846
115,8.0,-1.364277675177577,0.1564916249438753,0.1234714537858963,0.9999013543128968
115,9.0,-1.2949315220791173,0.4230702906200501,0.0341817177832126,0.9997103214263916
115,10.0,-1.2950277212976289,0.417615457844231,0.086008496582508,0.9997072219848632
115,11.0,-1.0501683628742162,0.1868529799162306,-0.1359533965587616,0.9998453855514526
115,12.0,-0.949800943722237,-0.1757726968827038,0.2446914464235305,0.9993364214897156
115,13.0,-0.5429301088350817,0.35633914862317995,-0.1837544441223144,0.9718478918075562
115,14.0,-0.4971751934698155,-0.09955828259843365,0.3354703783988952,0.1831311136484146
115,15.0,-0.7805031543474942,1.0975720187540543,-0.1795543879270553,0.9630547761917114
115,16.0,-0.6550579472743779,0.5627002150761014,0.3795455694198608,0.2818045914173126
115,17.0,-0.8631244106549298,1.2018213745646251,-0.2036931812763214,0.9536188840866088
115,18.0,-0.7538691949711082,0.5747074851882779,0.3979696929454803,0.2866386175155639
115,19.0,-0.9046289282039092,1.1332108472961318,-0.173689603805542,0.948634684085846
115,20.0,-0.7625314030390552,0.5963427153612492,0.3709207475185394,0.2811893224716186
115,21.0,-0.8713065301701158,1.0910893323335444,-0.1654000133275985,0.93057781457901
115,22.0,-0.7398244980140392,0.6263742444415646,0.3690052032470703,0.2800619602203369
115,23.0,-0.009195452523119933,0.175179425152368,-0.1252949982881546,0.9987648129463196
115,24.0,0.009195452523119933,-0.175179425152368,0.1255843043327331,0.997032344341278
115,25.0,0.8645156691641589,0.3061304168784938,-0.1299162805080413,0.8621203303337097
115,26.0,0.8483020817401349,-0.031704124926701424,0.1032993718981742,0.2133192270994186
115,27.0,1.694979926540224,0.3510461172283615,-0.1337209045886993,0.917086660861969
115,28.0,1.613555455928316,0.1581949474948263,0.1150192096829414,0.4792481958866119
115,29.0,1.8409522576938335,0.303981881232706,-0.1364811807870865,0.9483744502067566
115,30.0,1.7813621574161278,0.14074036422229383,0.1115952283143997,0.642549455165863
115,31.0,1.6516638299073334,0.9263514118459615,-0.2043021321296692,0.9297914505004884
115,32.0,1.59461224809116,0.6532796878658799,0.049612320959568,0.6823078393936157
116,0.0,-1.3738551687786835,0.4449628964161783,0.0810645446181297,0.9998872876167296
116,1.0,-1.4199352263396958,0.3487608423752958,0.0475538931787014,0.9998726844787598
116,2.0,-1.4175221770818223,0.3357578610463878,0.0474813468754291,0.999849796295166
116,3.0,-1.414839165902925,0.3209544388622929,0.047424416989088,0.9998852014541626
116,4.0,-1.4202518861370448,0.33929882358490593,0.0914646685123443,0.9998865127563475
116,5.0,-1.4186405814504104,0.3193163008073928,0.0914639085531234,0.9998788833618164
116,6.0,-1.41740162231323,0.29635944244260326,0.0913349837064743,0.999935269355774
116,7.0,-1.3577677178194474,0.20168454572961905,-0.0344059541821479,0.9997735023498536
116,8.0,-1.3654174421793484,0.16424574456364605,0.156947985291481,0.9998947978019714
116,9.0,-1.29968487319277,0.42965589267035925,0.0595224127173423,0.999668836593628
116,10.0,-1.2989681877937511,0.42172129172600614,0.1151246950030326,0.9996708035469056
116,11.0,-1.060121380902179,0.20484150453198538,-0.1271455883979797,0.9998369216918944
116,12.0,-0.9398785827812698,-0.20446036649535707,0.2786796987056732,0.9993054270744324
116,13.0,-0.5313492782936549,0.29583736409304545,-0.2206409275531768,0.9677676558494568
116,14.0,-0.49213582756820645,-0.24005443872259793,0.3877565264701843,0.1693291217088699
116,15.0,-0.7597477447224686,1.0463698007022855,-0.2620038688182831,0.9577366709709167
116,16.0,-0.6264854223708565,0.5088614828372378,0.4656621217727661,0.2637152075767517
116,17.0,-0.8397692776991351,1.1146216452177127,-0.2941420674324035,0.9484044313430786
116,18.0,-0.7266081441371239,0.5251305800685444,0.492529958486557,0.2717376053333282
116,19.0,-0.8783900496594916,1.0649478701951351,-0.2561892867088318,0.9425593614578248
116,20.0,-0.7385380512535425,0.5475020541761201,0.4624303877353668,0.2666118443012237
116,21.0,-0.8438818170335265,1.0246037707485878,-0.2464673221111297,0.921976923942566
116,22.0,-0.7158931633596091,0.5761145008096479,0.4549364745616913,0.2652556896209717
116,23.0,-0.007728921874005833,0.17602897996808808,-0.1355912983417511,0.99875146150589
116,24.0,0.007728921874005833,-0.17602897996808808,0.1358691155910492,0.9968796372413636
116,25.0,0.876742923728813,0.27415287631669927,-0.1480410993099212,0.865913450717926
116,26.0,0.8603214233864828,-0.06567167287170353,0.1169220656156539,0.2165714055299759
116,27.0,1.709165850440332,0.3048109113737442,-0.1626259684562683,0.9173629879951476
116,28.0,1.623719027229363,0.10559529604270788,0.1209470108151435,0.4775011241436004
116,29.0,1.8573245999514847,0.254008311257038,-0.1658732891082763,0.9477872252464294
116,30.0,1.7946759795589575,0.08900836668242888,0.1170493885874748,0.6391245126724243
116,31.0,1.6745218878642085,0.8887227200687547,-0.2378406375646591,0.92933452129364
116,32.0,1.6149656177756986,0.6068264631213628,0.0570168532431125,0.6767727732658386
117,0.0,-1.3721581550803295,0.44534886778144295,0.1051984578371048,0.999878466129303
117,1.0,-1.4194117463117544,0.3540634687805575,0.0713376998901367,0.9998621940612792
117,2.0,-1.4173338084170441,0.34249061322646124,0.0712659284472465,0.9998384714126588
117,3.0,-1.4151286377577543,0.33027547878636004,0.0712052062153816,0.9998775124549866
117,4.0,-1.4201562716829903,0.3423328051463618,0.1168994903564453,0.9998792409896852
117,5.0,-1.419015648030705,0.32321672336350976,0.116886205971241,0.9998718500137328
117,6.0,-1.4182437035055515,0.3022056295521297,0.1167494431138038,0.9999318718910216
117,7.0,-1.3591368843643865,0.22128164607711004,-0.0121208569034934,0.9997546076774596
117,8.0,-1.36550805683157,0.17549126451504088,0.1872335523366928,0.9998891949653624
117,9.0,-1.3006394674258732,0.431235039124278,0.0832612216472625,0.9996281266212464
117,10.0,-1.299904805059643,0.4214459409022397,0.1410198211669922,0.999635934829712
117,11.0,-1.0596731044506187,0.22703611771793802,-0.1167542934417724,0.9998309016227722
117,12.0,-0.9401111276305729,-0.19765882854008338,0.3132311999797821,0.9992932677268982
117,13.0,-0.5247965566671319,0.26518359094732197,-0.2368356585502624,0.9636778831481934
117,14.0,-0.49715633993097236,-0.26907513820257545,0.4329794049263,0.157719999551773
117,15.0,-0.7535032044196565,1.0233241173074354,-0.2992960214614868,0.9528199434280396
117,16.0,-0.6178321787830543,0.4743624093346683,0.5248809456825256,0.2486049830913543
117,17.0,-0.8361584740401009,1.088074613666525,-0.3345942199230194,0.9438517093658448
117,18.0,-0.7188364514103336,0.49393955372487763,0.5562341809272766,0.2595520317554474
117,19.0,-0.8751195794291314,1.0407974169764518,-0.2967435419559479,0.9371633529663086
117,20.0,-0.7318525933636731,0.5221982466282937,0.5274552702903748,0.2546939849853515
117,21.0,-0.8396815394283224,1.0025442123334005,-0.2843084037303924,0.914010524749756
117,22.0,-0.7086867617252682,0.5474925147470409,0.5150860548019409,0.2529048025608063
117,23.0,-0.009157602888173536,0.18130807034750815,-0.1426685899496078,0.9987366795539856
117,24.0,0.009157602888173536,-0.18130807034750815,0.1429037004709243,0.9967774152755736
117,25.0,0.8938139191179173,0.2667464169672406,-0.1572751402854919,0.8682761192321777
117,26.0,0.8785775489843113,-0.07707688549566084,0.1193620860576629,0.2211174219846725
117,27.0,1.7369138445746617,0.2754056093357666,-0.1727867424488067,0.916804850101471
117,28.0,1.656132677412132,0.07426343044095374,0.1186130419373512,0.4771298468112945
117,29.0,1.8819381551187604,0.2239683286408039,-0.1756515502929687,0.946719229221344
117,30.0,1.8258171306064452,0.06011725112736841,0.1141272559762001,0.6365250945091248
117,31.0,1.7029590690200533,0.8661996092082408,-0.2471393644809723,0.9284822344779968
117,32.0,1.6429885794071781,0.5811332522222501,0.0519798062741756,0.6724399328231812
118,0.0,-1.3687144291974025,0.43033184822735787,0.1400763690471649,0.9998742938041688
118,1.0,-1.4165323219398094,0.34465978757955024,0.1078379675745964,0.999857783317566
118,2.0,-1.4147678681113558,0.3345588864073092,0.1077719405293464,0.9998345375061036
118,3.0,-1.4129974443263396,0.3237068320338122,0.1077261045575141,0.9998756647109984
118,4.0,-1.417554710167552,0.332846968196605,0.1540293097496032,0.9998756051063538
118,5.0,-1.4167000777192142,0.3142413995712172,0.1540185660123825,0.9998677968978882
118,6.0,-1.4162108066124974,0.29416616030585885,0.1538841277360916,0.999929904937744
118,7.0,-1.3585731976519395,0.22188272224207709,0.0241876672953367,0.9997479915618896
118,8.0,-1.3623206720518832,0.16471919416542805,0.2263971269130706,0.9998852610588074
118,9.0,-1.2992971672792473,0.4149200736971727,0.1175348386168479,0.9995988607406616
118,10.0,-1.2991035416880719,0.4036424277536246,0.1760312169790268,0.9996066689491272
118,11.0,-1.0630120574959916,0.22833000999810651,-0.0970540940761566,0.9998316168785096
118,12.0,-0.9369578840028445,-0.21736492444702735,0.3513086438179016,0.9992647171020508
118,13.0,-0.5323399653469174,0.2611016222176509,-0.2449151426553726,0.9619156122207642
118,14.0,-0.4883928597738936,-0.31232623750598737,0.4817497134208679,0.1469694972038269
118,15.0,-0.7463743173606118,1.0274641501435102,-0.3375977277755737,0.9514647126197816
118,16.0,-0.6040498895836011,0.39996307719134383,0.5868407487869263,0.2340580224990844
118,17.0,-0.8285389621951371,1.0953308816767007,-0.3751185834407806,0.942729353904724
118,18.0,-0.6994127817206612,0.44689277306296155,0.6233718395233154,0.2475030273199081
118,19.0,-0.8677414116237389,1.0506817092119338,-0.3328254520893097,0.93559068441391
118,20.0,-0.7158330809127942,0.4930299240344904,0.5956974029541016,0.2428706437349319
118,21.0,-0.8330254508846591,1.0135801538305045,-0.3209349513053894,0.9108025431632996
118,22.0,-0.6935169852852994,0.5027060296308887,0.5779431462287903,0.2409002482891082
118,23.0,-0.01169302225459235,0.1850388036527422,-0.146124467253685,0.9987461566925048
118,24.0,0.01169302225459235,-0.1850388036527422,0.1462876796722412,0.9967236518859864
118,25.0,0.9050612020839504,0.27427824501085957,-0.1662313193082809,0.8689945340156555
118,26.0,0.8884201471647087,-0.07006301221965927,0.1182279139757156,0.2229755520820617
118,27.0,1.7646866567596082,0.27225270508207533,-0.1907301098108291,0.9145342707633972
118,28.0,1.6859405417184354,0.07394056533981294,0.099235676229,0.4704655706882477
118,29.0,1.9129424353799518,0.21861437002269477,-0.1939592212438583,0.9444240927696228
118,30.0,1.8581544193523472,0.056293639072651246,0.0934808030724525,0.6297909021377563
118,31.0,1.7302970536459419,0.8685842368246534,-0.2662662267684936,0.926266074180603
118,32.0,1.6681150474172057,0.5828923635263235,0.0274625699967145,0.6625691652297974
119,0.0,-1.363800936920605,0.4510925202548398,0.1478132307529449,0.9998598694801332
119,1.0,-1.4118776595334237,0.3666468662501133,0.114183209836483,0.9998406171798706
119,2.0,-1.4101549101958186,0.35737654958332604,0.1141211539506912,0.9998167157173156
119,3.0,-1.4085016683170375,0.3471563640332075,0.1140807569026947,0.9998634457588196
119,4.0,-1.4136206569846301,0.35417057613393843,0.1625262349843979,0.999862015247345
119,5.0,-1.4132136367076034,0.3357497054132749,0.1625168472528457,0.9998540282249452
119,6.0,-1.4131864179319416,0.3156553447002283,0.1623766422271728,0.9999234080314636
119,7.0,-1.356190567245628,0.24737578459526324,0.0253405515104532,0.9997214078903198
119,8.0,-1.359749256195235,0.18684972509290065,0.2371818572282791,0.9998760223388672
119,9.0,-1.2962684990139215,0.436074129266389,0.1231957525014877,0.9995409846305848
119,10.0,-1.2970285003401993,0.4229743300257909,0.1844913512468338,0.9995558857917786
119,11.0,-1.06126816229037,0.2529239004967008,-0.1029651090502739,0.9998252391815186
119,12.0,-0.9384867879967843,-0.2216167319562383,0.3653249740600586,0.9992491006851196
119,13.0,-0.5480011869241993,0.2573120982314089,-0.2908140122890472,0.9579925537109376
119,14.0,-0.4848726141450433,-0.3526622576387407,0.5041544437408447,0.1377651095390319
119,15.0,-0.7404744438432973,1.006254635119311,-0.431499034166336,0.9470822811126708
119,16.0,-0.5816312456119754,0.29850087730766306,0.6226478815078735,0.2207877486944198
119,17.0,-0.8188712892489287,1.0939891138710498,-0.4741568565368652,0.9391430020332336
119,18.0,-0.6811936765210805,0.36674910262698845,0.6642874479293823,0.2366809695959091
119,19.0,-0.8611563874990251,1.048124016361621,-0.4259368777275085,0.9311416149139404
119,20.0,-0.6963740524183466,0.4277223466972935,0.6360418796539307,0.2322462797164917
119,21.0,-0.827262373074589,1.0103807359605754,-0.413847953081131,0.903522789478302
119,22.0,-0.6759213332881754,0.44022625391267617,0.6141148209571838,0.2298923730850219
119,23.0,-0.012317757344760588,0.19550449910618994,-0.1523606777191162,0.998717725276947
119,24.0,0.012317757344760588,-0.19550449910618994,0.1525006890296936,0.9965983629226683
119,25.0,0.9041870146532176,0.27353528517280196,-0.1688806563615799,0.8694348335266113
119,26.0,0.8831637634302764,-0.06985599192657445,0.119631215929985,0.2240884155035019
119,27.0,1.7700571629987665,0.2663096960435186,-0.1865639835596084,0.9112374186515808
119,28.0,1.6852469101746899,0.07024608345288526,0.1028793826699256,0.4612771272659302
119,29.0,1.917232136814774,0.2087259198029149,-0.1887884438037872,0.9422636032104492
119,30.0,1.861792137900178,0.050076837913140486,0.0983618274331092,0.6217638254165649
119,31.0,1.7390588279811758,0.864083667240541,-0.2619389593601227,0.9227839708328248
119,32.0,1.6732512638043433,0.5757566371771141,0.0338016040623188,0.6501542329788208
120,0.0,-1.3562944558192427,0.4669063711371493,0.1315790563821792,0.999809741973877
120,1.0,-1.4039734025498873,0.37363412736603935,0.0983072444796562,0.9997798204421996
120,2.0,-1.4022272261943702,0.36319045133166644,0.0982336848974227,0.9997552037239076
120,3.0,-1.4005889764249768,0.352031520608237,0.0981880202889442,0.9998173713684082
120,4.0,-1.4060172248693512,0.3624528532458524,0.1457297950983047,0.9998080134391784
120,5.0,-1.4057310830948053,0.3441937762171097,0.1457250118255615,0.9998021125793456
120,6.0,-1.40583329083533,0.32449328410469364,0.1455898582935333,0.9998969435691832
120,7.0,-1.3487079416452272,0.25203551037004923,0.0120331309735775,0.999637246131897
120,8.0,-1.3519119581409618,0.19184904932597252,0.2194441258907318,0.9998384714126588
120,9.0,-1.2896283432173035,0.44766391865826066,0.1077010333538055,0.9994044303894044
120,10.0,-1.2905804645112708,0.4369090310261949,0.1677797883749008,0.9994130730628968
120,11.0,-1.0637421213505818,0.25202407267885196,-0.1104936599731445,0.9998160004615784
120,12.0,-0.9359239272750582,-0.21547692540414554,0.3488651514053345,0.9991689324378968
120,13.0,-0.5652351383887224,0.23709628970951596,-0.3213943541049957,0.9553611874580384
120,14.0,-0.4801062647572436,-0.3746629875881557,0.4787400960922241,0.1283394396305084
120,15.0,-0.7325722845041013,0.9590287284755697,-0.4884376227855682,0.9441991448402404
120,16.0,-0.5901657142957,0.2578809685503049,0.5809826254844666,0.208390861749649
120,17.0,-0.8117151227507259,1.0742874066416366,-0.5340990424156189,0.9366580247879028
120,18.0,-0.6815072491934302,0.32873161367532494,0.6193662285804749,0.2265691757202148
120,19.0,-0.8598862891920803,1.0305882444620023,-0.4837088286876678,0.9280006885528564
120,20.0,-0.693498205453256,0.3866039371980955,0.5920553207397461,0.2222214192152023
120,21.0,-0.8249961441804747,0.9855335828790825,-0.4704152345657348,0.8982641100883484
120,22.0,-0.6722514970866614,0.4067994419458163,0.5724222660064697,0.2192624509334564
120,23.0,-0.008383295661954763,0.18587112672208345,-0.1532550901174545,0.9986761212348938
120,24.0,0.008383295661954763,-0.18587112672208345,0.1534037590026855,0.9963266849517822
120,25.0,0.9120263344788844,0.2538780426240823,-0.1698662191629409,0.8699012994766235
120,26.0,0.8861893880427288,-0.07606822725710982,0.1212374716997146,0.2226184755563736
120,27.0,1.7816201645800251,0.24511411123879548,-0.1890031993389129,0.9093882441520692
120,28.0,1.6866059338402914,0.052208937426806164,0.1057447642087936,0.4535285532474518
120,29.0,1.9264979410690815,0.18378095515398876,-0.192133292555809,0.9400599002838136
120,30.0,1.8657148581330174,0.024298576970124015,0.0994169786572456,0.615504801273346
120,31.0,1.7522346079517153,0.8454492629729529,-0.2733873128890991,0.920399248600006
120,32.0,1.684078470078515,0.5584794527834197,0.037002857774496,0.6411436200141907
121,0.0,-1.3573593003303184,0.48293133721940446,0.1261169165372848,0.9997897744178772
121,1.0,-1.4051490759177572,0.390290096016741,0.0940816923975944,0.9997548460960388
121,2.0,-1.4034558035104068,0.3794583757981116,0.0940100401639938,0.9997280836105348
121,3.0,-1.40196006622612,0.36801106551637547,0.0939587354660034,0.9997984170913696
121,4.0,-1.4074707298700453,0.3793640386196095,0.1401068568229675,0.9997863173484802
121,5.0,-1.4073400169150871,0.3612776827784896,0.1401042640209198,0.9997801184654236
121,6.0,-1.4076785914497956,0.34165368422562703,0.139969453215599,0.9998858571052552
121,7.0,-1.350730447983019,0.2662375057541438,0.0115893371403217,0.999598741531372
121,8.0,-1.3536449071714023,0.20701241189918534,0.2126230299472808,0.9998221397399902
121,9.0,-1.291526606642144,0.46083405235671804,0.1036191806197166,0.9993358254432678
121,10.0,-1.292684635481637,0.4490443034468035,0.1618733257055282,0.9993451833724976
121,11.0,-1.0643518879963836,0.25125281776778513,-0.1073792278766632,0.999810516834259
121,12.0,-0.935502625291843,-0.22712968197014768,0.3381451666355133,0.9991211295127868
121,13.0,-0.5678409271229712,0.23082961808970312,-0.2914336323738098,0.9534348845481871
121,14.0,-0.48020368696359156,-0.3938360013759174,0.4537141621112823,0.1203344911336898
121,15.0,-0.7340140016299196,0.9426262814701708,-0.43135866522789,0.9417387247085572
121,16.0,-0.5905951078755095,0.24113981893452313,0.5371773838996887,0.1968698054552078
121,17.0,-0.8129411753747496,1.0643822677657309,-0.4746365547180176,0.9344514012336732
121,18.0,-0.6822448759916842,0.3166143585418594,0.5697821378707886,0.2167332768440246
121,19.0,-0.8623945098232025,1.0230756415528643,-0.4263959527015686,0.9251894354820251
121,20.0,-0.6950899221526388,0.37186956271279176,0.5412111282348633,0.2125166803598404
121,21.0,-0.8270207327769776,0.9739499555817223,-0.41372811794281,0.8937579989433289
121,22.0,-0.6732620578760136,0.3891631131696076,0.5274007320404053,0.2092319428920745
121,23.0,-0.00800253757578439,0.18084450443305544,-0.151527538895607,0.9986485838890076
121,24.0,0.00800253757578439,-0.18084450443305544,0.1516892313957214,0.9961212277412416
121,25.0,0.915331391156907,0.2471933877109436,-0.1666770279407501,0.8701777458190918
121,26.0,0.8881628167267227,-0.0719604797081344,0.1201725006103515,0.2207874506711959
121,27.0,1.7854202437905333,0.2389500771386151,-0.1847281605005264,0.9071921110153198
121,28.0,1.6860336278357677,0.047536744087473416,0.1077241972088813,0.445797860622406
121,29.0,1.9289161529251333,0.17701398860314402,-0.1878760606050491,0.938049614429474
121,30.0,1.8670882590068143,0.01002145979141044,0.1021175235509872,0.6094156503677368
121,31.0,1.7569983706301366,0.8372681754140645,-0.2676960229873657,0.9180999994277954
121,32.0,1.6872661404080052,0.554202276110098,0.0351677611470222,0.6321417093276978
122,0.0,-1.3593712778451077,0.48059328383399613,0.1309462189674377,0.9997870922088624
122,1.0,-1.405455888044088,0.3867304315982402,0.0984140336513519,0.9997507333755492
122,2.0,-1.40351825165071,0.3772704605823016,0.0983502343297004,0.9997227787971495
122,3.0,-1.4018860688796726,0.36752593924426963,0.0982929915189743,0.9997957348823548
122,4.0,-1.4084722674495813,0.3736188199283476,0.1440149992704391,0.9997833371162416
122,5.0,-1.4083702062566288,0.35514906198814056,0.1440193206071853,0.9997764229774476
122,6.0,-1.4087165374438968,0.3347726576266679,0.1438892036676406,0.9998842477798462
122,7.0,-1.3511189203462997,0.26752587805597533,0.0144247347488999,0.9995909333229064
122,8.0,-1.3544507073266319,0.2030465627186276,0.2131130546331405,0.9998201727867126
122,9.0,-1.2941925978052085,0.4606484828528628,0.1080447658896446,0.9993188381195068
122,10.0,-1.2953237649671494,0.44486124875134586,0.1656060516834259,0.9993289709091188
122,11.0,-1.0619480398627463,0.2614720168656919,-0.1039160937070846,0.99980628490448
122,12.0,-0.9379358599830233,-0.2399223733030506,0.3382585942745209,0.999091863632202
122,13.0,-0.5662348349027395,0.22637703474295223,-0.2756402194499969,0.9515538215637208
122,14.0,-0.481403668286749,-0.4333698751094925,0.4541515409946441,0.1137540936470031
122,15.0,-0.7354412771102848,0.9314853006058287,-0.392362117767334,0.9397728443145752
122,16.0,-0.5952717088154633,0.19797747922887257,0.5482030510902405,0.186921089887619
122,17.0,-0.8123407362172888,1.05850675940493,-0.4312750399112701,0.9324700832366944
122,18.0,-0.687163943895229,0.28278435820076653,0.583132803440094,0.2078718245029449
122,19.0,-0.8636484507310189,1.016496036524894,-0.3844397962093353,0.9226672649383544
122,20.0,-0.6981186004183577,0.3456686521897382,0.5560027360916138,0.2037584483623504
122,21.0,-0.8282356057251572,0.9660356024478453,-0.3746524155139923,0.8898134231567383
122,22.0,-0.6766158067921434,0.35399732332436895,0.5392350554466248,0.2003022283315658
122,23.0,-0.009094594599556543,0.18346408560844346,-0.1502908021211624,0.9986236691474916
122,24.0,0.009094594599556543,-0.18346408560844346,0.1504562795162201,0.9959656596183776
122,25.0,0.9105128535687397,0.24107968618022146,-0.1631578356027603,0.8691532015800476
122,26.0,0.8845709952862483,-0.07677894992208766,0.1193086728453636,0.2186511754989624
122,27.0,1.7757473007312026,0.2348315238371653,-0.1795780658721923,0.9037228226661682
122,28.0,1.6715840984498926,0.04163751602102117,0.1073223426938057,0.4369717836380005
122,29.0,1.9164741576465787,0.17324150911174527,-0.1825793087482452,0.9355342388153076
122,30.0,1.8538815808255,0.001820909710411029,0.1021289378404617,0.6014241576194763
122,31.0,1.7474950637141018,0.831126366250118,-0.259999930858612,0.9147236943244934
122,32.0,1.6730302086688902,0.5473192726099617,0.0341945923864841,0.6221489310264587
123,0.0,-1.3611167924850813,0.4735340854857747,0.1236371248960495,0.9997835755348206
123,1.0,-1.4063316892722797,0.379184235931814,0.091090016067028,0.999744951725006
123,2.0,-1.4043882610404161,0.36978996337073955,0.0910246893763542,0.9997146725654602
123,3.0,-1.4027794733466745,0.36033960875900767,0.0909691751003265,0.9997908473014832
123,4.0,-1.4097899942168317,0.36723796552785026,0.1366808712482452,0.9997792840003968
123,5.0,-1.4099182951346096,0.3493935564377602,0.1366820186376571,0.9997721314430236
123,6.0,-1.410433482840531,0.329594211713903,0.1365540027618408,0.9998826384544371
123,7.0,-1.3518586247120412,0.26237458324143903,0.0076493672095239,0.999577522277832
123,8.0,-1.3557376773055119,0.19883891060603082,0.2063134312629699,0.9998186826705932
123,9.0,-1.2970655353367895,0.45643831886436687,0.1008498445153236,0.9993033409118652
123,10.0,-1.2979787204257964,0.44048800167384017,0.1584262996912002,0.9993197321891784
123,11.0,-1.061841410331919,0.2610690883358043,-0.1073792055249214,0.999797224998474
123,12.0,-0.9381210998568735,-0.24882336094436766,0.332116961479187,0.9990886449813844
123,13.0,-0.5668260476785129,0.22105189981195728,-0.2813555300235748,0.9487424492836
123,14.0,-0.48309409108806095,-0.45564814393364117,0.4434292912483215,0.1087140813469886
123,15.0,-0.7355813029833996,0.9197485407000964,-0.4061438739299774,0.9363846778869628
123,16.0,-0.581567955400156,0.17755550784354926,0.5250774621963501,0.1793668717145919
123,17.0,-0.8081824274772069,1.0514823677767509,-0.4471106827259063,0.9291873574256896
123,18.0,-0.67576860553633,0.2796134649072134,0.5569761991500854,0.2015503793954849
123,19.0,-0.8596099324680742,1.009069523353121,-0.3982326090335846,0.9187309741973876
123,20.0,-0.6933111767971741,0.3402857785033935,0.5285207629203796,0.1975023746490478
123,21.0,-0.8249588967630317,0.9562325600325232,-0.3882165849208832,0.8841935992240906
123,22.0,-0.6692465540366397,0.34253197044741474,0.51520836353302,0.1936865746974945
123,23.0,-0.009456174447177498,0.18615193387262888,-0.1503310203552246,0.9985730648040771
123,24.0,0.009456174447177498,-0.18615193387262888,0.1504999548196792,0.9958044290542604
123,25.0,0.9042791535477549,0.23444651562794747,-0.161907359957695,0.8683334589004517
123,26.0,0.8798824033598598,-0.08111369198487532,0.1201176196336746,0.2179867923259735
123,27.0,1.7655023708551427,0.22812749702391544,-0.1702511757612228,0.9004279375076294
123,28.0,1.6610585457967633,0.03706309295926267,0.119718424975872,0.4306179285049438
123,29.0,1.903859435206849,0.165331737104021,-0.1720736771821975,0.9335262775421144
123,30.0,1.84346224110446,-0.007784294446445618,0.1157365515828132,0.5956493020057678
123,31.0,1.738718694520633,0.8241471619873599,-0.2504541277885437,0.911252737045288
123,32.0,1.6619780797971657,0.5429663095794605,0.0442919619381427,0.6145058870315552
124,0.0,-1.3631950032745257,0.46434515693957834,0.1199656203389167,0.9997805953025818
124,1.0,-1.4081521926330915,0.36806337881297646,0.0876373201608657,0.999740183353424
124,2.0,-1.4061567180993002,0.35800978460816646,0.0875695198774337,0.9997087717056274
124,3.0,-1.404424985904101,0.34793034365417436,0.0875200405716896,0.999787449836731
124,4.0,-1.4124242250980288,0.3579514975513375,0.1326783746480941,0.9997761249542236
124,5.0,-1.4130801522941085,0.34054925056632285,0.1326768100261688,0.99976909160614
124,6.0,-1.4140757136867108,0.32136067672202073,0.1325536221265792,0.999881386756897
124,7.0,-1.3523840070088624,0.24927936809999549,0.0052927616052329,0.9995672702789308
124,8.0,-1.358125677720023,0.19076971273726642,0.2031483799219131,0.9998170733451844
124,9.0,-1.2994981954675275,0.44890620792304675,0.0975006893277168,0.9992914199829102
124,10.0,-1.301343732481829,0.4360276695295718,0.1545879244804382,0.9993111491203308
124,11.0,-1.057491126740714,0.2557347255793871,-0.1103134602308273,0.9997920989990234
124,12.0,-0.9424016187067379,-0.23502224850269718,0.332394927740097,0.9990854263305664
124,13.0,-0.5581849447531516,0.20973305062441047,-0.2828598916530609,0.9455773234367372
124,14.0,-0.48358463305522903,-0.46971758837670885,0.4474919736385345,0.1035613715648651
124,15.0,-0.7294671317053215,0.8997225697333506,-0.4035734534263611,0.932910978794098
124,16.0,-0.5792107477280896,0.15165171281955575,0.5358256101608276,0.1728535443544387
124,17.0,-0.7991737043106594,1.0343200435836641,-0.4444353878498077,0.9260289669036864
124,18.0,-0.6728019583875393,0.26044832865471346,0.570172905921936,0.1964418739080429
124,19.0,-0.8481113589788485,0.9925975880723519,-0.3974815309047699,0.915014386177063
124,20.0,-0.691227921259801,0.32356978255007207,0.5405658483505249,0.1925660520792007
124,21.0,-0.8150785541683144,0.9367899729685036,-0.3863376677036285,0.878822922706604
124,22.0,-0.6658883485948431,0.32139628193773073,0.5257557034492493,0.1883345246315002
124,23.0,-0.00959863867073782,0.18338387228732023,-0.1523914337158203,0.9985498785972596
124,24.0,0.00959863867073782,-0.18338387228732023,0.1525611132383346,0.995695412158966
124,25.0,0.9013515742876671,0.22402261052935565,-0.1620195657014846,0.8692030906677246
124,26.0,0.8751287285307627,-0.08226954329068678,0.1288894414901733,0.2171658128499984
124,27.0,1.756058997283546,0.2167029694063962,-0.1737664639949798,0.8997511267662048
124,28.0,1.6491581613781912,0.02808816344660031,0.1391196846961975,0.4263144433498382
124,29.0,1.894093825032737,0.15315820905759647,-0.1761117428541183,0.9325398206710817
124,30.0,1.831254839182011,-0.01834842262471547,0.1361907124519348,0.5917640924453735
124,31.0,1.733450476534714,0.811007823043307,-0.2557193040847778,0.910211145877838
124,32.0,1.6540890881405184,0.5359417071432705,0.0686949715018272,0.6110509634017944
125,0.0,-1.3595289865154836,0.44559399441133746,0.1178378015756607,0.9997668266296388
125,1.0,-1.4048257900025316,0.3517508437211501,0.0852666795253753,0.9997233152389526
125,2.0,-1.402918397664261,0.34191133739752233,0.0851982608437538,0.9996903538703918
125,3.0,-1.4012490430501447,0.3319816134613146,0.0851474776864051,0.9997747540473938
125,4.0,-1.4088958405479035,0.34142158464351674,0.1305120885372162,0.9997625946998596
125,5.0,-1.409484688011937,0.32392857368183603,0.1305107176303863,0.9997549057006836
125,6.0,-1.4103723977567109,0.3045770272959859,0.1303869485855102,0.9998743534088136
125,7.0,-1.3496130056412505,0.2367247028072282,0.0028970616403967,0.9995380640029908
125,8.0,-1.3549153288249232,0.17744725991532123,0.2009785175323486,0.9998060464859008
125,9.0,-1.2959280683851413,0.4297322651791641,0.0953459665179252,0.999244511127472
125,10.0,-1.2975241047499675,0.4173011724510159,0.1527099758386612,0.9992672204971312
125,11.0,-1.0571211930543383,0.24191234704313164,-0.111476756632328,0.99978506565094
125,12.0,-0.9428584825209215,-0.23289584628732526,0.3297972083091736,0.999051034450531
125,13.0,-0.5573420533847805,0.21232307431777592,-0.2765454351902008,0.9428568482398988
125,14.0,-0.48551607705330563,-0.4538327299181672,0.4502541124820709,0.0979893133044242
125,15.0,-0.727046117099688,0.899984863611996,-0.3831347823143005,0.9292619228363036
125,16.0,-0.5833807501561508,0.1645127371274702,0.549812912940979,0.1651453226804733
125,17.0,-0.7950653310204632,1.03457191889898,-0.4215241372585296,0.9227818250656128
125,18.0,-0.6727992924532756,0.2633901884146859,0.5859363079071045,0.1897064447402954
125,19.0,-0.8433068978778968,0.992663076091931,-0.3771582245826721,0.911206841468811
125,20.0,-0.6917150062325808,0.32883162474919275,0.5577781200408936,0.1859926283359527
125,21.0,-0.8100369832818769,0.9361913220437279,-0.3663998246192932,0.8735331892967224
125,22.0,-0.6656312006549208,0.3293826623537264,0.5405791997909546,0.181721806526184
125,23.0,-0.01029151497441114,0.1816903809827853,-0.1515896469354629,0.998540699481964
125,24.0,0.01029151497441114,-0.1816903809827853,0.151760384440422,0.9955868124961852
125,25.0,0.8985241536660405,0.22681759903044282,-0.1612279415130615,0.8703550100326538
125,26.0,0.8727511122553288,-0.07639827332355657,0.1275271326303482,0.216032326221466
125,27.0,1.7504382852292648,0.21904520704286762,-0.1771375834941864,0.899717390537262
125,28.0,1.6347514252401216,0.027107104766413335,0.1363243758678436,0.4208623766899109
125,29.0,1.8870295918511149,0.15588130513206347,-0.1800200045108795,0.9314250349998474
125,30.0,1.8188045607821073,-0.023787464858623597,0.1332590579986572,0.5859357118606567
125,31.0,1.7289407169744924,0.8111715420919745,-0.2585868239402771,0.9095031023025512
125,32.0,1.648650198079629,0.5434837864121456,0.0672604814171791,0.6056948900222778
126,0.0,-1.358221038006705,0.43985957504234674,0.0996999964118003,0.9997511506080629
126,1.0,-1.4041806941357968,0.35657220504976017,0.0666929855942726,0.9997041821479796
126,2.0,-1.4024093031676312,0.34701590455540193,0.0666089057922363,0.999671459197998
126,3.0,-1.4008166083176057,0.3369461155098001,0.0665535405278205,0.999760091304779
126,4.0,-1.4078507313592008,0.3447075711704867,0.1118911728262901,0.9997462630271912
126,5.0,-1.4083103482865933,0.3260180595203078,0.1118907630443573,0.999739110469818
126,6.0,-1.409076770681528,0.3059021323859167,0.1117771938443183,0.9998660683631896
126,7.0,-1.348622165790084,0.2415728437975372,-0.0146243004128336,0.9995097517967224
126,8.0,-1.3540570242714283,0.17772708588177205,0.1835230439901352,0.999793291091919
126,9.0,-1.294404121118831,0.43151183844111524,0.0776982307434082,0.9992075562477112
126,10.0,-1.2959547041263098,0.4202185065630719,0.135202020406723,0.9992262721061708
126,11.0,-1.0579521036538473,0.23718795640447077,-0.1265329271554947,0.9997853636741638
126,12.0,-0.9420455968136545,-0.23415511537586117,0.3159475326538086,0.9990147948265076
126,13.0,-0.558079276853022,0.21841934544317398,-0.2784685492515564,0.9413024187088012
126,14.0,-0.48923988219467357,-0.4142603049651458,0.4416712522506714,0.0930550768971443
126,15.0,-0.7271884796490803,0.9034758792319835,-0.3861585855484009,0.9270169138908386
126,16.0,-0.5987696968955606,0.1904899305431084,0.5471016764640808,0.1595490872859954
126,17.0,-0.7952961399824858,1.0367637370222067,-0.4257684648036957,0.92096608877182
126,18.0,-0.6896168324449038,0.2765712669004967,0.5803743004798889,0.1853605508804321
126,19.0,-0.8439008271455619,0.9923890234850743,-0.3855646550655365,0.9091776609420776
126,20.0,-0.704528892109488,0.33587209928209644,0.5523055791854858,0.1818070113658905
126,21.0,-0.8102732397783049,0.9362787051775018,-0.371277779340744,0.8707389235496521
126,22.0,-0.6786546139622375,0.3413628003003591,0.5376082062721252,0.1773409098386764
126,23.0,-0.010370813168145188,0.17973846836448396,-0.1510541886091232,0.9985694289207458
126,24.0,0.010370813168145188,-0.17973846836448396,0.1512261182069778,0.9955462217330932
126,25.0,0.8979489134132752,0.23168464154257473,-0.1644618809223175,0.872302234172821
126,26.0,0.8714595789946914,-0.07186987059127681,0.1317400336265564,0.2142909467220306
126,27.0,1.7485256173018229,0.224875005499393,-0.1879911720752716,0.9020277857780457
126,28.0,1.6290848691485922,0.027855702751332822,0.1463857293128967,0.4176348745822906
126,29.0,1.8847751004618083,0.16185230088070823,-0.1923559159040451,0.9310727715492249
126,30.0,1.8162201742562343,-0.027564270405719092,0.1436811089515686,0.5827165246009827
126,31.0,1.7260054390132202,0.816743353197021,-0.2771212160587311,0.910821795463562
126,32.0,1.6431674372000742,0.5498980167089106,0.0783432871103286,0.6040270924568176
127,0.0,-1.357271514048527,0.4181945595968205,0.0879343003034591,0.9997286200523376
127,1.0,-1.4054523158182948,0.33979560756069294,0.0541545003652572,0.9996784329414368
127,2.0,-1.4040137116497249,0.32931270270366253,0.0540731661021709,0.9996442198753356
127,3.0,-1.4026106536252911,0.31890887656139516,0.054025188088417,0.9997390508651732
127,4.0,-1.408207829345216,0.3330862237581329,0.1008582562208175,0.9997231364250184
127,5.0,-1.4084602527923398,0.31686854098048944,0.10085429251194,0.9997164607048036
127,6.0,-1.4089472938832648,0.29979722704348344,0.1007399186491966,0.9998539090156556
127,7.0,-1.3484270049473652,0.22323698605062084,-0.0282449498772621,0.9994671940803528
127,8.0,-1.3529331824386135,0.17682249378560158,0.1767318248748779,0.9997735023498536
127,9.0,-1.293465923474302,0.41819063184608724,0.0656750947237014,0.9991475343704224
127,10.0,-1.2943716627933926,0.4115247151516419,0.1251996159553527,0.9991662502288818
127,11.0,-1.0544379393006946,0.22244724630318607,-0.1402424871921539,0.9997792840003968
127,12.0,-0.9455502149726855,-0.22933076038825415,0.3127802908420563,0.9989837408065796
127,13.0,-0.5478536699775942,0.22216837600112438,-0.2914650738239288,0.9383413195610046
127,14.0,-0.4892804325426854,-0.369616400377871,0.4397806823253631,0.0894190371036529
127,15.0,-0.725284572351778,0.9048253314948466,-0.4001922011375427,0.9252750277519226
127,16.0,-0.6153786441086828,0.22179419228126884,0.5344943404197693,0.157143622636795
127,17.0,-0.7946822980324865,1.0375424576715138,-0.4422869384288788,0.9196274280548096
127,18.0,-0.7091419096131402,0.2860503613271114,0.5663657784461975,0.1844930499792099
127,19.0,-0.8422876843198314,0.9924173150472014,-0.4017852246761322,0.9076735973358154
127,20.0,-0.7171900017906208,0.34343637064037896,0.5386276245117188,0.1811425983905792
127,21.0,-0.8084912222104441,0.936526731363111,-0.3854994177818298,0.8683498501777649
127,22.0,-0.6958993670909188,0.35090119183397,0.5250584483146667,0.176306739449501
127,23.0,-0.010121159014496867,0.17986728615402717,-0.1511756032705307,0.9985499978065492
127,24.0,0.010121159014496867,-0.17986728615402717,0.1513612121343612,0.9954327940940856
127,25.0,0.8944539747586409,0.22986179228739131,-0.1638983637094497,0.8710091710090637
127,26.0,0.8672205222744876,-0.06959516061756713,0.13282410800457,0.2139273434877395
127,27.0,1.7418080647493075,0.2281474600173464,-0.1842090934514999,0.9027206301689148
127,28.0,1.624382195877331,0.03244204273153344,0.1470413655042648,0.4172794222831726
127,29.0,1.8787970126234732,0.16495361661982708,-0.1880621910095214,0.9306492209434508
127,30.0,1.8101464760572554,-0.022570557738647672,0.1441120654344558,0.5828396081924438
127,31.0,1.7197482455310085,0.8173928146222628,-0.2694876492023468,0.9113869667053224
127,32.0,1.6372327488763734,0.5596150576983016,0.0773356258869171,0.6045863032341003
128,0.0,-1.3642106344426,0.4098755499028174,0.0857298448681831,0.999714732170105
128,1.0,-1.412147865583671,0.32926540725863235,0.0523630231618881,0.9996621608734132
128,2.0,-1.4101381254119651,0.3178357417176989,0.0522882342338562,0.9996261596679688
128,3.0,-1.4078767834816417,0.30638436268992875,0.052232801914215,0.9997256398200988
128,4.0,-1.4142932496460379,0.32373213063111383,0.0992891862988472,0.9997088313102722
128,5.0,-1.4138517202796679,0.3077698401150783,0.0992832258343696,0.9997031688690186
128,6.0,-1.4134557761552413,0.29096569416963725,0.0991745069622993,0.999847173690796
128,7.0,-1.3501922242150035,0.20628780445527656,-0.0291649214923381,0.9994349479675292
128,8.0,-1.354926745376446,0.17042785014025136,0.1765746474266052,0.9997594952583312
128,9.0,-1.2994333516203238,0.41449319756734054,0.0635591819882392,0.999098539352417
128,10.0,-1.2997220363519428,0.4101771842440556,0.1233654916286468,0.9991199374198914
128,11.0,-1.0540244494941766,0.21228779024564756,-0.1394722163677215,0.9997667074203492
128,12.0,-0.9459264713601834,-0.22629900624567761,0.3110845386981964,0.998940885066986
128,13.0,-0.5377515060499234,0.22566931512741195,-0.2874544262886047,0.9365248084068298
128,14.0,-0.4878591454645815,-0.3750288044374153,0.4326059520244598,0.0863076075911521
128,15.0,-0.7242928562892419,0.905745140752233,-0.3809199631214142,0.923454999923706
128,16.0,-0.6205328665736456,0.22829376934363177,0.5130667090415955,0.153825044631958
128,17.0,-0.7953613603141899,1.0403598644587095,-0.4254609048366546,0.9177272915840148
128,18.0,-0.7168864644117101,0.2892079481689613,0.5431896448135376,0.1822269111871719
128,19.0,-0.8428171014248634,0.9899594606030429,-0.3882340490818023,0.905622899532318
128,20.0,-0.7245106451782972,0.34694254001822067,0.5114708542823792,0.1791125386953354
128,21.0,-0.8089300659168182,0.9340469703901443,-0.3676933348178863,0.8656724095344543
128,22.0,-0.7038233168007931,0.35740294689975477,0.5016189813613892,0.1740084886550903
128,23.0,-0.010580485079824035,0.17881972039024135,-0.1509958207607269,0.9984778761863708
128,24.0,0.010580485079824035,-0.17881972039024135,0.1511913836002349,0.9952439665794371
128,25.0,0.8931275120338814,0.23031443166082496,-0.1618581861257553,0.8708718419075012
128,26.0,0.8657277077286581,-0.0631747359308275,0.1320305615663528,0.2142465859651565
128,27.0,1.738931918352586,0.23268224815913094,-0.1658984571695327,0.9028728008270264
128,28.0,1.6256144627171063,0.052656252012211996,0.1434696316719055,0.4186834394931793
128,29.0,1.8770464375639058,0.16875643487037212,-0.167501613497734,0.9304001331329346
128,30.0,1.8083962404343656,-0.014403890021017494,0.1403541564941406,0.5832539200782776
128,31.0,1.7241180881644218,0.820479678851904,-0.2478301376104354,0.9115834832191468
128,32.0,1.650284907887778,0.590374272202917,0.0771040022373199,0.6058703660964966
129,0.0,-1.3528480178637452,0.41204565772688256,0.0790984779596328,0.9996768832206726
129,1.0,-1.4048706376566111,0.3302302618649891,0.0452132411301136,0.9996189475059508
129,2.0,-1.403597441545382,0.31805858981749574,0.045141976326704,0.9995779991149902
129,3.0,-1.4020054290572561,0.3060222045571159,0.0450968146324157,0.9996892213821412
129,4.0,-1.4060485121979518,0.3273618198338195,0.0924098789691925,0.9996715784072876
129,5.0,-1.405726915069694,0.31298029114710874,0.0923864096403122,0.9996656775474548
129,6.0,-1.405456082820922,0.297423604001781,0.0922784283757209,0.9998279809951782
129,7.0,-1.3467076661796085,0.20266620329693713,-0.0372588485479354,0.9993591904640198
129,8.0,-1.3504165418079703,0.17641021961511047,0.1702951788902282,0.999725878238678
129,9.0,-1.2903293550582324,0.40935233836277957,0.0566833205521106,0.9989887475967408
129,10.0,-1.2900830968912496,0.4075346323340097,0.1170220598578453,0.9990199208259584
129,11.0,-1.0533356815785133,0.2110180283361988,-0.1482824832201004,0.9997552037239076
129,12.0,-0.9466629553004199,-0.20868297321712873,0.3067637979984283,0.9989004731178284
129,13.0,-0.5432418949206598,0.25471203913022994,-0.2861392796039581,0.9361191391944884
129,14.0,-0.5053214999743794,-0.27049558385165434,0.4286556839942932,0.0836062431335449
129,15.0,-0.7244297040474205,0.9255544657298078,-0.3807568252086639,0.9218043088912964
129,16.0,-0.6326391710381756,0.3021684711834695,0.4984121918678283,0.1505277901887893
129,17.0,-0.7987035728827347,1.0590434647545237,-0.4219114482402801,0.9159546494483948
129,18.0,-0.7272849536767871,0.3482228872019954,0.5276812314987183,0.1798122525215149
129,19.0,-0.844189939600111,1.0055102502866167,-0.3811567425727844,0.9038119912147522
129,20.0,-0.7320695274011565,0.3967303139321799,0.4945898354053497,0.1768460869789123
129,21.0,-0.8104717126397942,0.9497392423286176,-0.3655365407466888,0.863294780254364
129,22.0,-0.7131014403543888,0.4051840567422307,0.4861377775669098,0.1716242879629135
129,23.0,-0.0118422500142447,0.1743930755120299,-0.1509577482938766,0.9984293580055236
129,24.0,0.0118422500142447,-0.1743930755120299,0.1511635333299636,0.9951077699661256
129,25.0,0.8785473513614941,0.2541196744218362,-0.1615574806928634,0.8713051676750183
129,26.0,0.8477821530086107,-0.029435481853539263,0.1308502107858657,0.2151537239551544
129,27.0,1.709288154672888,0.26221385961412835,-0.1597874015569687,0.904046595096588
129,28.0,1.6059365508799763,0.08966190017720438,0.1418051123619079,0.4192718267440796
129,29.0,1.8480440261114046,0.19873228081429423,-0.1607577353715896,0.9311254024505616
129,30.0,1.7797148863354575,0.020632011058445504,0.1384849846363067,0.5838083028793335
129,31.0,1.6955641766799487,0.8414904120469245,-0.2364284843206405,0.9126524925231934
129,32.0,1.6284045045226252,0.620537599792418,0.0730785503983497,0.6060335636138916
130,0.0,-1.3640571809397009,0.41114671422446086,0.0742742344737052,0.9996803998947144
130,1.0,-1.41980583413613,0.32710379718919574,0.0421271510422229,0.999623954296112
130,2.0,-1.4194693270625176,0.31454060724047805,0.0420443564653396,0.9995819330215454
130,3.0,-1.4188694074616115,0.3006319073983483,0.0419906228780746,0.9996920228004456
130,4.0,-1.419956883238497,0.3213376224465938,0.0883050635457038,0.9996761679649352
130,5.0,-1.4197906061056471,0.3062493010431235,0.0882786661386489,0.999669313430786
130,6.0,-1.419627763379672,0.28968172227850825,0.0881696194410324,0.999829888343811
130,7.0,-1.366894649019682,0.17781311114237985,-0.0371464304625988,0.9993645548820496
130,8.0,-1.3681730259787088,0.1535768258267163,0.1655993610620498,0.9997275471687316
130,9.0,-1.303898554915485,0.4022996821146663,0.0525596365332603,0.9989985823631288
130,10.0,-1.3019878582906945,0.39689431449432017,0.1115590035915374,0.9990286827087402
130,11.0,-1.0556990892752465,0.1805445662101466,-0.1466342508792877,0.9997536540031432
130,12.0,-0.9440235825256704,-0.2138497592797505,0.2991380989551544,0.9988804459571838
130,13.0,-0.5606056214080184,0.35163634869791843,-0.2317740023136139,0.9373957514762878
130,14.0,-0.5139436960012008,-0.1406315743131962,0.3973418474197387,0.0820638164877891
130,15.0,-0.7442202881638248,1.0302316014949893,-0.2511895596981048,0.923023760318756
130,16.0,-0.6384095819542772,0.42232033019155985,0.4279550611972809,0.1490243375301361
130,17.0,-0.8215391549390338,1.1652538173794944,-0.2890810072422027,0.9167497754096984
130,18.0,-0.7398211369577006,0.4492476352940477,0.449790358543396,0.1787297278642654
130,19.0,-0.8674760964945943,1.105456516878572,-0.2572498619556427,0.9048745632171632
130,20.0,-0.7442717394668187,0.49535551959179763,0.41445392370224,0.1759137213230133
130,21.0,-0.8331300837415005,1.0496231699126044,-0.2384283691644668,0.8650850653648376
130,22.0,-0.7206901946618003,0.5039340199640513,0.4132667779922485,0.1711137592792511
130,23.0,-0.016648708527019006,0.16027871444240974,-0.1477671265602111,0.998369574546814
130,24.0,0.016648708527019006,-0.16027871444240974,0.1480316966772079,0.9950030446052552
130,25.0,0.8746794085140259,0.3139524812631804,-0.1579483151435852,0.87004154920578
130,26.0,0.8552046367298556,0.06770498993036157,0.1211086735129356,0.2111399471759796
130,27.0,1.7035938550167558,0.3607946806308661,-0.1482415497303009,0.9007704854011536
130,28.0,1.6202352273512863,0.2076131355954142,0.1372206956148147,0.4104885458946228
130,29.0,1.8443902808599486,0.29920708214616437,-0.1494612395763397,0.9287371039390564
130,30.0,1.7862516044792238,0.14617120780231282,0.1343409121036529,0.5774178504943848
130,31.0,1.6820001189908902,0.9407141103008413,-0.2266062051057815,0.909288227558136
130,32.0,1.6250910898716453,0.7459720948705527,0.0610300078988075,0.5962269306182861
131,0.0,-1.3768043507346623,0.39909516850073556,0.0615752153098583,0.9996779561042786
131,1.0,-1.435191441568899,0.3116948219138968,0.0312919914722442,0.9996221661567688
131,2.0,-1.4355843428337962,0.2972666761470453,0.0312050953507423,0.999578297138214
131,3.0,-1.4357772930136758,0.28136297512191755,0.0311587192118167,0.999688446521759
131,4.0,-1.434279491888611,0.30699413940345,0.0755075737833976,0.9996742606163024
131,5.0,-1.434078559368295,0.29077323848952646,0.0754840224981308,0.9996659755706788
131,6.0,-1.4339288577706126,0.27304537638774296,0.0753687471151351,0.9998278617858888
131,7.0,-1.3852939623623275,0.1438162573365561,-0.0434867851436138,0.9993544816970824
131,8.0,-1.3845601759034074,0.12509204211872835,0.1498860269784927,0.999722182750702
131,9.0,-1.3170985380030078,0.3848015447989344,0.0408036150038242,0.9989961385726928
131,10.0,-1.3120302098293712,0.37978183038713276,0.0973398983478546,0.9990144968032836
131,11.0,-1.0541389796140241,0.1177064143449514,-0.1492402553558349,0.9997479319572448
131,12.0,-0.9437729161610332,-0.20907411498645656,0.2791165709495544,0.9988039135932922
131,13.0,-0.5727530784116849,0.4223991534001127,-0.2278636395931244,0.9398590326309204
131,14.0,-0.5228792845103409,0.04446543111094327,0.3610473573207855,0.0821114480495452
131,15.0,-0.7633263528544779,1.1484916830044234,-0.2574788630008697,0.925883948802948
131,16.0,-0.6545538786117823,0.5939058879926153,0.3662126660346985,0.1515800058841705
131,17.0,-0.8483988657689618,1.2652411325033501,-0.2961932420730591,0.9190685153007508
131,18.0,-0.756364050839882,0.6050832583314696,0.3828791975975036,0.1810129135847091
131,19.0,-0.8958210342921744,1.193450318067872,-0.2646832168102264,0.9076725244522096
131,20.0,-0.7650484446599867,0.6181999448221199,0.3478766977787018,0.1781109720468521
131,21.0,-0.8616979683672775,1.145043050220049,-0.2447559088468551,0.8691992163658142
131,22.0,-0.739400399691303,0.6638272644696218,0.350899189710617,0.1737521588802337
131,23.0,-0.01586863107042589,0.13765074992710757,-0.1427049934864044,0.998312532901764
131,24.0,0.01586863107042589,-0.13765074992710757,0.1429802328348159,0.9948535561561584
131,25.0,0.8808206463166991,0.3580086228388833,-0.1506325155496597,0.8683412671089172
131,26.0,0.8623364247441071,0.13664942420554588,0.1131040602922439,0.2043674439191818
131,27.0,1.722893703577295,0.43282723060231476,-0.1414543092250824,0.8988717198371887
131,28.0,1.638243207841593,0.282362730547,0.1347402930259704,0.4002507328987121
131,29.0,1.8667553686537077,0.3710153885759906,-0.1437080949544906,0.9273269176483154
131,30.0,1.8048807147682155,0.22684620710573714,0.1322612315416336,0.5706160664558411
131,31.0,1.6930892146862428,1.0179869597799773,-0.2244150340557098,0.9068977236747742
131,32.0,1.6401485009030066,0.8390715663986698,0.0558271557092666,0.5866414904594421
132,0.0,-1.3784959392841811,0.3586609885027371,0.0500360243022441,0.999691128730774
132,1.0,-1.437839966452382,0.2649856546127459,0.0192766189575195,0.999639332294464
132,2.0,-1.4383602992471631,0.24870848355668723,0.0191950276494026,0.9995962977409364
132,3.0,-1.4387279583706938,0.23102763011329858,0.0191585961729288,0.9997012615203856
132,4.0,-1.43685925878853,0.2619614736094487,0.0649181827902793,0.9996881484985352
132,5.0,-1.4366895196662315,0.24543636312667325,0.0649049133062362,0.9996795058250428
132,6.0,-1.436618707852114,0.22722092298686156,0.0648161247372627,0.9998344779014589
132,7.0,-1.3892761389416364,0.0819509113260968,-0.0560214146971702,0.999379813671112
132,8.0,-1.388945422269608,0.06859905935002424,0.1431002467870712,0.999731183052063
132,9.0,-1.3195214674007392,0.342293586326196,0.028539327904582,0.9990441799163818
132,10.0,-1.3127189563045476,0.3393567595091049,0.0868870690464973,0.9990534782409668
132,11.0,-1.0471313685793664,0.05155034682897143,-0.1655813604593277,0.9997509717941284
132,12.0,-0.9458240511334454,-0.21926646125251217,0.2755425572395324,0.998802900314331
132,13.0,-0.5813551861756606,0.4491478945962051,-0.2311599999666214,0.9429100751876832
132,14.0,-0.5308009124549705,0.12165521973313245,0.3558118045330047,0.0856979936361312
132,15.0,-0.7720110591298337,1.2202253885533951,-0.2335543185472488,0.9295077919960022
132,16.0,-0.6630289964230587,0.7286553980472782,0.3462095558643341,0.1601807177066803
132,17.0,-0.8580198862525797,1.3401883170833955,-0.2728625237941742,0.9221399426460266
132,18.0,-0.7637158114534883,0.7327074292056354,0.3607583045959472,0.1888710260391235
132,19.0,-0.9067465220894126,1.264800085150642,-0.2426384389400482,0.9112767577171326
132,20.0,-0.7764400994481191,0.7807028006573417,0.321790337562561,0.1861123740673065
132,21.0,-0.8720050560786469,1.2254985475422813,-0.2205648422241211,0.8742846250534058
132,22.0,-0.7492679782879049,0.8054423431172475,0.3287895321846008,0.1823374927043914
132,23.0,-0.013466537037903053,0.12520091045886977,-0.1427227407693863,0.9983083009719848
132,24.0,0.013466537037903053,-0.12520091045886977,0.1429925858974456,0.9948824644088744
132,25.0,0.8733304073918188,0.3679605477809728,-0.1499208658933639,0.8684123158454895
132,26.0,0.8580146554629866,0.15635758559168939,0.1140271872282028,0.2010269463062286
132,27.0,1.7179580338187186,0.4739941451638119,-0.140153169631958,0.8993135094642639
132,28.0,1.6279735450656756,0.32332935865612056,0.142463132739067,0.3956867158412933
132,29.0,1.8637560936889148,0.4145844062013471,-0.1425439864397049,0.9281945824623108
132,30.0,1.7974605433059876,0.2691661016556157,0.1405860334634781,0.5685533285140991
132,31.0,1.6850626442251257,1.0610953537075805,-0.2252431511878967,0.9065982103347778
132,32.0,1.6326169169875422,0.8841380033097683,0.0653595700860023,0.5831277966499329
133,0.0,-1.3800491654340292,0.362755998021515,0.0430726446211338,0.9997015595436096
133,1.0,-1.4400432571929864,0.2710406330137188,0.011768284253776,0.9996540546417236
133,2.0,-1.4406248959052435,0.2556683232043047,0.0116949677467346,0.9996110796928406
133,3.0,-1.4412199349249872,0.23880955977421917,0.0116656403988599,0.9997114539146424
133,4.0,-1.439134128039235,0.2669703386402811,0.0575826242566108,0.9996993541717528
133,5.0,-1.4389762658803116,0.24952065433372805,0.0575652793049812,0.9996902346611024
133,6.0,-1.4390860176669922,0.22964531827010037,0.0574815720319747,0.9998395442962646
133,7.0,-1.3928896015367822,0.09523670434577221,-0.0645132139325141,0.9993992447853088
133,8.0,-1.3926713399431403,0.0766694997622183,0.1350165456533432,0.9997381567955016
133,9.0,-1.3211294514987026,0.34336202714973535,0.0212102774530649,0.9990834593772888
133,10.0,-1.3151058498652426,0.3393780176830385,0.0795805007219314,0.9990888237953186
133,11.0,-1.0477167025905005,0.08264146118634093,-0.1720103621482849,0.9997447729110718
133,12.0,-0.9481639226217867,-0.21094005783576114,0.2670536637306213,0.9988102912902832
133,13.0,-0.5804116362958563,0.4673139562547329,-0.2118955254554748,0.9441719651222228
133,14.0,-0.5343965492045097,0.18759946762353902,0.3480925559997558,0.0882674008607864
133,15.0,-0.7761152176829663,1.266817090113921,-0.165869265794754,0.9307206869125366
133,16.0,-0.6710603368277457,0.7799061319871539,0.3364574015140533,0.1670682728290558
133,17.0,-0.8633117375369798,1.3627130895880182,-0.1968185901641845,0.92272287607193
133,18.0,-0.7723542416267238,0.8397590956297067,0.3504156470298767,0.1957136988639831
133,19.0,-0.9114885230115987,1.3020330981878252,-0.1726671308279037,0.9123305678367616
133,20.0,-0.7843780433810579,0.8408434092910831,0.3127643167972564,0.1932482868432998
133,21.0,-0.8762023103999379,1.2687830786405412,-0.1538330614566803,0.8765234351158142
133,22.0,-0.7553542847128806,0.8585767879122234,0.3196240961551666,0.1901479512453079
133,23.0,-0.012855797430847143,0.1290214288454354,-0.1428465992212295,0.9983086585998536
133,24.0,0.012855797430847143,-0.1290214288454354,0.1431109309196472,0.9949941039085388
133,25.0,0.8728509261812997,0.3830078500418299,-0.1487550288438797,0.8691616654396057
133,26.0,0.8580993447615908,0.17423236675289888,0.1166701018810272,0.1990604996681213
133,27.0,1.7205128041255158,0.49419196617391453,-0.1382004767656326,0.9006569385528564
133,28.0,1.6241087695793055,0.3431912876221543,0.146237775683403,0.3953331112861633
133,29.0,1.8686022822177233,0.4366252910905791,-0.1401399224996566,0.929452121257782
133,30.0,1.7989651330895902,0.2915594453061015,0.1442718207836151,0.5679381489753723
133,31.0,1.6803780334285565,1.0816975291509388,-0.2193974405527115,0.907611072063446
133,32.0,1.6276799188407187,0.9140681802537352,0.0740872398018837,0.583453893661499
134,0.0,-1.391754053819702,0.33284485047546886,0.0423416830599308,0.9997166991233826
134,1.0,-1.4513547678749028,0.23882120101141105,0.0113222580403089,0.9996727108955384
134,2.0,-1.4519432790135145,0.22331718520550636,0.0112445978447794,0.9996306896209716
134,3.0,-1.4525517865068978,0.2056761905383934,0.0112053817138075,0.9997259974479676
134,4.0,-1.450629965791929,0.23550812075773778,0.0567780509591102,0.9997147917747498
134,5.0,-1.4505783962454135,0.21882142581108804,0.0567694418132305,0.9997053742408752
134,6.0,-1.4508129587490783,0.20021034482763983,0.056690540164709,0.9998473525047302
134,7.0,-1.4051247743034352,0.05932471173737163,-0.0634959042072296,0.9994275569915771
134,8.0,-1.404985654927313,0.04707825998965697,0.1347842663526535,0.9997496008872986
134,9.0,-1.3323880338231315,0.31582032237715807,0.021037021651864,0.9991331696510316
134,10.0,-1.3261506182391334,0.3130947665998549,0.0790557935833931,0.9991351366043092
134,11.0,-1.0479809323518314,0.0458448006321903,-0.1688802242279052,0.9997429251670836
134,12.0,-0.9430876854100295,-0.2346456464032634,0.2666495442390442,0.9988301992416382
134,13.0,-0.5878428393868635,0.4809212779854393,-0.202657550573349,0.9454146027565002
134,14.0,-0.5324938502648933,0.19181529625283414,0.3441715538501739,0.0918134301900863
134,15.0,-0.7854286626507812,1.3065860268650151,-0.160364344716072,0.9319674968719482
134,16.0,-0.6780773111767415,0.7913720528866631,0.3311314880847931,0.1756144613027572
134,17.0,-0.8753409563299045,1.4004105021111548,-0.1925284415483474,0.9233834743499756
134,18.0,-0.7813997918292777,0.8432799587734315,0.344919204711914,0.2036475837230682
134,19.0,-0.9221880742450018,1.3407913703607701,-0.1669032573699951,0.9133116006851196
134,20.0,-0.7934696968131569,0.8500305702782358,0.3062767684459686,0.2014512717723846
134,21.0,-0.8862605446945762,1.3057703860782948,-0.1482487022876739,0.8785815834999084
134,22.0,-0.7640494020811756,0.8672148061047852,0.3137520253658294,0.1989479064941406
134,23.0,-0.011838105134491904,0.12096373842958047,-0.1412392407655716,0.9982857704162598
134,24.0,0.011838105134491904,-0.12096373842958047,0.1414973139762878,0.995069146156311
134,25.0,0.8802042802982093,0.3940934220297766,-0.1433646231889724,0.8683849573135376
134,26.0,0.8715582248490386,0.1998148906010459,0.1161585077643394,0.1976277232170105
134,27.0,1.7311396856298427,0.5297397470600547,-0.1293450444936752,0.9000346660614014
134,28.0,1.6388486150627384,0.3804011812101167,0.1447012722492218,0.3943224549293518
134,29.0,1.8792792595233005,0.47486790779831567,-0.1315196454524994,0.9287492632865906
134,30.0,1.815683221162825,0.3384214654672577,0.1425380557775497,0.5672717690467834
134,31.0,1.6865228190465642,1.1206801796669386,-0.2153065204620361,0.9066272974014282
134,32.0,1.6370557839915405,0.9637169511207492,0.0725862756371498,0.5829513669013977
135,0.0,-1.3982751251595935,0.2401682474530256,0.039354383945465,0.999731421470642
135,1.0,-1.455226686572992,0.14493284941640383,0.0090178959071636,0.9996905326843262
135,2.0,-1.4555069993083785,0.12763805279411236,0.0089292032644152,0.9996498227119446
135,3.0,-1.4557341787253661,0.1076236709452751,0.0088966349139809,0.9997405409812928
135,4.0,-1.4550612442626734,0.14651016681402562,0.0550402477383613,0.9997290968894958
135,5.0,-1.4552092819631328,0.13170665947915045,0.0550321489572525,0.9997190833091736
135,6.0,-1.4554511732012847,0.11417305847404115,0.0549618452787399,0.9998542070388794
135,7.0,-1.4080927043532103,-0.0401058694032378,-0.0637547820806503,0.9994553923606871
135,8.0,-1.408599079983443,-0.04317643664897457,0.1371682733297348,0.9997586607933044
135,9.0,-1.338920545385761,0.22078463493658174,0.0183576866984367,0.9991827011108398
135,10.0,-1.3319039918572746,0.2236849653945672,0.0773983225226402,0.9991762042045592
135,11.0,-1.0467025971110886,-0.043933832727812615,-0.1728106886148452,0.9997472167015076
135,12.0,-0.924490185148819,-0.2942954019140868,0.2699234187602997,0.9988416433334352
135,13.0,-0.6230821431242705,0.5182061674924074,-0.2086704075336456,0.948352873325348
135,14.0,-0.5502228996554432,0.2289888396351712,0.3374634683132171,0.101391851902008
135,15.0,-0.8076440413115533,1.3850059162809913,-0.2150410115718841,0.9358649253845216
135,16.0,-0.6952471725319358,0.8763255216365293,0.2891151010990143,0.1934923827648162
135,17.0,-0.9068400717743151,1.4572420090390987,-0.251282125711441,0.9270700812339784
135,18.0,-0.7986658897353166,0.891939755401961,0.2978526353836059,0.2187972664833068
135,19.0,-0.9451809167045478,1.4057853128303401,-0.2199881374835968,0.9174876809120178
135,20.0,-0.8128168227171448,0.9382318142489862,0.2547812759876251,0.2168876081705093
135,21.0,-0.9058537229786171,1.378413969555287,-0.2021473199129104,0.8843532204627991
135,22.0,-0.7822731116481242,0.9606473754806121,0.2688599824905395,0.2150112241506576
135,23.0,-0.008997986263698418,0.11885168031518814,-0.1393214762210846,0.9982793927192688
135,24.0,0.008997986263698418,-0.11885168031518814,0.1395417302846908,0.9951196312904358
135,25.0,0.8684118754059229,0.43073256867509546,-0.14076828956604,0.8669321537017822
135,26.0,0.8585444467825594,0.23119088401006557,0.1163141429424285,0.1954014599323272
135,27.0,1.7114856600349433,0.5881937160123,-0.1218969896435737,0.8989630937576294
135,28.0,1.6209336126391276,0.44578092274790926,0.1474659889936447,0.3910299837589264
135,29.0,1.8624391909070424,0.5366366641663177,-0.1246048137545585,0.9276509284973145
135,30.0,1.798916174233133,0.4095367750445951,0.1458989530801773,0.5660881400108337
135,31.0,1.6668499946242943,1.1793706478321777,-0.2156789004802703,0.904333233833313
135,32.0,1.6177143509152012,1.0266404018434687,0.071281187236309,0.5802727341651917
136,0.0,-1.3929807733297601,0.19796319863407988,0.0260970573872327,0.999742031097412
136,1.0,-1.4523015682767992,0.11159991892242765,-0.006261758506298,0.9997047185897828
136,2.0,-1.4528713319385549,0.09571335163067787,-0.006345126312226,0.9996638894081116
136,3.0,-1.45344358479543,0.07724797819544703,-0.0063819824717938,0.9997513890266418
136,4.0,-1.4521636144630883,0.11137405721792851,0.0411210097372531,0.9997398257255554
136,5.0,-1.4524967080731168,0.09760435385964587,0.0411089025437831,0.9997290372848512
136,6.0,-1.4529579297266488,0.08143349428323068,0.0410619750618934,0.999859631061554
136,7.0,-1.4068425114023182,-0.07238985538440428,-0.0830116420984268,0.9994771480560304
136,8.0,-1.4067710453003435,-0.07403822659438594,0.1248704046010971,0.9997659921646118
136,9.0,-1.3330627025643849,0.17073140403013876,0.003883754601702,0.999226450920105
136,10.0,-1.3261449673076167,0.17270861101639237,0.0648745000362396,0.9992148876190186
136,11.0,-1.0378802547576518,-0.08059424249725528,-0.1872472763061523,0.999742329120636
136,12.0,-0.9159559405424397,-0.3466341764255299,0.2608941793441772,0.9988784790039062
136,13.0,-0.6470191075365054,0.543976517392776,-0.2174862027168274,0.9502196311950684
136,14.0,-0.5588283655765592,0.24761032629659846,0.3196174502372741,0.113442562520504
136,15.0,-0.822661824547076,1.433261649304978,-0.1832155436277389,0.9376445412635804
136,16.0,-0.7003139541307933,0.9043084725386709,0.2621558904647827,0.2095896005630493
136,17.0,-0.9281658356328764,1.5297224145227604,-0.2213899791240692,0.9283564686775208
136,18.0,-0.8034237525427406,0.9078237400880452,0.2691286206245422,0.2322759628295898
136,19.0,-0.968391490779529,1.4707840385521909,-0.1936976015567779,0.9191044569015504
136,20.0,-0.818490457568391,0.9457915642513233,0.2246078848838806,0.2305633127689361
136,21.0,-0.9259454735865583,1.435521052411587,-0.1710409671068191,0.8870245218276978
136,22.0,-0.7876942665640388,0.9674014461734385,0.2409552186727523,0.22919362783432
136,23.0,-0.00789546489753255,0.1201658943789084,-0.1390165388584137,0.9982516169548036
136,24.0,0.00789546489753255,-0.1201658943789084,0.1392298489809036,0.9951795339584352
136,25.0,0.8623934399677043,0.4435901604617615,-0.1384578496217727,0.8617615699768066
136,26.0,0.8511637637131512,0.24404632292699577,0.1175948679447174,0.192242756485939
136,27.0,1.7089335892520938,0.615757830075673,-0.1083873063325882,0.8968396186828613
136,28.0,1.6165102985176387,0.4743555640527973,0.1591837406158447,0.3880831301212311
136,29.0,1.855498707972709,0.5707940575247761,-0.1096279323101043,0.927072823047638
136,30.0,1.792365645195496,0.4502748284492121,0.1586991995573043,0.5656076669692993
136,31.0,1.6557004484947087,1.2057644126022453,-0.2011817395687103,0.902308225631714
136,32.0,1.606925849226601,1.0586514089348689,0.0768686830997467,0.5793998837471008
137,0.0,-1.3945728298620483,0.1475270582244699,0.0254384223371744,0.999752640724182
137,1.0,-1.4537099384579706,0.05347982834057187,-0.0063002640381455,0.9997178316116332
137,2.0,-1.4540839448109075,0.03796043243173801,-0.0063798334449529,0.9996770024299622
137,3.0,-1.4545935423929015,0.020286518762407127,-0.0064067239873111,0.999761164188385
137,4.0,-1.4539157828516232,0.054105291216413935,0.0397419929504394,0.9997504949569702
137,5.0,-1.4542372959351186,0.041235330884334356,0.0397257283329963,0.999739110469818
137,6.0,-1.4547713379484504,0.026720712512425318,0.039679929614067,0.9998650550842284
137,7.0,-1.4084214193983344,-0.12593574421289938,-0.0810925140976905,0.9994965195655824
137,8.0,-1.4074043213437384,-0.12640182677503148,0.1210974976420402,0.9997740983963012
137,9.0,-1.333497271307562,0.12526938770393437,0.0039637838490307,0.9992663860321044
137,10.0,-1.3277108222206644,0.12941380013774115,0.0632613226771354,0.9992530345916748
137,11.0,-1.0368138974658823,-0.08935350585900698,-0.1845183223485946,0.9997402429580688
137,12.0,-0.9046172331663895,-0.39110998392132895,0.2534207999706268,0.998916506767273
137,13.0,-0.6788212029072975,0.5447929756935093,-0.2186630368232727,0.9520218372344972
137,14.0,-0.5655681209440009,0.2153845374798563,0.3173843622207641,0.1233197078108787
137,15.0,-0.8303608178126201,1.4595693931655396,-0.1863686889410019,0.9394101500511168
137,16.0,-0.701447702541961,0.9304212467363087,0.2709215879440307,0.2234012931585312
137,17.0,-0.9371858662847339,1.5607297559647655,-0.2250470668077469,0.9298036694526672
137,18.0,-0.7980368911463286,0.8883081445025371,0.2786994874477386,0.2444815635681152
137,19.0,-0.9768081268394395,1.4955903926186869,-0.1988153755664825,0.9209040403366088
137,20.0,-0.8154257290078314,0.9185605202986097,0.233790174126625,0.2431306988000869
137,21.0,-0.9339913133356771,1.4620201276275038,-0.1750698536634445,0.889951765537262
137,22.0,-0.7826817251166712,0.9641113091014478,0.250083714723587,0.2422605454921722
137,23.0,-0.010272297143413645,0.1227473515226785,-0.1369179636240005,0.9982277154922484
137,24.0,0.010272297143413645,-0.1227473515226785,0.1371237933635711,0.9952472448349
137,25.0,0.855700452721787,0.4582392419407182,-0.1330865323543548,0.8607671856880188
137,26.0,0.8465151135895549,0.24427798639061227,0.116859033703804,0.192117154598236
137,27.0,1.702570108867745,0.6527943714645927,-0.1007694154977798,0.8966295719146729
137,28.0,1.6147389733572088,0.5172010452984933,0.1569371074438095,0.3878782391548157
137,29.0,1.8489913350965144,0.6259227981453581,-0.1014629453420639,0.9275696873664856
137,30.0,1.7869297419202852,0.5072458048811195,0.1561647355556488,0.5662652254104614
137,31.0,1.6470281666492124,1.2449816261848967,-0.188508927822113,0.9019511342048644
137,32.0,1.6009567704400787,1.1078592451341418,0.0754188522696495,0.580142080783844
138,0.0,-1.3906967502756822,0.14674209484298278,0.0153626147657632,0.9997645616531372
138,1.0,-1.4502865121174875,0.050575030220370805,-0.0166939571499824,0.9997326135635376
138,2.0,-1.4507982266534403,0.03245295546352816,-0.0167881231755018,0.9996936321258544
138,3.0,-1.4515016300423633,0.01278692006470448,-0.0168223325163126,0.9997735023498536
138,4.0,-1.4505559214934682,0.055524325374741466,0.0322212390601635,0.9997615218162536
138,5.0,-1.4510266204929076,0.042302431626636244,0.0322271585464477,0.9997497797012328
138,6.0,-1.4517708434842518,0.02686517641592541,0.0321895219385623,0.9998699426651
138,7.0,-1.4054033019473713,-0.13726175850849046,-0.0936122760176658,0.9995225071907043
138,8.0,-1.4042872613614923,-0.13022328344651873,0.1204694360494613,0.9997801780700684
138,9.0,-1.330007994113969,0.11790895641080643,-0.0070853210054337,0.9993128180503844
138,10.0,-1.3251449099599122,0.1269219246254165,0.0559162348508834,0.9992921352386476
138,11.0,-1.0391111141078715,-0.10951931985300968,-0.2059281021356582,0.9997499585151672
138,12.0,-0.901204079324306,-0.37543114167502234,0.2595307528972626,0.9989528059959412
138,13.0,-0.6908327800952756,0.5598829730370226,-0.2510680854320526,0.955103874206543
138,14.0,-0.5685461335867239,0.2390544827697521,0.3169306516647339,0.1354050487279892
138,15.0,-0.834490741713401,1.494291349754863,-0.2205550074577331,0.9438682198524476
138,16.0,-0.7080190736305321,1.0028977915579347,0.230487585067749,0.2423008531332016
138,17.0,-0.9449912994972535,1.5859621188429345,-0.273794949054718,0.9346055388450624
138,18.0,-0.797998800885178,0.956500598661855,0.2340329736471176,0.2607915997505188
138,19.0,-0.9828842997033014,1.5250051942211549,-0.2458676248788833,0.926344871520996
138,20.0,-0.8180627131127218,1.0218764901633486,0.1874429434537887,0.2593523859977722
138,21.0,-0.939595666482168,1.4942383169273974,-0.2091014087200164,0.8971469402313232
138,22.0,-0.798003372680649,1.122068041027876,0.2075037062168121,0.258436918258667
138,23.0,-0.011325121118476923,0.11038534853797874,-0.1369877159595489,0.9981998801231384
138,24.0,0.011325121118476923,-0.11038534853797874,0.1372083574533462,0.99526184797287
138,25.0,0.8511670841195291,0.4482786532036998,-0.1290735751390457,0.8587405681610107
138,26.0,0.8466611225031351,0.2438410220053488,0.1263623833656311,0.1915899664163589
138,27.0,1.701844463632731,0.668941717151993,-0.08472540974617,0.8973544239997864
138,28.0,1.612421189198291,0.5296417215997231,0.1831553280353546,0.3910762071609497
138,29.0,1.8536918171670156,0.6604068281209404,-0.0853679925203323,0.929055154323578
138,30.0,1.7855051858098412,0.5245458677448193,0.1841176897287368,0.5721753239631653
138,31.0,1.6351657410446794,1.253638567288387,-0.1809688955545425,0.9018564820289612
138,32.0,1.590670153819155,1.1161262743880758,0.098751775920391,0.5844500660896301
139,0.0,-1.3820648863945535,0.09667199187563327,0.0136490100994706,0.9997732043266296
139,1.0,-1.4420066268888498,-0.0016305012638026255,-0.0182458106428384,0.9997434616088868
139,2.0,-1.442506413791748,-0.018525970684074668,-0.0183402709662914,0.99970543384552
139,3.0,-1.4430628855834522,-0.03689239351178679,-0.0183729138225317,0.999782145023346
139,4.0,-1.4419924232382224,0.0011432965902272347,0.0295827593654394,0.9997696280479432
139,5.0,-1.4422495806571156,-0.013710479123421632,0.0295831058174371,0.999757707118988
139,6.0,-1.4426448183143,-0.03084825374343777,0.0295405518263578,0.999873697757721
139,7.0,-1.3957976762751252,-0.1793354225352261,-0.0933737456798553,0.9995397329330444
139,8.0,-1.3945925062479185,-0.17910868298000518,0.1161816865205764,0.9997853636741638
139,9.0,-1.321890763798897,0.07644132368886218,-0.0079880906268954,0.9993480443954468
139,10.0,-1.3174627919300186,0.08121971713006831,0.0535091795027256,0.9993233680725098
139,11.0,-1.0332399600535318,-0.1282108413810826,-0.2020460963249206,0.9997545480728148
139,12.0,-0.8912686997728488,-0.41609276714385507,0.2573322355747223,0.9989804625511168
139,13.0,-0.6996269489638959,0.5655857359992492,-0.2493091374635696,0.9571433067321776
139,14.0,-0.569111484197453,0.23332096915272926,0.3113448023796081,0.1427491307258606
139,15.0,-0.8336130336041899,1.489958540548057,-0.2239625453948974,0.9469348192214966
139,16.0,-0.7076206857087727,0.9879991925291484,0.2405874729156494,0.2533830106258392
139,17.0,-0.9501702660718839,1.5793074155303537,-0.2735598385334015,0.9377926588058472
139,18.0,-0.7965590168167705,0.8932160916164025,0.2466404139995575,0.2707566320896148
139,19.0,-0.9868418868588503,1.5186885694993,-0.2454955577850341,0.9299822449684144
139,20.0,-0.8164983480235498,0.941335725095347,0.2008451372385025,0.2693649232387543
139,21.0,-0.9416344557564876,1.4886170414175677,-0.2120363861322403,0.902021050453186
139,22.0,-0.7948491307658998,1.027609866429499,0.2186517119407653,0.2686117887496948
139,23.0,-0.012804039757355383,0.11138567678857356,-0.1370749324560165,0.9981685876846312
139,24.0,0.012804039757355383,-0.11138567678857356,0.1372898072004318,0.9952460527420044
139,25.0,0.8421008498489728,0.4510036541078416,-0.1253385543823242,0.8568292856216431
139,26.0,0.8424604162374583,0.24250054858286324,0.1265315413475036,0.1908319890499115
139,27.0,1.686466241548659,0.689864436146369,-0.0847560092806816,0.8976848125457764
139,28.0,1.5963224809860461,0.5464799450566863,0.1810145527124405,0.3927811980247497
139,29.0,1.8355078067128816,0.6866433854397066,-0.0857374966144561,0.930120050907135
139,30.0,1.770120425482152,0.548184383131974,0.1816476732492447,0.5759505033493042
139,31.0,1.6181986972263256,1.2647330036844227,-0.1788764595985412,0.9017646312713624
139,32.0,1.5707149203261528,1.1267835168074154,0.0992020666599273,0.5879373550415039
140,0.0,-1.3793980246347626,0.061765517415414674,0.0159418378025293,0.9997837543487548
140,1.0,-1.4423007077240613,-0.030682598820693227,-0.0163492001593112,0.9997557997703552
140,2.0,-1.4428540412128865,-0.046508625910638014,-0.0164414402097463,0.9997190237045288
140,3.0,-1.4436489581910739,-0.06482631194497288,-0.0164676774293184,0.9997921586036682
140,4.0,-1.442834207305954,-0.030228955100157023,0.03229496255517,0.9997798204421996
140,5.0,-1.4433522949667206,-0.04484127714421768,0.0322934836149215,0.9997681379318236
140,6.0,-1.444160607960738,-0.061280919794222614,0.0322599597275257,0.9998788833618164
140,7.0,-1.3961217148437273,-0.2111859785679002,-0.0949011668562889,0.9995614886283876
140,8.0,-1.3957435700279421,-0.21273757535287638,0.118656039237976,0.9997934103012084
140,9.0,-1.3184010223410934,0.03708823543876923,-0.0069793881848454,0.9993894100189208
140,10.0,-1.3142915668830135,0.0417890664694632,0.0557066276669502,0.9993606209754944
140,11.0,-1.028581211201212,-0.14240094885753712,-0.2099355906248092,0.9997637867927552
140,12.0,-0.8827713014609411,-0.44643822472050804,0.2601007521152496,0.9990249276161194
140,13.0,-0.7352175686114533,0.6277770996686108,-0.2617235779762268,0.9599039554595948
140,14.0,-0.5908706858815932,0.28622603726205575,0.3149610757827759,0.1540124863386154
140,15.0,-0.8451992487514167,1.560471450375981,-0.2430796027183532,0.950441300868988
140,16.0,-0.721424484467524,1.0383171233663204,0.2394123971462249,0.267106682062149
140,17.0,-0.9597042301977241,1.6626976177007788,-0.2945222854614258,0.941483199596405
140,18.0,-0.8074971376357749,0.9562741998531995,0.2462533414363861,0.2815907895565033
140,19.0,-0.9969339691823484,1.6027984384131435,-0.2612490355968475,0.9341371655464172
140,20.0,-0.8275035020151332,0.9814540275110811,0.1987640112638473,0.2798536717891693
140,21.0,-0.9521884150250329,1.5723010427627615,-0.2293033301830291,0.9074594974517822
140,22.0,-0.8055141371177085,1.0903235782203375,0.216724008321762,0.2794422507286072
140,23.0,-0.013618155587702071,0.11270809450739451,-0.1378815174102783,0.9981651902198792
140,24.0,0.013618155587702071,-0.11270809450739451,0.138058140873909,0.9952825307846068
140,25.0,0.837408360049788,0.49297520336367956,-0.1208173856139183,0.8536163568496704
140,26.0,0.8403695298402606,0.2916588370023764,0.1366603672504425,0.1877203434705734
140,27.0,1.6817043531707223,0.759967423178712,-0.0698473677039146,0.8972073793411255
140,28.0,1.5911865637982023,0.6144999572217476,0.2032762616872787,0.3916153609752655
140,29.0,1.8316624757740945,0.7553290201829542,-0.0701688677072525,0.9308741092681884
140,30.0,1.7662493403007222,0.6228093887885647,0.205419436097145,0.5792592763900757
140,31.0,1.6105855554209947,1.3311181332912165,-0.1655278950929641,0.9004043340682983
140,32.0,1.5558411110014012,1.1917769384959882,0.1220930516719818,0.5893797874450684
141,0.0,-1.362162919696636,0.028871591339825062,0.0136172510683536,0.9997942447662354
141,1.0,-1.426906371594959,-0.06334607418537067,-0.0193898733705282,0.9997678995132446
141,2.0,-1.427496342638393,-0.08022036537075856,-0.0194801501929759,0.9997326135635376
141,3.0,-1.4283636406001838,-0.09965164805483046,-0.0194998867809772,0.9998019337654114
141,4.0,-1.4277884011420667,-0.060885835107286984,0.0301955472677946,0.999789834022522
141,5.0,-1.4286463712441586,-0.07592980722956337,0.0301885288208723,0.999778687953949
141,6.0,-1.4297119988021667,-0.09385370778630399,0.0301749613136053,0.9998841285705566
141,7.0,-1.3829964691787435,-0.252890241827779,-0.1000947877764701,0.999582588672638
141,8.0,-1.3829091732779757,-0.2507781570716959,0.117348626255989,0.9998013377189636
141,9.0,-1.3000528834164609,0.0033618892955928595,-0.0100664310157299,0.9994285106658936
141,10.0,-1.2968615974582562,0.007852642604945066,0.0537793971598148,0.9993967413902284
141,11.0,-1.017306928885597,-0.17922588223376096,-0.2158451378345489,0.9997699856758118
141,12.0,-0.8750898768125207,-0.4679482286387004,0.2614866495132446,0.9990710616111756
141,13.0,-0.7433878314926368,0.6426439875621734,-0.2599823772907257,0.9626035094261168
141,14.0,-0.6033433344385192,0.29497136910248806,0.3044530749320984,0.1666759252548217
141,15.0,-0.8486345227850274,1.5675755135985636,-0.2411524653434753,0.953892469406128
141,16.0,-0.7251931013542958,1.0194267332497065,0.2037642300128936,0.2796074151992798
141,17.0,-0.9594116699278221,1.6715766461358592,-0.2911687195301056,0.945225954055786
141,18.0,-0.8089769664502755,0.9523577494333646,0.2072562426328659,0.2912913560867309
141,19.0,-0.9966658549636196,1.6043321698970465,-0.2601225674152374,0.9383680820465088
141,20.0,-0.8297308753095749,0.9855888607460893,0.1588231027126312,0.2891688644886017
141,21.0,-0.9527747369269358,1.5756360709796928,-0.2268347442150116,0.913085162639618
141,22.0,-0.8071809996428825,1.0807214502621367,0.1800055354833603,0.2888644933700561
141,23.0,-0.014650014792651225,0.10697240966674143,-0.1380184143781662,0.9981600046157836
141,24.0,0.014650014792651225,-0.10697240966674143,0.1382000893354416,0.9953163862228394
141,25.0,0.8221786541169992,0.4933789333607935,-0.1160276159644126,0.8510348200798035
141,26.0,0.8275818650950978,0.30599728524690895,0.1406373977661132,0.1854405850172042
141,27.0,1.654736578546056,0.7731115388984668,-0.0585680417716503,0.8982436656951904
141,28.0,1.5619106079083627,0.6278310890401605,0.2101892083883285,0.3927387595176697
141,29.0,1.8044902839355204,0.7662804577557111,-0.0580057315528392,0.9329952001571656
141,30.0,1.7382274845174253,0.6364119480022834,0.2127663791179657,0.5843042731285095
141,31.0,1.5804515624666977,1.3356404050793114,-0.1500381827354431,0.9010154008865356
141,32.0,1.5226481668444405,1.1980723582801331,0.1299502253532409,0.5938925743103027
142,0.0,-1.3537653191330776,0.001024854604731825,0.0116189718246459,0.9998063445091248
142,1.0,-1.4179985433620332,-0.09354069165336609,-0.0218136589974164,0.9997814893722534
142,2.0,-1.4185191818179674,-0.11168734103910337,-0.0218955352902412,0.9997480511665344
142,3.0,-1.4192800606654088,-0.13224806957389348,-0.0219037495553493,0.9998130202293396
142,4.0,-1.4192417633319696,-0.08799097823545425,0.0275451242923736,0.9998010993003844
142,5.0,-1.420511861999914,-0.10118065685148461,0.0275387670844793,0.999790370464325
142,6.0,-1.421917701300283,-0.11729838151022776,0.0275445319712162,0.9998897910118104
142,7.0,-1.374251826537568,-0.2840838459847445,-0.1034376993775367,0.9996072053909302
142,8.0,-1.3747470617371502,-0.2741976170886234,0.1128371283411979,0.9998103976249696
142,9.0,-1.2922056593358582,-0.022925284163884688,-0.0122864842414855,0.9994702935218812
142,10.0,-1.290079868656614,-0.015715378133901007,0.0512380972504615,0.99943608045578
142,11.0,-1.0101415005303434,-0.19680569851843024,-0.218142956495285,0.9997810125350952
142,12.0,-0.875758274430167,-0.46906368717511376,0.2603633105754852,0.9991176128387452
142,13.0,-0.7497882732555402,0.6553388378408677,-0.2575181424617767,0.9653816223144532
142,14.0,-0.6241748157647579,0.3075913522563249,0.3023889362812042,0.1808184832334518
142,15.0,-0.8505219354346557,1.57879775613714,-0.2312692999839782,0.9573641419410706
142,16.0,-0.7296302761434157,1.0209389108739864,0.2106022238731384,0.2934298813343048
142,17.0,-0.9609221781519425,1.6906970475777243,-0.2803679704666137,0.9489895105361938
142,18.0,-0.8102658569715998,0.9672944182186946,0.2158883512020111,0.3015668392181396
142,19.0,-0.9980921458660978,1.6271658128292124,-0.2465649098157882,0.9426169991493224
142,20.0,-0.8318166710077312,1.005130644065345,0.1688168346881866,0.2990555167198181
142,21.0,-0.9540795929448616,1.5973398238868968,-0.2163372784852981,0.9187831282615662
142,22.0,-0.8091132162894625,1.0939091232477,0.1876849830150604,0.2989120483398437
142,23.0,-0.014691549923365207,0.1070018515342453,-0.1377386748790741,0.9981818199157716
142,24.0,0.014691549923365207,-0.1070018515342453,0.1378661096096038,0.9954121708869934
142,25.0,0.8194710733186575,0.5036000556815411,-0.1104005351662635,0.8497671484947205
142,26.0,0.8292857112196059,0.31928377833890254,0.1398539394140243,0.1846633404493332
142,27.0,1.6548286760034039,0.7988674928261834,-0.0529139675199985,0.9001445770263672
142,28.0,1.5562245251824927,0.6476852729196518,0.2078410238027572,0.3968094289302826
142,29.0,1.805610602173485,0.7889481627172404,-0.0521926395595073,0.9354438185691832
142,30.0,1.7435535260890163,0.6645289148735343,0.2103018164634704,0.5908041596412659
142,31.0,1.5713661489608153,1.3502184856894357,-0.1426947563886642,0.9026980996131896
142,32.0,1.5131847373605403,1.2128299773832958,0.1281235069036483,0.6006396412849426
143,0.0,-1.3506704369235139,0.010314611335054156,0.0077375685796141,0.99981951713562
143,1.0,-1.4156477919490007,-0.08998796159314643,-0.025422103703022,0.9997962117195128
143,2.0,-1.416463104810227,-0.10857979302340001,-0.0255050621926784,0.9997650384902954
143,3.0,-1.4173950636654142,-0.12908072419114866,-0.0255087446421384,0.9998251795768738
143,4.0,-1.4163707043829328,-0.08212603432751009,0.02341222576797,0.9998137950897216
143,5.0,-1.4176835286357496,-0.09534285908350425,0.0234097652137279,0.9998037815093994
143,6.0,-1.4191609809225971,-0.11125227810926143,0.0234204363077878,0.99989652633667
143,7.0,-1.3720865268687596,-0.279475528764903,-0.1070167273283004,0.9996337890625
143,8.0,-1.37284093944836,-0.2664157592806468,0.1062897518277168,0.999821960926056
143,9.0,-1.2912212620078913,-0.019483381007663777,-0.0164017453789711,0.9995118975639344
143,10.0,-1.2887557233335747,-0.008919950340156097,0.0463672913610935,0.999476969242096
143,11.0,-1.0085843913510124,-0.21038928201106336,-0.2171375453472137,0.9997893571853638
143,12.0,-0.873518512209501,-0.4661376283251669,0.2523489892482757,0.9991597533226012
143,13.0,-0.75524647436547,0.6587431371882004,-0.2558833658695221,0.9676752090454102
143,14.0,-0.6321731779549552,0.3130326657640646,0.2909039258956909,0.1940738707780838
143,15.0,-0.8567214890791243,1.5863886997017929,-0.2297290116548538,0.9603552222251892
143,16.0,-0.7349480350432119,0.9973705940395979,0.1994591504335403,0.3062323033809662
143,17.0,-0.9671248541717797,1.6834893305502667,-0.2773061096668243,0.9522889256477356
143,18.0,-0.8182297110784857,0.9722511687869013,0.2036066502332687,0.3114457726478576
143,19.0,-1.0009476105810846,1.6194352161578325,-0.2441198378801345,0.9463487267494202
143,20.0,-0.8378833837827341,1.0049331744663952,0.1581327021121978,0.3085130751132965
143,21.0,-0.9579103933787859,1.5909621390329356,-0.2152905911207199,0.9238057732582092
143,22.0,-0.8137746359310672,1.087695702646386,0.1770173907279968,0.3085016012191772
143,23.0,-0.016562712955927997,0.10339518722962675,-0.1344927102327346,0.9981990456581116
143,24.0,0.016562712955927997,-0.10339518722962675,0.1345486491918563,0.9954992532730104
143,25.0,0.8129790504337949,0.5007058245453059,-0.1034773215651512,0.8502612113952637
143,26.0,0.8275019539568673,0.3234107864837194,0.1388678103685379,0.1860664784908294
143,27.0,1.6439584931991678,0.8088419040293272,-0.0452195070683956,0.9024275541305542
143,28.0,1.5474293195387836,0.6589055379392034,0.2016415745019912,0.4019277095794678
143,29.0,1.789118291746079,0.7985141835427423,-0.0446174703538417,0.9379357695579528
143,30.0,1.7310783506200171,0.6789668670740648,0.2037294656038284,0.597252368927002
143,31.0,1.5493424920223848,1.3513688492441474,-0.1355471163988113,0.9048156142234802
143,32.0,1.4927328484196556,1.2219652326507304,0.1210933029651641,0.6080265641212463
144,0.0,-1.3483310996288909,-0.03621542019630521,0.0041753021068871,0.9998306035995485
144,1.0,-1.4153624390183457,-0.13026703316257343,-0.0281446948647499,0.9998083114624025
144,2.0,-1.4160666832603208,-0.14981687861820397,-0.028224105015397,0.999779224395752
144,3.0,-1.416860041120342,-0.17073309071987228,-0.0282251313328742,0.9998350739479064
144,4.0,-1.415824640807331,-0.12267978967408637,0.0186031255871057,0.9998243451118468
144,5.0,-1.4170201167536096,-0.13579650470163054,0.0186112951487302,0.9998151063919068
144,6.0,-1.41845415662272,-0.15142560394724566,0.0186322033405303,0.9999020099639891
144,7.0,-1.3700527495771289,-0.32027801152572843,-0.1061850264668464,0.9996554255485536
144,8.0,-1.3710977000365736,-0.3067643645841622,0.0978177636861801,0.9998317956924438
144,9.0,-1.2891698398527653,-0.06089831124499376,-0.0184391271322965,0.99954754114151
144,10.0,-1.2858725727390583,-0.05026033356199281,0.0416624620556831,0.9995110630989076
144,11.0,-1.0054291706779588,-0.22165598940794784,-0.2136096507310867,0.9997946619987488
144,12.0,-0.8700252971621548,-0.4730889559198733,0.2429071068763733,0.999195396900177
144,13.0,-0.7731330532229121,0.6833642065870963,-0.2417492717504501,0.9697636365890504
144,14.0,-0.6440555508823474,0.3180213941432702,0.2838018536567688,0.2067975550889969
144,15.0,-0.8661713387311718,1.6143377793365135,-0.2002794295549392,0.96282559633255
144,16.0,-0.740830157256249,0.9812113907343877,0.2035179883241653,0.3175373673439026
144,17.0,-0.9720028992082905,1.7044486603558588,-0.2415380924940109,0.9549384117126464
144,18.0,-0.8170825741263724,0.9650955502506728,0.2084899693727493,0.3199842572212219
144,19.0,-1.0056062594859991,1.6386121012066515,-0.2091326415538787,0.949355959892273
144,20.0,-0.8390955984098396,1.0148850805672895,0.1651185005903244,0.3167133033275604
144,21.0,-0.9629365846966483,1.6115316806811073,-0.1858370453119278,0.9279361367225648
144,22.0,-0.8145491922353479,1.0823817207998703,0.1824435591697693,0.3167853951454162
144,23.0,-0.01588562503326227,0.10425825290968493,-0.1299461275339126,0.99820876121521
144,24.0,0.01588562503326227,-0.10425825290968493,0.1299422085285186,0.995581328868866
144,25.0,0.8047337920656948,0.5166553325379374,-0.0913400575518608,0.8504564762115479
144,26.0,0.8194529078219935,0.3386461686637062,0.1378251761198043,0.1879535019397735
144,27.0,1.6261736363139028,0.8430957815994617,-0.0331792943179607,0.9043709635734558
144,28.0,1.5255955418193088,0.6864966546173202,0.2004411071538925,0.4057023823261261
144,29.0,1.7705437691648047,0.8305503044698537,-0.0322827249765396,0.9403015375137328
144,30.0,1.7116536450029904,0.7119830228864894,0.2028627395629882,0.6024225950241089
144,31.0,1.5263802982229397,1.3754690107710459,-0.1203758344054222,0.9065303802490234
144,32.0,1.4693969145556973,1.2459313305135875,0.1232850477099418,0.6139847636222839
145,0.0,-1.3421455042674089,-0.041118161903411526,0.0064019309356808,0.9998430609703064
145,1.0,-1.4117007908033914,-0.13557680480022893,-0.0266583729535341,0.9998222589492798
145,2.0,-1.412882746247941,-0.1545369882465803,-0.0267332848161458,0.9997953176498412
145,3.0,-1.4139045914043675,-0.1755215807196125,-0.0267279408872127,0.9998466968536376
145,4.0,-1.4110913509345524,-0.1299938012705965,0.0212626717984676,0.9998367428779602
145,5.0,-1.4122270564965824,-0.14398823438780617,0.0212647896260023,0.999828279018402
145,6.0,-1.4136348424301635,-0.16088746257878284,0.0212845429778099,0.9999088048934937
145,7.0,-1.3669491776389449,-0.32424809666831095,-0.1077950745820999,0.9996804594993592
145,8.0,-1.367870709698681,-0.3143491095514172,0.1020411103963851,0.9998437762260436
145,9.0,-1.284950908404545,-0.06768273339059805,-0.017196075990796,0.9995847940444946
145,10.0,-1.2805378882790273,-0.05843250484375864,0.044407732784748,0.999549388885498
145,11.0,-1.0019603533945947,-0.225037183826515,-0.2172307968139648,0.999805748462677
145,12.0,-0.8648816246165285,-0.4925288613118528,0.2469961941242218,0.9992474913597108
145,13.0,-0.7873922778525972,0.6991768650099875,-0.2438881695270538,0.9719433784484864
145,14.0,-0.6501221224490621,0.3209105438382178,0.2902440428733825,0.2257015109062194
145,15.0,-0.874162224339627,1.6290386924159448,-0.2087253183126449,0.9655489325523376
145,16.0,-0.7479365912903193,0.9855775612215052,0.2053704708814621,0.3359480798244476
145,17.0,-0.9775670059562556,1.72069764215186,-0.2505944669246673,0.9579517245292664
145,18.0,-0.8240868338263179,0.9798818944903132,0.2106401473283767,0.3345847725868225
145,19.0,-1.0114486365138569,1.6528597763215305,-0.2188579142093658,0.9527405500411988
145,20.0,-0.8464086402051092,1.0189661957561746,0.1651907116174698,0.3308116197586059
145,21.0,-0.9691408318557226,1.6280889945558186,-0.1946612447500229,0.9325266480445862
145,22.0,-0.838436017404814,1.1555263461512237,0.1834142655134201,0.3307732045650482
145,23.0,-0.01644807129882544,0.10721491499017624,-0.1306643784046173,0.9982445240020752
145,24.0,0.01644807129882544,-0.10721491499017624,0.130677044391632,0.995707631111145
145,25.0,0.8004821287988956,0.5299091001487564,-0.0970714911818504,0.8499153852462769
145,26.0,0.8152160559505028,0.342533309077131,0.1372842341661453,0.189089834690094
145,27.0,1.618075201872236,0.8707208298114522,-0.0418863482773304,0.9057902097702026
145,28.0,1.5194641512669316,0.7068246044393423,0.2033502012491226,0.4084402024745941
145,29.0,1.7714607318720041,0.8651637867063401,-0.0413822159171104,0.9425999522209167
145,30.0,1.7059686298379046,0.7354539118262511,0.2060815393924713,0.6087968349456787
145,31.0,1.5109037642920566,1.393481865692133,-0.131074920296669,0.907909631729126
145,32.0,1.4539851554665701,1.2635058334499703,0.1260873824357986,0.6197094321250916
146,0.0,-1.3457264490282115,-0.045564997622034316,0.0064881765283644,0.9998549222946168
146,1.0,-1.4162383967601744,-0.14664044267606924,-0.027732815593481,0.9998356103897096
146,2.0,-1.417164418405097,-0.16413755683410977,-0.0278037805110216,0.9998105764389038
146,3.0,-1.4178682804464737,-0.18406823120459226,-0.027793338522315,0.999857783317566
146,4.0,-1.4154988507258202,-0.1426370385115441,0.0214302707463502,0.9998487830162048
146,5.0,-1.4163405398300206,-0.15665738634145432,0.021428981795907,0.999841034412384
146,6.0,-1.4174077870132877,-0.17393196328755747,0.0214561093598604,0.9999154806137084
146,7.0,-1.368907891104634,-0.3257237396376931,-0.1117027774453163,0.9997044205665588
146,8.0,-1.370414359781711,-0.32293850014349035,0.1037990003824234,0.9998555183410645
146,9.0,-1.287709562964249,-0.07040281890687813,-0.0179209094494581,0.9996198415756226
146,10.0,-1.2827237476350342,-0.06235799799977071,0.045228362083435,0.9995861649513244
146,11.0,-0.9995650328199889,-0.22865169874818328,-0.2221416682004928,0.9998173117637634
146,12.0,-0.8597728959284721,-0.5081403117387546,0.2473191916942596,0.99930340051651
146,13.0,-0.7998133405607527,0.7126129899754426,-0.244732916355133,0.9738502502441406
146,14.0,-0.6545730697996108,0.310383524610738,0.2940539121627807,0.2457345426082611
146,15.0,-0.8770503678722418,1.6272887614343192,-0.2056872397661209,0.9677969813346864
146,16.0,-0.7494007322807181,0.9643572040238975,0.2045731097459793,0.355192095041275
146,17.0,-0.9750987781921805,1.714046051507175,-0.2501794397830963,0.9603331685066224
146,18.0,-0.8292166990352984,0.9849267917924536,0.2099739760160446,0.3498075008392334
146,19.0,-1.0063238454158043,1.6519498619920363,-0.2168831825256347,0.9554212093353271
146,20.0,-0.8513391383783295,1.0117581336444152,0.1637317985296249,0.3455962538719177
146,21.0,-0.9682483326267438,1.6267429914394322,-0.191181868314743,0.936130166053772
146,22.0,-0.8370233749169617,1.0838005281863026,0.182264894247055,0.3454272747039795
146,23.0,-0.016968084801834187,0.11122404817851872,-0.1311614662408828,0.9982913732528688
146,24.0,0.016968084801834187,-0.11122404817851872,0.1311188787221908,0.9958728551864624
146,25.0,0.8006882592033866,0.5475324191188018,-0.0979839414358139,0.8499811291694641
146,26.0,0.8136583522276376,0.36421336296254175,0.1439416855573654,0.1916691809892654
146,27.0,1.6156520036397362,0.9051693543385244,-0.0394828654825687,0.9075897932052612
146,28.0,1.5186335831417899,0.7367096918576352,0.2178877294063568,0.4130924940109253
146,29.0,1.771992702410357,0.9027262280468362,-0.0388779453933239,0.9447844624519348
146,30.0,1.7039708302800662,0.7694662128468935,0.2212955951690673,0.6160800457000732
146,31.0,1.5033734210937906,1.4219231652216793,-0.1305557489395141,0.9097247123718262
146,32.0,1.4457360314630803,1.2919858521262175,0.1418604403734207,0.6269099712371826
147,0.0,-1.3530267196897812,-0.06016243165673416,0.0065704649314284,0.9998642802238464
147,1.0,-1.4229843017103205,-0.16694745039912673,-0.0277689639478921,0.99984610080719
147,2.0,-1.4235885929050063,-0.1837363346020568,-0.0278395004570484,0.999822735786438
147,3.0,-1.4239299683926412,-0.20296048968694327,-0.0278256963938474,0.9998663663864136
147,4.0,-1.4222982815775262,-0.1629349367485178,0.0212012100964784,0.999858021736145
147,5.0,-1.4228562387511468,-0.17676473044463445,0.0211960580199956,0.9998511672019958
147,6.0,-1.4236148719020285,-0.19387776418978278,0.0212297085672616,0.999920666217804
147,7.0,-1.371805074851497,-0.3437962987815983,-0.1115446239709854,0.9997228980064392
147,8.0,-1.3740245813368488,-0.3433554654631276,0.1026609018445015,0.999864399433136
147,9.0,-1.293606261054238,-0.08391512433375936,-0.0179485213011503,0.9996486306190492
147,10.0,-1.2888790592740835,-0.0752777586808724,0.044988315552473,0.9996153712272644
147,11.0,-0.9998043081341419,-0.2244303045173761,-0.2237308174371719,0.9998260140419006
147,12.0,-0.864857131898567,-0.49878315916754745,0.249050572514534,0.999345064163208
147,13.0,-0.8117069173946534,0.728266072375575,-0.2447356134653091,0.9757735133171082
147,14.0,-0.6639915435005684,0.3253343603471878,0.2897090017795563,0.2578058838844299
147,15.0,-0.8847715821683949,1.6414564409028103,-0.1953515112400055,0.9699409604072572
147,16.0,-0.7569872558054145,0.9849314017141141,0.200516328215599,0.3641002476215362
147,17.0,-0.9776172904376063,1.7707672123559883,-0.2396149337291717,0.9625856280326844
147,18.0,-0.8356020698976419,1.0015150834139797,0.2078237980604171,0.355768084526062
147,19.0,-1.0070441089453857,1.7050028278076905,-0.2038234770298004,0.9579476714134216
147,20.0,-0.8587351314869822,1.0356782824903472,0.1620770543813705,0.3510625064373016
147,21.0,-0.9728944894464266,1.657967446716174,-0.1798161566257476,0.939540147781372
147,22.0,-0.8437169990307782,1.0986586021962101,0.1787366718053817,0.3511830866336822
147,23.0,-0.017323768668638582,0.10783429257086873,-0.1315547078847885,0.9983092546463012
147,24.0,0.017323768668638582,-0.10783429257086873,0.1314495950937271,0.9959758520126344
147,25.0,0.7996180758170606,0.5523006509456347,-0.0983289703726768,0.8517745733261108
147,26.0,0.8139362313525782,0.3738137031698273,0.1459507495164871,0.1943138241767883
147,27.0,1.6119109268295333,0.9231269728223805,-0.0405863747000694,0.9105732440948486
147,28.0,1.520576198020693,0.7547173288520915,0.2178236693143844,0.4221157133579254
147,29.0,1.7675157837244053,0.9208544053956725,-0.0399608202278614,0.9475260376930236
147,30.0,1.7015688293020574,0.7867691551150653,0.2210204005241394,0.6264458298683167
147,31.0,1.4938480690492324,1.4349223848313104,-0.1307310909032821,0.9126394987106324
147,32.0,1.4363916196648339,1.3047108347433578,0.1418344974517822,0.637618362903595
148,0.0,-1.3588485600024893,-0.07893417196411708,0.0031064839567989,0.9998739957809448
148,1.0,-1.4279584283708893,-0.19004350632614903,-0.0307228565216064,0.9998569488525392
148,2.0,-1.428346006808952,-0.20615833226791813,-0.0307893957942724,0.9998352527618408
148,3.0,-1.4283184481866147,-0.22464257197163148,-0.0307710878551006,0.9998754262924194
148,4.0,-1.4273796345259036,-0.1855517647647185,0.0177481696009635,0.9998677968978882
148,5.0,-1.427880649024475,-0.19818152355917687,0.0177496187388896,0.9998615980148317
148,6.0,-1.4284972339643278,-0.21385792257975536,0.0177972260862588,0.9999260306358336
148,7.0,-1.3731385531590221,-0.3597862893587262,-0.11216601729393,0.999742031097412
148,8.0,-1.3761335915911528,-0.35791632069772594,0.0995943695306778,0.9998736381530762
148,9.0,-1.2985080461446674,-0.09761577911345232,-0.0207515433430671,0.999676525592804
148,10.0,-1.2941362065619706,-0.08829983479720271,0.0415180772542953,0.9996445178985596
148,11.0,-0.9964253687502045,-0.2323765634794613,-0.2242051213979721,0.999833047389984
148,12.0,-0.8621207141106232,-0.5064105898215918,0.2497658431529998,0.9993836879730223
148,13.0,-0.8192651103232913,0.7377321414400091,-0.2448243647813797,0.9774153232574464
148,14.0,-0.6707048009472649,0.32067991372734944,0.2833318710327148,0.2689109444618225
148,15.0,-0.8874491596433354,1.6418483038863385,-0.1952695548534393,0.9717124700546264
148,16.0,-0.7620840449930478,0.9847957556757356,0.1918818205595016,0.3718001842498779
148,17.0,-0.9748320895707053,1.77539500224779,-0.2392090111970901,0.9643992185592652
148,18.0,-0.8400562389874733,0.9962038953570255,0.1982642859220504,0.3608884215354919
148,19.0,-1.0045426699345503,1.709901151564731,-0.2038134932518005,0.9599995613098145
148,20.0,-0.8636868473909587,1.0374205458141101,0.1533562988042831,0.3558478951454162
148,21.0,-0.9726731006426429,1.663901981553811,-0.1799539625644683,0.9423053860664368
148,22.0,-0.8478223717587126,1.0928619652623328,0.1702877730131149,0.3562749922275543
148,23.0,-0.017412278348293682,0.10715244351201951,-0.1319154351949691,0.9983245730400084
148,24.0,0.017412278348293682,-0.10715244351201951,0.1318396925926208,0.9960709810256958
148,25.0,0.7980838921848427,0.5534813445325006,-0.0958514586091041,0.8534945249557495
148,26.0,0.813775859629885,0.3762687310007376,0.1465803682804107,0.1989433020353317
148,27.0,1.606788714201071,0.9311645422268617,-0.0386410988867282,0.9137451648712158
148,28.0,1.5175075664554074,0.7623086571814812,0.2178232222795486,0.43214151263237
148,29.0,1.759728145164786,0.9329174966007631,-0.0383293554186821,0.9500786662101746
148,30.0,1.6947528234578209,0.7951520063132381,0.2208725810050964,0.6367137432098389
148,31.0,1.4843495844873091,1.4360425211014396,-0.1303099244832992,0.915707230567932
148,32.0,1.4280898183402546,1.3060449213104963,0.1427309364080429,0.648506760597229
149,0.0,-1.348333786980086,-0.08843224711060328,0.0045555820688605,0.9998832941055298
149,1.0,-1.4175547585654724,-0.19690305964468266,-0.0292440056800842,0.9998673796653748
149,2.0,-1.417527403474738,-0.21374064524437697,-0.029312627390027,0.999847173690796
149,3.0,-1.417129048842765,-0.23302765901400957,-0.0292961858212947,0.9998841285705566
149,4.0,-1.4174261710301128,-0.19169678418987968,0.0192830320447683,0.9998772144317628
149,5.0,-1.417770125629037,-0.204714829954887,0.0192828513681888,0.999871551990509
149,6.0,-1.4182202130176378,-0.22056093308222782,0.0193216372281312,0.999931275844574
149,7.0,-1.3625991876647983,-0.37237957765208907,-0.1120196729898452,0.9997605681419371
149,8.0,-1.3662438658197076,-0.36813997279595706,0.1010133400559425,0.9998827576637268
149,9.0,-1.2868756442840652,-0.11446908299682838,-0.0193138793110847,0.9997032284736632
149,10.0,-1.283545022420292,-0.10397936716006977,0.0430008769035339,0.999672830104828
149,11.0,-0.9914796189879912,-0.251243296078031,-0.225898802280426,0.999843180179596
149,12.0,-0.856172780116373,-0.5143810322213567,0.2518629729747772,0.9994270205497742
149,13.0,-0.8314386916578486,0.7350284346833679,-0.249048039317131,0.9791424870491028
149,14.0,-0.6793228008412705,0.3179085826444339,0.2874754965305328,0.2856223285198211
149,15.0,-0.8880371807744111,1.6209023922507686,-0.1996819525957107,0.9736509919166564
149,16.0,-0.7638465575500349,0.9827340538117453,0.1996123194694519,0.3856981098651886
149,17.0,-0.9735433636216348,1.764232646715103,-0.2433722615242004,0.9664631485939026
149,18.0,-0.8423966075509961,0.9956724534622317,0.2069445997476577,0.3711813986301422
149,19.0,-1.0030778052815166,1.698802743339352,-0.2089435905218124,0.9623063206672668
149,20.0,-0.8667572773105988,1.038240448308172,0.1614575684070587,0.3659075200557709
149,21.0,-0.9722272177821457,1.6550504777625454,-0.1847571730613708,0.945419192314148
149,22.0,-0.8515588881457401,1.1700656850646594,0.1778476238250732,0.3665023446083069
149,23.0,-0.017400691072919083,0.1056452363591141,-0.1323112994432449,0.9983673691749572
149,24.0,0.017400691072919083,-0.1056452363591141,0.1321855038404464,0.9962091445922852
149,25.0,0.7869233369059355,0.5458309505295283,-0.0920348986983299,0.8553705811500549
149,26.0,0.802965701954105,0.37513096632474363,0.1543580591678619,0.2047138065099716
149,27.0,1.5789965022540462,0.9319240507659458,-0.0293039605021476,0.916622281074524
149,28.0,1.490681863424698,0.7640930635150708,0.2333061844110489,0.4426932632923126
149,29.0,1.72755834028434,0.9381012148379457,-0.0284223388880491,0.9524322748184204
149,30.0,1.6642935210061258,0.8000717690671444,0.2373863309621811,0.6475063562393188
149,31.0,1.4555311300974105,1.426050778322157,-0.1199958026409149,0.9186663031578064
149,32.0,1.3999880140279328,1.2898261482430218,0.1607338786125183,0.6596162915229797
