frame,landmark,x,y,z,visibility
0,0,-0.24619616893696605,1.325018577861017,-0.2351826901510573,0.9995110034942628
1,0,-0.24906206789134955,1.32257823024661,-0.22763660317081572,0.9995350241661072
2,0,-0.2515153226828462,1.319324556315646,-0.22494011526596278,0.9995455741882324
3,0,-0.2557922816417936,1.3133900638023692,-0.21960859309591427,0.9995406866073608
4,0,-0.25976687571340196,1.3079969637571014,-0.21432904653916723,0.9995356798171996
5,0,-0.26357521604768064,1.3034668936536957,-0.20745220915617152,0.9995471239089966
6,0,-0.26611043089975805,1.2995088845368885,-0.20363569445627255,0.999548077583313
7,0,-0.2685124841987848,1.296766039683214,-0.1960950953666405,0.9995481371879578
8,0,-0.27119017290388403,1.294281520559958,-0.1875036496091577,0.999555766582489
9,0,-0.27447548109586073,1.2908855348125108,-0.17998757719161254,0.9995626211166382
10,0,-0.2793159625624869,1.2856419822413536,-0.17244049415925986,0.9995667338371276
11,0,-0.28616521793359717,1.2788121969339326,-0.164366041542967,0.9995591044425964
12,0,-0.2951069204648883,1.2706072870517207,-0.15530119690151586,0.9995571970939636
13,0,-0.30652678601076266,1.261444866192234,-0.14435756396619692,0.9995482563972472
14,0,-0.3205254707067922,1.2518179910520602,-0.1301349607246236,0.9995279908180236
15,0,-0.3357625768449402,1.2425644002552576,-0.11650402430303455,0.9995152354240416
16,0,-0.35127577979788216,1.2339748927911054,-0.1048612365427997,0.9994980096817015
17,0,-0.3665266020784266,1.2268078662496766,-0.09641478058414502,0.9994990825653076
18,0,-0.3805961140724216,1.2205355863360108,-0.09131839699786612,0.999483048915863
19,0,-0.3920219650425685,1.2161740731035255,-0.09164427094978511,0.9994571208953856
20,0,-0.40115994000797767,1.2140310160099657,-0.09703345126286664,0.9994583129882812
21,0,-0.4091354137917612,1.2131349329526508,-0.10761806989917869,0.9994593262672424
22,0,-0.4161344064495817,1.2126358720270685,-0.12115446112929254,0.9993689656257628
23,0,-0.4222804985109624,1.2141893137383466,-0.1380472239630513,0.999317467212677
24,0,-0.4291753417163533,1.2170723228120983,-0.15744136072593617,0.9992333054542542
25,0,-0.43566235308287726,1.2213900102124238,-0.1750660032263081,0.9991702437400818
26,0,-0.4408268505201197,1.2290229546289175,-0.18876014993519125,0.9990922808647156
27,0,-0.4428667627951053,1.2408038204254273,-0.19997084345383026,0.999005913734436
28,0,-0.44030629840654967,1.255393516740679,-0.20679968423969877,0.9988922476768494
29,0,-0.43262158929071803,1.2720619633955401,-0.20693763245908378,0.9985960721969604
30,0,-0.42125419088121496,1.2898956134013617,-0.2018437461010217,0.998501479625702
31,0,-0.4063025131892413,1.3066427785750911,-0.1925469197021184,0.9984315633773804
32,0,-0.39164279496190263,1.3205083288410102,-0.17840495586064495,0.9983282685279846
33,0,-0.38117945445224694,1.3303804797404237,-0.1608218749938753,0.99837064743042
34,0,-0.3746070230839976,1.3361573929337376,-0.14261811428492427,0.9984116554260254
35,0,-0.3721923574233641,1.3376161219764704,-0.12635779706634348,0.9984508752822876
36,0,-0.3745898233973914,1.3354690203730653,-0.1124839103038334,0.9984936118125916
37,0,-0.37882697584567726,1.3309583285533217,-0.1020098288793082,0.9985200762748718
38,0,-0.3817631691356532,1.3260593823423927,-0.09549915353964873,0.998516857624054
39,0,-0.3835576292577936,1.3217642048059488,-0.09257429499078482,0.9984706044197084
40,0,-0.3838774766077295,1.3185183803021294,-0.09136278342742606,0.9984408617019652
41,0,-0.38246995510937143,1.3165573239109123,-0.09189960282582957,0.9984325766563416
42,0,-0.3804845546530657,1.3156476702145221,-0.09400978394170786,0.9984112977981568
43,0,-0.37905332321074525,1.3149796522393493,-0.09746761096090942,0.9983699917793274
44,0,-0.37816642601334743,1.3141732009771183,-0.10199915980377312,0.9983235001564026
45,0,-0.3777185739542475,1.3133149670409405,-0.10781787874098317,0.9982824921607972
46,0,-0.37774738961555343,1.3126494568820333,-0.11479492120985275,0.998247504234314
47,0,-0.3779904920278495,1.3124226540747554,-0.12228333717785275,0.9982004761695862
48,0,-0.3779140205235653,1.3132870932210436,-0.13028283031716334,0.998160481452942
49,0,-0.3786088732568943,1.3146764923044922,-0.1385241069854086,0.9981570839881896
50,0,-0.37930786696336066,1.3161027516854584,-0.145470710522039,0.9981619119644164
51,0,-0.3793078845995235,1.317109461158358,-0.14935896210416771,0.9982171654701232
52,0,-0.3772492188656307,1.3174137858523016,-0.14865998140411615,0.9982923269271852
53,0,-0.372678280007421,1.3156328577925023,-0.14154831233014925,0.9984050393104552
54,0,-0.36543998349328305,1.3124586938537504,-0.12709545310512693,0.9985070824623108
55,0,-0.3539764291213602,1.3098416670859032,-0.1086234198269996,0.9985930323600768
56,0,-0.3373473783023723,1.308672356234203,-0.09001343598063423,0.9986682534217834
57,0,-0.31731604589859563,1.309118064134465,-0.07566797126714919,0.9987616539001464
58,0,-0.29593947440775437,1.311873136509272,-0.06713332521790963,0.998827338218689
59,0,-0.2705010879033466,1.3172425523636238,-0.0659361895479855,0.998917281627655
60,0,-0.2468332847607885,1.3214948595856029,-0.07028182661626318,0.9990088939666748
61,0,-0.22819946653987194,1.324099777978717,-0.07797550302071779,0.9990903735160828
62,0,-0.21524649744106714,1.325033440131112,-0.08640014960275186,0.9991552233695984
63,0,-0.20698124464469334,1.325229303556387,-0.09590443308215359,0.9992202520370485
64,0,-0.20540601522036392,1.3244788278815314,-0.10595201722567778,0.9992771744728088
65,0,-0.20670428374468322,1.3260850760596188,-0.1165851706191022,0.999323070049286
66,0,-0.21008766699480802,1.3281709383902622,-0.12554959789105957,0.9993306398391724
67,0,-0.21541714671239154,1.3302835190517281,-0.12886048928613325,0.999343752861023
68,0,-0.22207139929045921,1.3307110957916561,-0.1262266346096146,0.9993703365325928
69,0,-0.22984983276735696,1.329042778496478,-0.11782394356526893,0.9993916153907776
70,0,-0.238590540083203,1.3243620312538824,-0.10304192643272585,0.9994096159934998
71,0,-0.24656383639697613,1.319268557711752,-0.08509340751436532,0.9994489550590516
72,0,-0.2518818874381299,1.3144927279814813,-0.0710618354439922,0.999487280845642
73,0,-0.25486296452977264,1.3111814725697681,-0.060582426084211674,0.9995099306106568
74,0,-0.25583501370063144,1.3094369969358661,-0.05351401190642506,0.999537467956543
75,0,-0.25555819046960565,1.3091013561708498,-0.05130193618971214,0.9995594024658204
76,0,-0.2548298836420933,1.3093909309513037,-0.05276397741562565,0.9995788335800172
77,0,-0.254731548247796,1.3100061695687122,-0.05478367379330551,0.99959534406662
78,0,-0.2552342290320058,1.3107104464908186,-0.057697894400389124,0.9996153712272644
79,0,-0.25604977296179177,1.3114825798251248,-0.06150101467995815,0.999632716178894
80,0,-0.2567716112133319,1.3122469917751778,-0.06497850806653839,0.9996476769447328
81,0,-0.25736578403776345,1.3128856530566206,-0.06845302770695152,0.9996598958969116
82,0,-0.2576565853992818,1.3132532138836737,-0.07033155153733602,0.9996700882911682
83,0,-0.2578442633998332,1.3134992830237737,-0.07209949744925377,0.9996790289878844
0,1,-0.16479923605762936,1.4075455763148341,-0.19135763191056834,0.9989855885505676
1,1,-0.16758110354539701,1.4054127701690686,-0.18368675150115674,0.9990450739860536
2,1,-0.17009206380254843,1.4023538918071305,-0.18124566045469376,0.9990711808204652
3,1,-0.1744585636679719,1.3967572647379707,-0.17626730006202518,0.9990696310997008
4,1,-0.17853638713612743,1.3917254154325338,-0.17120552183859844,0.9990653395652772
5,1,-0.18233367321126953,1.3876243164855908,-0.16436055919123344,0.999091386795044
6,1,-0.18480115101434288,1.3840322076753115,-0.160580031794782,0.9990974068641664
7,1,-0.18686970718755064,1.3818054834658136,-0.1526131117462179,0.9991052746772766
8,1,-0.1889896864784497,1.3800122954212461,-0.14346738045838994,0.9991278052330016
9,1,-0.19152617916729509,1.377468009862954,-0.13542549058695114,0.9991469383239746
10,1,-0.195841787002333,1.3732045978539664,-0.12724721339786976,0.999163031578064
11,1,-0.202558322032203,1.3675180408247705,-0.1183823607736029,0.999155044555664
12,1,-0.21181364962710397,1.3606100333030995,-0.10822317400949126,0.99916011095047
13,1,-0.22384945801525916,1.3528828953803256,-0.09572071325864487,0.9991534948349
14,1,-0.23909256260597264,1.3444825414868102,-0.07920957043762808,0.999126672744751
15,1,-0.2556150584004532,1.336317849925902,-0.06317851026525419,0.9991210103034972
16,1,-0.27257273846603347,1.3283486147016546,-0.04947820586932318,0.9991056323051452
17,1,-0.28954467925679983,1.3211574369104788,-0.03880678071280859,0.9991143345832824
18,1,-0.3058445430956195,1.313975888229622,-0.03168372455706738,0.999106228351593
19,1,-0.31928452441525546,1.3081418054055503,-0.030488491662943068,0.9990774393081664
20,1,-0.33045532240265596,1.3035630068823962,-0.03388813045897326,0.9990936517715454
21,1,-0.3399387106045093,1.299502888382107,-0.04174998087393559,0.9991067051887512
22,1,-0.34764617452714336,1.2953569623337804,-0.0531680777687597,0.9989915490150452
23,1,-0.3536653540763869,1.2930835602666708,-0.06800297847493213,0.998933732509613
24,1,-0.35997943930516235,1.2920743759791855,-0.08548225828247398,0.9988441467285156
25,1,-0.3652900905041068,1.2928558100164373,-0.10208484783519615,0.9987810850143432
26,1,-0.36884904917821676,1.2975225614183032,-0.11534574147658819,0.9986979961395264
27,1,-0.36859971575871414,1.306743077922755,-0.12584512769805387,0.9986113905906676
28,1,-0.36343152277714474,1.3189191629865313,-0.1317173269263435,0.9984736442565918
29,1,-0.35258866295534463,1.3331625293597122,-0.13047211308029147,0.998036801815033
30,1,-0.33773954804159173,1.348496234934015,-0.1232914221391084,0.997944951057434
31,1,-0.3191456455551206,1.3624646219072543,-0.111575258777205,0.9978843331336976
32,1,-0.3012557665745337,1.3735504871498345,-0.09489283222865477,0.9977998733520508
33,1,-0.2876279707672846,1.381363536486918,-0.0752427988859328,0.9978764653205872
34,1,-0.27891135308547843,1.3861092782372388,-0.05552676946429909,0.997943103313446
35,1,-0.2753261207204723,1.387735023078172,-0.038363613207501646,0.9979872107505798
36,1,-0.2776695410484155,1.3869897729808538,-0.024000394143499453,0.9980368614196776
37,1,-0.2828773357077391,1.384778186398704,-0.013433101644417503,0.9980655312538148
38,1,-0.2873839313615604,1.3821684550243158,-0.006868174224228271,0.998071312904358
39,1,-0.2904539258567875,1.379712912564902,-0.003952400937966534,0.9980173707008362
40,1,-0.29174877892507356,1.377669666715501,-0.0027413800319533786,0.9979817867279052
41,1,-0.29091832202099815,1.3763228870688669,-0.003319310185494525,0.997971534729004
42,1,-0.28903990172644856,1.375641422334936,-0.005500347762152621,0.997946321964264
43,1,-0.28764578353198184,1.375207943414381,-0.009143389994659992,0.9978917241096495
44,1,-0.2869479925308137,1.3747826894772774,-0.01392445096555416,0.9978246092796326
45,1,-0.28679222235162444,1.3744284478713862,-0.020101811798521708,0.9977599382400512
46,1,-0.2870585248903847,1.3742920467129718,-0.027541373101511696,0.9977018237113952
47,1,-0.28687192797139505,1.3745095399090295,-0.0355235660770482,0.9976263046264648
48,1,-0.285431053390884,1.3754993731075065,-0.04400154846084644,0.99755859375
49,1,-0.2837314327683154,1.376890905608974,-0.05279673704477876,0.9975525736808776
50,1,-0.28103898412235856,1.3783174313286621,-0.06047663192593581,0.9975575804710388
51,1,-0.27740349205576054,1.3793992394150973,-0.06533047558760892,0.9976218938827516
52,1,-0.27269566610819734,1.3799063907343316,-0.06572442424446963,0.9977177381515504
53,1,-0.2674880284989501,1.378864582973802,-0.059816514308443466,0.997864544391632
54,1,-0.26078950283239655,1.3767256028175747,-0.04658661724359001,0.997985541820526
55,1,-0.2511671290743765,1.3752590845182937,-0.02926664410655374,0.9980944991111756
56,1,-0.2370012182873043,1.375192861763226,-0.012215685945280844,0.9981967210769652
57,1,-0.21930029567495005,1.3767323560784188,-0.0004666830383717669,0.9983148574829102
58,1,-0.19838363662457034,1.3805741899564623,0.004436751623625305,0.9983974695205688
59,1,-0.173619836801571,1.3870037725441322,0.0009657956950221549,0.9985141754150392
60,1,-0.15122078307788828,1.3925041382698862,-0.009073469362453469,0.9986330270767212
61,1,-0.13400787945180165,1.3966915757558542,-0.022613079627174078,0.9987362027168274
62,1,-0.12272893463019852,1.3995890199240386,-0.03602586141858213,0.9988179802894592
63,1,-0.11702604000479015,1.40188413396073,-0.04940544977512995,0.9989004731178284
64,1,-0.11744943986304865,1.4032832676160087,-0.061939425387204074,0.9989687204360962
65,1,-0.11909712809073972,1.4068520593941543,-0.07360055794262424,0.9990179538726808
66,1,-0.12188852349467463,1.4107485290809794,-0.0824718389389732,0.9989972114562988
67,1,-0.12556950747529266,1.414435681033368,-0.08515078609495398,0.9989910125732422
68,1,-0.1306033756385872,1.415973619296571,-0.08176603190446963,0.9990209937095642
69,1,-0.1370933818539953,1.415252457759493,-0.0728308953219327,0.9990360140800476
70,1,-0.14543067641385427,1.41144176134311,-0.05766042815210152,0.9990508556365968
71,1,-0.15347024640607104,1.407013703171317,-0.0393186159487141,0.9991082549095154
72,1,-0.1595842932947722,1.4025362064516171,-0.024918749725535785,0.999162256717682
73,1,-0.1632681536485988,1.399438577986522,-0.01386661887443435,0.9991912245750428
74,1,-0.16491709903801138,1.3976732102307134,-0.0059630584809160355,0.9992319941520692
75,1,-0.16527326626442992,1.3970820027023805,-0.0029179790283107103,0.9992592930793762
76,1,-0.1651587057390302,1.39702278143027,-0.003779098729991083,0.9992836713790894
77,1,-0.16549086473660296,1.3973902837267953,-0.005379570928532244,0.9993054866790771
78,1,-0.16627330031480517,1.3979523679560677,-0.008143740245356895,0.9993343353271484
79,1,-0.1671340751766222,1.3987158805514,-0.012088243067952236,0.9993593096733092
80,1,-0.16773622537867997,1.3995938127657648,-0.01584848009112309,0.9993807673454284
81,1,-0.16820011042042243,1.4003991768705764,-0.019700305076477898,0.9993975162506104
82,1,-0.1684082243020206,1.400869082263171,-0.0217916281229304,0.999411642551422
83,1,-0.16852776060849203,1.401216795731256,-0.023799612903797562,0.9994240403175354
0,2,-0.15454571670101216,1.4115490436019857,-0.1917105464761265,0.9991463422775269
1,2,-0.15729643603684487,1.4094189299128015,-0.1840265504314761,0.9991931319236756
2,2,-0.15982211910786442,1.4063445957270295,-0.18157640291889157,0.9992110133171082
3,2,-0.16423066547583237,1.400715409139098,-0.17658079899264267,0.9992046356201172
4,2,-0.16839273667052748,1.395635559499911,-0.17150134417142401,0.9991946220397948
5,2,-0.17228115008236028,1.3914796262508868,-0.16463670385228327,0.9992123246192932
6,2,-0.1748494240513906,1.3878311182325507,-0.16084229557621985,0.9992126226425172
7,2,-0.1769617993363041,1.3855760466558023,-0.1528613366213438,0.9992153644561768
8,2,-0.17906559429743896,1.383782132167238,-0.1437034120563044,0.9992318749427797
9,2,-0.18152800654490425,1.3812642133378763,-0.1356507856016157,0.999245822429657
10,2,-0.18565614596679475,1.3770963874674922,-0.12746477357276084,0.9992575645446776
11,2,-0.19212656749500662,1.3715451915954013,-0.11859512208376613,0.9992465972900392
12,2,-0.20113316140194454,1.364784053459282,-0.10843250262164712,0.9992472529411316
13,2,-0.2128820209786204,1.357230700998608,-0.09592939741495357,0.9992378354072572
14,2,-0.22785096878502017,1.3490102573914595,-0.07942318784115192,0.9992099404335022
15,2,-0.24420820311846558,1.3409439132232313,-0.06340047291075086,0.9992017149925232
16,2,-0.2610113821096782,1.333014311925385,-0.04971014704271802,0.9991829991340636
17,2,-0.2777856356954937,1.3258004817698685,-0.03904887694493207,0.9991883635520936
18,2,-0.2939924935372849,1.3184784060434143,-0.031934091393892146,0.9991796016693116
19,2,-0.30736309348546453,1.3124048555406493,-0.03074291568659187,0.9991558790206908
20,2,-0.3185264528988646,1.307515967299076,-0.03414491142163741,0.9991719126701356
21,2,-0.3281518764325892,1.3030853631591808,-0.04200656822630462,0.9991884231567384
22,2,-0.3361352887206122,1.298547384596807,-0.053424839132926505,0.9990921020507812
23,2,-0.3423129545329776,1.295938200654081,-0.06826142608452417,0.9990473389625548
24,2,-0.3486892813536464,1.2946496548644555,-0.0857420994931982,0.9989670515060424
25,2,-0.35385233005847494,1.2952106887460788,-0.102343577809315,0.9989100098609924
26,2,-0.35705299878826735,1.2996876192763918,-0.11560433226285857,0.9988241195678712
27,2,-0.3562402214173437,1.3087138943007202,-0.1261031789913467,0.9987457990646362
28,2,-0.35054514389851216,1.3206172842299355,-0.1319726508867388,0.9986369609832764
29,2,-0.33919459961047166,1.3344983690287004,-0.13072374221555363,0.9983025193214417
30,2,-0.323893745699546,1.349383173334644,-0.12353723262158374,0.9982505440711976
31,2,-0.3049195047341068,1.3628308151866928,-0.11181160316378172,0.9982199668884276
32,2,-0.28675842273796526,1.3733841738195491,-0.09511656687297387,0.998171329498291
33,2,-0.27279553333212275,1.3807683597355571,-0.07545280624956066,0.998244047164917
34,2,-0.2637982844410309,1.3852368064617955,-0.05572404922890235,0.9983054995536804
35,2,-0.26007979977618023,1.3867573928219818,-0.03855255443077256,0.9983522891998292
36,2,-0.2623815707884719,1.3860944690031256,-0.024184997116650918,0.9984022378921508
37,2,-0.2676222484159339,1.38409736486495,-0.01361706853210656,0.9984314441680908
38,2,-0.272301854604104,1.381708469496047,-0.007054427652268944,0.9984392523765564
39,2,-0.2755960182846545,1.3794193742283407,-0.00414253945785025,0.9984002709388732
40,2,-0.2770545773476175,1.3774920704462872,-0.0029352392134303247,0.9983741641044616
41,2,-0.2763552125340372,1.3762062424446444,-0.0035167511223397133,0.99837064743042
42,2,-0.2745745110201344,1.3755558135347257,-0.0057011863919481,0.9983553290367126
43,2,-0.27324599397457305,1.3751832037998066,-0.009347075511202087,0.9983176589012146
44,2,-0.2726086684327251,1.3748645687284091,-0.014129947747700867,0.998270571231842
45,2,-0.2725472424430861,1.3746393431187363,-0.020308428893659254,0.9982252717018129
46,2,-0.27292452732992023,1.3746324185310463,-0.027748077346164874,0.9981855154037476
47,2,-0.2727547786321107,1.3749507335274918,-0.03572965390992112,0.9981322884559632
48,2,-0.2712673514230052,1.3759577973991661,-0.04420820692437936,0.99808531999588
49,2,-0.2694566890920191,1.3773101733480686,-0.05300552908937617,0.9980816841125488
50,2,-0.26650817952430683,1.3786679280930727,-0.06069195661216226,0.9980828166007996
51,2,-0.2626010026253094,1.3796661564606905,-0.06555949018090039,0.9981327056884766
52,2,-0.25788727805769424,1.3801114398206038,-0.0659736493800851,0.9982076287269592
53,2,-0.25290426783669545,1.379131998898695,-0.060089480948353514,0.998319447040558
54,2,-0.24646782200718675,1.3771618984122838,-0.0468847607767731,0.9984171390533448
55,2,-0.2374467864479417,1.3758856351897122,-0.02958564791583092,0.9985005855560304
56,2,-0.22403278553917558,1.376022610984562,-0.01254815470613799,0.998574197292328
57,2,-0.20705920469819641,1.377764594554503,-0.0008038105465523754,0.9986611008644104
58,2,-0.1867788873462488,1.3817497283287015,0.00410302047190123,0.9987171292304992
59,2,-0.16295974635790172,1.3882170145234,0.000638360933017379,0.9988077878952026
60,2,-0.14143756094360707,1.3938348182368063,-0.009394497539873162,0.9989015460014344
61,2,-0.12514587437602948,1.3981637614905074,-0.02292999029206555,0.998981237411499
62,2,-0.11471758421229619,1.4012519680356783,-0.03634457812780312,0.9990413784980774
63,2,-0.10978312299313937,1.4037789097118245,-0.04973086064286818,0.9991040825843812
64,2,-0.11057888566201768,1.4054886635626782,-0.06227195461704403,0.9991542100906372
65,2,-0.1122994251605465,1.409267607445091,-0.07393958767066584,0.9991883635520936
66,2,-0.11473557028954066,1.4134348548878142,-0.08280773094175686,0.9991586208343506
67,2,-0.11780178857620267,1.4173751175744262,-0.08547023765097748,0.9991446733474731
68,2,-0.12218004891875231,1.4191275465607667,-0.08206129796125744,0.9991641640663148
69,2,-0.1280838755605785,1.4185948658835459,-0.07309590450763091,0.9991705417633056
70,2,-0.1359811514424459,1.4149965637608708,-0.05789024018982865,0.999175488948822
71,2,-0.1438027144940376,1.410672498983581,-0.039518150487525265,0.999222457408905
72,2,-0.14986676785825648,1.4062347957253756,-0.0250954775351012,0.999266803264618
73,2,-0.15349884509644468,1.4031563701053014,-0.0140239220676698,0.9992879629135132
74,2,-0.15507072426033525,1.401387285463352,-0.006105080318281399,0.9993205666542052
75,2,-0.15530785905632746,1.4007679814872016,-0.0030503567252627016,0.9993404746055604
76,2,-0.15505011205972208,1.4006868354841993,-0.00390618709991314,0.9993584156036376
77,2,-0.15521373562242116,1.4010502406204157,-0.005505560580262622,0.999374508857727
78,2,-0.15584087686282483,1.4016147957395004,-0.008271723673875204,0.9993979930877686
79,2,-0.15656913859027616,1.4023828657018078,-0.012219367175617824,0.999418318271637
80,2,-0.15706405282356667,1.403274029205257,-0.015981737605246682,0.9994356036186218
81,2,-0.1574399895165498,1.4041039679661398,-0.01983403405218524,0.9994485974311828
82,2,-0.15760464560316817,1.4045883511936559,-0.021924931609563037,0.9994595646858216
83,2,-0.15769130876278514,1.4049509273436804,-0.02393138920386395,0.99946928024292
0,3,-0.1428202887710591,1.4156637467567867,-0.19190061702120417,0.9992903470993042
1,3,-0.14550812043393593,1.413600654908755,-0.18420715669880966,0.9993298053741456
2,3,-0.14800020676256875,1.4105830256081844,-0.18175154453906966,0.9993448853492736
3,3,-0.15235453658848647,1.4050504324497424,-0.1767456478922738,0.9993405342102052
4,3,-0.15649529488719865,1.4000409370663474,-0.17165460896379248,0.999332845211029
5,3,-0.16037985485955236,1.3959320466995384,-0.16477608746595732,0.9993491768836976
6,3,-0.16297301599787106,1.3922926276164689,-0.16097217519977564,0.9993507862091064
7,3,-0.1651019781870052,1.3900290544199885,-0.1529803970897769,0.999354362487793
8,3,-0.16723082819906465,1.3882106851155025,-0.1438129995031733,0.9993687272071838
9,3,-0.16971758646369656,1.3856646268707238,-0.1357533149721867,0.999380350112915
10,3,-0.17376416187729987,1.3815344640211003,-0.12756307533803143,0.9993911385536194
11,3,-0.1800906324336932,1.3760714994807741,-0.11869310255891423,0.9993827939033508
12,3,-0.18888043697208093,1.3694471096520644,-0.10853295129155974,0.999384582042694
13,3,-0.20031482289134056,1.3620951834030741,-0.0960351815782752,0.999376893043518
14,3,-0.2148480474014522,1.3541562839590315,-0.07953804530336961,0.9993531107902528
15,3,-0.23089575605838092,1.3462806321488752,-0.06352714146518298,0.9993445873260498
16,3,-0.24738984096506256,1.3384776819301478,-0.049847953622861284,0.999325692653656
17,3,-0.2638422917429802,1.3313039913490643,-0.039197055118970155,0.9993262887001038
18,3,-0.27977061253648344,1.3239099561517342,-0.03209033974857341,0.9993141293525696
19,3,-0.29300469146704217,1.3175848842909013,-0.030902763850456233,0.9992884993553162
20,3,-0.303993153892798,1.312413696880135,-0.03430837667478585,0.9992969632148744
21,3,-0.31356136572083776,1.3076522622460935,-0.04217614075821232,0.9993058443069458
22,3,-0.3216832340961091,1.3027495889205851,-0.053601918995500895,0.9992133378982544
23,3,-0.3280454250015185,1.2997777861160904,-0.06844724279888936,0.9991669654846193
24,3,-0.334495457388617,1.2981957439631688,-0.0859381917981697,0.9990931153297424
25,3,-0.3396239892165547,1.2984690462488233,-0.10254608991764316,0.9990408420562744
26,3,-0.34258850940524227,1.3026408719716485,-0.11580762340817415,0.9989665150642396
27,3,-0.34129787723659344,1.3113302228064283,-0.12630311102542371,0.9988941550254822
28,3,-0.33508364484360065,1.3228179317261932,-0.13216671674768046,0.9987897276878356
29,3,-0.32325634792265434,1.3361797952486136,-0.13091045252164382,0.9984649419784546
30,3,-0.307545359036718,1.3504555365148077,-0.12371438243006831,0.9984031319618224
31,3,-0.28838097677319996,1.3632499999509622,-0.11197766328506498,0.9983688592910768
32,3,-0.2702089253455501,1.3731861756212314,-0.09526926332297601,0.9983270168304444
33,3,-0.2562265393636191,1.3801059323652694,-0.0755895725223696,0.9983960390090942
34,3,-0.24726331840180893,1.384308928339782,-0.055844412310177706,0.9984560608863832
35,3,-0.24374517385720554,1.3857765838634102,-0.03865982766129449,0.9984984397888184
36,3,-0.2462391759701636,1.385265554680195,-0.02428309262689522,0.998544454574585
37,3,-0.2516697298138936,1.3835501311375704,-0.013711120500484866,0.9985738396644592
38,3,-0.2566304277564003,1.3814310627181814,-0.007149489642074114,0.9985870718955994
39,3,-0.2602381935204859,1.3793351678311825,-0.004240879236102711,0.998557448387146
40,3,-0.2619049397915003,1.3775378664397036,-0.003037543066833275,0.9985387325286864
41,3,-0.26136532971154675,1.3763210626517457,-0.003623376617454275,0.99853777885437
42,3,-0.25970944412951236,1.3757089023812052,-0.005811330601668456,0.9985269904136658
43,3,-0.2584583657780061,1.3754124057026087,-0.009459363637953428,0.9984959959983826
44,3,-0.2578711547058171,1.375226399622012,-0.014243242742591155,0.9984554052352904
45,3,-0.2578815680273253,1.3751618876843752,-0.020421862436812075,0.9984132647514344
46,3,-0.25834465746601487,1.3753178701327609,-0.02786077225490083,0.9983742237091064
47,3,-0.25814240838107744,1.3757679844778816,-0.0358408500896711,0.9983221888542176
48,3,-0.2565382688917379,1.3768094917431,-0.04431783499728167,0.9982753992080688
49,3,-0.2545424840895769,1.3781246981668172,-0.05311333000384906,0.9982703924179076
50,3,-0.2512365410751035,1.3794060464504048,-0.06079618210236135,0.9982709884643556
51,3,-0.24691281625011102,1.3803059767522272,-0.06566052648377296,0.9983145594596864
52,3,-0.24206560326998994,1.3806741522255945,-0.0660738097741051,0.9983813762664796
53,3,-0.23718887334908723,1.3797661232583558,-0.06018973899166952,0.998482882976532
54,3,-0.23085471667375707,1.3780068767731997,-0.046986705869516844,0.9985696077346802
55,3,-0.2222792883638666,1.3769819922486009,-0.029693686695677696,0.9986461400985718
56,3,-0.20947405128289082,1.3774029041436797,-0.012662236396205048,0.9987156987190248
57,3,-0.1930646915165004,1.3794387321110217,-0.0009196632374888737,0.9987953305244446
58,3,-0.17326503664491594,1.3836498629239737,0.003989287164265521,0.9988494515419006
59,3,-0.15029162688287634,1.390221539476644,0.0005293514235076791,0.998931050300598
60,3,-0.12959031235741253,1.3960202818136849,-0.009496333118316947,0.9990150928497314
61,3,-0.11423118742565538,1.4005416442133214,-0.02302970008821349,0.9990860819816588
62,3,-0.10471452193704159,1.4038624226630882,-0.036451023063115026,0.999141812324524
63,3,-0.1006163069855321,1.4066439290935606,-0.049853169111962796,0.9991998672485352
64,3,-0.10185883114613499,1.4086526530175218,-0.06241652823790487,0.9992464184761048
65,3,-0.10373869527569284,1.4125815446022618,-0.07410931358964643,0.9992796778678894
66,3,-0.10587467728430477,1.4169325257850418,-0.08299380262480804,0.9992637634277344
67,3,-0.10836184683870242,1.4210203482535402,-0.08565894262919624,0.9992592930793762
68,3,-0.11216661414972329,1.4228846919244778,-0.08224067776606489,0.9992823600769044
69,3,-0.11759004005072764,1.422465675633422,-0.07325574416545638,0.999293327331543
70,3,-0.12513788484062657,1.4190576531292811,-0.05802205470830246,0.9993037581443788
71,3,-0.13285271800351567,1.4148499860969017,-0.039619290694847355,0.9993447065353394
72,3,-0.13901422049989925,1.410488740249638,-0.02516938026523291,0.999382257461548
73,3,-0.1427021962906104,1.4074891837135803,-0.014072765258681036,0.9994031190872192
74,3,-0.14425759467802735,1.4057912741291108,-0.006131695882224007,0.9994328022003174
75,3,-0.14439548616113068,1.4052190122538937,-0.003059150207579376,0.9994521141052246
76,3,-0.1439598239392476,1.405193161423774,-0.0039044099421382005,0.9994693994522096
77,3,-0.14385185215799864,1.405634496018531,-0.005499324251390399,0.9994848370552064
78,3,-0.1441942130830191,1.406276487450141,-0.008266757920098839,0.9995051622390748
79,3,-0.14465314826953118,1.4071130643120995,-0.012220112853552786,0.999522864818573
80,3,-0.14492326254982185,1.4080671623938752,-0.015990016274897444,0.9995381832122804
81,3,-0.14511511519927217,1.4089588542631488,-0.019850168684276515,0.999549925327301
82,3,-0.1451889016103438,1.4094749117128473,-0.02194509351241529,0.999559998512268
83,3,-0.1452053319638856,1.4098650962049935,-0.023954768397799895,0.9995688199996948
0,4,-0.15166129693677205,1.4073205908439277,-0.3597151448537384,0.9991818070411682
1,4,-0.15411145057876002,1.4054274015588013,-0.35161287780684847,0.9992336630821228
2,4,-0.1562482239064124,1.402637727988589,-0.3484897104166197,0.9992629885673524
3,4,-0.15992163714664986,1.3975259771934065,-0.34251799814441297,0.9992721676826476
4,4,-0.1632812058451005,1.3929682271252197,-0.3364586189824116,0.9992781281471252
5,4,-0.166394498662583,1.3893076885953772,-0.32881169633379864,0.9993053078651428
6,4,-0.16837033731555495,1.3860298156016424,-0.32477764269066134,0.999318778514862
7,4,-0.1701953144003927,1.3839613173546041,-0.31722056292661327,0.9993317127227784
8,4,-0.17234172826583255,1.382193503957183,-0.3087748901821807,0.999353051185608
9,4,-0.1751396217923639,1.3795773390082982,-0.3016024449719926,0.9993718266487122
10,4,-0.17992251112044508,1.3751700706116459,-0.2944367857440892,0.9993880391120912
11,4,-0.18720416695874734,1.3693536933118045,-0.28637892871219883,0.9993887543678284
12,4,-0.1970241311172616,1.3623993638208478,-0.2769103647390053,0.999396026134491
13,4,-0.20947846216792693,1.3547669863224534,-0.2649841750668739,0.9993942379951476
14,4,-0.22503969517233732,1.34656799813103,-0.24900014606203674,0.9993794560432434
15,4,-0.2418234198208867,1.3386786350368696,-0.23327191897424945,0.9993749260902404
16,4,-0.2590728708524824,1.3309832727332793,-0.21968559621638226,0.9993634819984436
17,4,-0.27642821431265147,1.3239876997240416,-0.20905162385283244,0.9993675947189332
18,4,-0.29345096050141145,1.316799254454229,-0.20181260715981156,0.9993554353713988
19,4,-0.30791214634975933,1.3107531126456353,-0.20054342485150572,0.9993261694908142
20,4,-0.32015823006743616,1.305855063539647,-0.20433525448076056,0.9993290901184082
21,4,-0.33078698679319507,1.3013753698336954,-0.2127802963037732,0.999326229095459
22,4,-0.33954704287555026,1.2967636199171253,-0.22479034652957225,0.9992083311080932
23,4,-0.3463416646377977,1.2940282071344131,-0.2405743331679004,0.9991252422332764
24,4,-0.35303994805571515,1.2926372256942629,-0.2588744555560179,0.9989910125732422
25,4,-0.35864007528541575,1.2930448691595946,-0.2757524581875404,0.998881995677948
26,4,-0.3622684754910587,1.2973446709166505,-0.2894741815666599,0.9987626075744628
27,4,-0.36201272124333334,1.306149077846276,-0.3006656607371554,0.9986155033111572
28,4,-0.356759468210116,1.3179329373859046,-0.3072406849426278,0.9984064102172852
29,4,-0.34582014360385366,1.3318095147814486,-0.3065822887298899,0.9978522062301636
30,4,-0.33081444827879525,1.3468279703825656,-0.29972977946756824,0.9976834058761596
31,4,-0.3119386630632002,1.3606182716945765,-0.28740104680241585,0.997565746307373
32,4,-0.2938375334018111,1.3717384660485263,-0.2692027664705353,0.9974225163459778
33,4,-0.28008767631297393,1.3797758946444905,-0.24724242041073374,0.9974865317344666
34,4,-0.27131702822376974,1.3849028489526884,-0.2253228844960226,0.9975473880767822
35,4,-0.26756369340896186,1.3870103375125993,-0.2064180632244676,0.9975879788398744
36,4,-0.2698116503515803,1.3867441872548818,-0.19118153886202277,0.997635304927826
37,4,-0.2747157284672979,1.3849489973474123,-0.18052398323538793,0.9976624250411988
38,4,-0.27883494449162927,1.3826216259911017,-0.1745183853873366,0.997656524181366
39,4,-0.2815168993386036,1.3802927137584473,-0.17220946146019891,0.99757719039917
40,4,-0.28255156991955194,1.3782770369853217,-0.17151699173698276,0.997520625591278
41,4,-0.28147401142928424,1.3769117605788082,-0.17230927063472973,0.997497260570526
42,4,-0.2794322076165964,1.3761977408190318,-0.17445712111803066,0.99745374917984
43,4,-0.27784902510232046,1.3757703424450152,-0.17785076784507722,0.9973752498626708
44,4,-0.2768799040038609,1.3754003180636294,-0.18218720746673803,0.9972817897796632
45,4,-0.27635666783461926,1.3751264034794315,-0.1877074835377182,0.9971976280212402
46,4,-0.27624063044330194,1.375071604102342,-0.19437055706273568,0.997120440006256
47,4,-0.2758468413627466,1.3753453632451413,-0.2014817238230792,0.9970253109931946
48,4,-0.2744080160556416,1.376326254170464,-0.2091674991578752,0.9969425201416016
49,4,-0.2729639166369972,1.377657072110948,-0.21751887440007592,0.9969363212585448
50,4,-0.27108375275403385,1.3789723649000014,-0.22545501209033167,0.996954381465912
51,4,-0.26877282944028846,1.3798929036822418,-0.23129380437821165,0.9970394372940063
52,4,-0.2653822507915292,1.3802142312972197,-0.23355333426323294,0.9971606135368348
53,4,-0.2613171716885684,1.3790423640375111,-0.22992371149749785,0.9973525404930116
54,4,-0.2557107706542906,1.3767876373634156,-0.21901074257594128,0.9975098371505736
55,4,-0.24634398604285818,1.375245900656093,-0.20329106226781843,0.9976559281349182
56,4,-0.23149693239600283,1.3751824155958343,-0.18654575999016224,0.9977982044219972
57,4,-0.212480221737958,1.3768288574833754,-0.1730812553712095,0.9979607462882996
58,4,-0.1900531232159649,1.3808030270706246,-0.16503565211741156,0.9980865120887756
59,4,-0.16309599843092476,1.3875011917219784,-0.16404877579102142,0.9982395768165588
60,4,-0.13845750249281685,1.39340826811228,-0.16884533773559104,0.9983916282653807
61,4,-0.11906879550177571,1.3981023822805396,-0.17727040785089304,0.998527765274048
62,4,-0.10604267102392846,1.4014541146498882,-0.18697960711161674,0.998644769191742
63,4,-0.09880258051540236,1.4040852016161938,-0.19795033524567734,0.9987561702728271
64,4,-0.09840973165815203,1.405565739324588,-0.20956286680193217,0.99885231256485
65,4,-0.09988541458946325,1.4088924280016593,-0.22182149673503565,0.9989311695098876
66,4,-0.10328568409343968,1.4122595106173315,-0.23261961532255873,0.998961627483368
67,4,-0.10798873930841797,1.4153683669796848,-0.23766703897600278,0.999001145362854
68,4,-0.11415198226735394,1.4165137401049184,-0.23664055558018998,0.9990566968917848
69,4,-0.12170847422924762,1.415626929523927,-0.2299390563565622,0.9991018772125244
70,4,-0.1309027006193071,1.4119463873410736,-0.21686744023341764,0.999142289161682
71,4,-0.13937313516876745,1.4079141182360317,-0.20038257365499684,0.9992045164108276
72,4,-0.1454877325533227,1.4039349940889854,-0.18773856655269822,0.9992626905441284
73,4,-0.14900217821551356,1.4012598218043506,-0.17870013792763778,0.9993029832839966
74,4,-0.15029336210834204,1.3998618660876603,-0.17296065187693338,0.9993482232093812
75,4,-0.15020193983190988,1.3995465673302978,-0.17195309303091377,0.999384343624115
76,4,-0.14968747171661428,1.3996524294442507,-0.174381535243927,0.9994164109230042
77,4,-0.1497213793928169,1.4001146999833836,-0.17695390153360363,0.9994450807571412
78,4,-0.15029525459609236,1.400734298662067,-0.1800222673071214,0.9994763135910034
79,4,-0.15104694074678798,1.4015122834115166,-0.18369007562162265,0.9995037317276
80,4,-0.15160398325810137,1.4023818311517184,-0.18685994444164933,0.9995276927947998
81,4,-0.15203268529663477,1.4031761893992853,-0.19000055698020918,0.9995478987693788
82,4,-0.15222941657863656,1.4036373474201294,-0.19172005857602725,0.9995651841163636
83,4,-0.1523319826681165,1.4039786762439281,-0.19339022083739277,0.9995803236961364
0,5,-0.1339728656705621,1.4103083736136914,-0.35985018015471404,0.999427318572998
1,5,-0.13623663588743412,1.4085763826456454,-0.35175104389306056,0.9994619488716124
2,5,-0.13818903219166487,1.4059485511160565,-0.3486309432427771,0.9994804263114928
3,5,-0.141522381959234,1.4011244370730052,-0.3426656733704986,0.9994833469390868
4,5,-0.14453258050936402,1.3968369459426306,-0.3366139206572128,0.9994848370552064
5,5,-0.14730260217676766,1.393422594901136,-0.3289752658024693,0.9995025992393494
6,5,-0.14902213473980408,1.3903114028429393,-0.3249486869323334,0.9995105266571044
7,5,-0.15065571593547497,1.388350274996257,-0.3173981288479073,0.9995181560516356
8,5,-0.15267858979452015,1.3866531942028388,-0.30895656277833494,0.9995322823524476
9,5,-0.15546177955527432,1.384073441974312,-0.30178706840155256,0.9995448589324952
10,5,-0.1602910971964133,1.3797099906738868,-0.2946232084565018,0.9995552897453308
11,5,-0.16763605146167793,1.3739793019571527,-0.28656558928703835,0.9995549321174622
12,5,-0.17753772295947678,1.3671565490771154,-0.27709546212913894,0.9995595812797546
13,5,-0.19005275340740685,1.3597150941649836,-0.2651656126698122,0.9995579123497008
14,5,-0.20556316162351168,1.3517879584537298,-0.24917430894036077,0.9995473623275756
15,5,-0.22236182690375714,1.3441430450757732,-0.2334367688558153,0.9995432496070862
16,5,-0.23969797514606056,1.3366280016962793,-0.21984067155364678,0.9995329976081848
17,5,-0.2571878027732048,1.3297153449615524,-0.20919673785474538,0.9995349049568176
18,5,-0.2745638239666219,1.3224309237321075,-0.20194924801389424,0.9995234608650208
19,5,-0.2897470317741428,1.3160371045569932,-0.2006743282620415,0.9994993209838868
20,5,-0.30272015063732594,1.3106911202518323,-0.20446101711004866,0.9994986057281494
21,5,-0.31419628905476016,1.305667628571835,-0.2129000753296506,0.9994943737983704
22,5,-0.3238580657149099,1.300453492274852,-0.2249061857966877,0.9993982911109924
23,5,-0.33136163196662827,1.2971282737241783,-0.24068741630455462,0.9993285536766052
24,5,-0.33832256699969776,1.2952582050507266,-0.25898568915105813,0.999203622341156
25,5,-0.34404207377181406,1.2951972518996322,-0.2758640662611331,0.999096691608429
26,5,-0.3474622915384624,1.2990361559566863,-0.2895884476670584,0.998969316482544
27,5,-0.3467723157452586,1.3073400541084146,-0.30078239921250416,0.9988261461257936
28,5,-0.34099163291746243,1.3185899364529263,-0.30736169831587523,0.9986416697502136
29,5,-0.32953253590461595,1.331890036573337,-0.306709306364871,0.9981865882873536
30,5,-0.31398479313937644,1.3463214008843611,-0.2998628490264168,0.9980555772781372
31,5,-0.2946260551859409,1.359563299285793,-0.2875402869124913,0.9979604482650756
32,5,-0.27618082921531106,1.3702734498303673,-0.26934828833459623,0.997842013835907
33,5,-0.2621562300090949,1.3781041101141613,-0.24738982788185898,0.9978960752487184
34,5,-0.25325120060705475,1.383244637741087,-0.22546775724548662,0.9979417324066162
35,5,-0.2494225046938639,1.3855698481628513,-0.2065581924650833,0.997978925704956
36,5,-0.251675344426168,1.3856780442242511,-0.1913172473214245,0.9980200529098512
37,5,-0.25652457385804955,1.3843283098849573,-0.18065579172453855,0.9980406165122986
38,5,-0.26061825820346834,1.3823722373488028,-0.17464854541546132,0.998028039932251
39,5,-0.2632829792537974,1.3802676639768143,-0.17233921712112524,0.9979506134986876
40,5,-0.26432248925773266,1.3783683164326312,-0.17164655587911035,0.997893214225769
41,5,-0.2632336490165759,1.377042127338005,-0.1724350838967397,0.997871994972229
42,5,-0.2611954679243909,1.3763307807834433,-0.1745764152662858,0.9978336691856384
43,5,-0.25958167576484936,1.3759514096543974,-0.1779618551718035,0.9977663159370422
44,5,-0.2585335297567931,1.3756999760954327,-0.18228947492208297,0.9976865649223328
45,5,-0.2578945399733903,1.3755799009143443,-0.18780044073068716,0.9976167678833008
46,5,-0.25765370263459586,1.3756808787416623,-0.19445694921835358,0.9975539445877076
47,5,-0.257068896823362,1.376070347659302,-0.20156404219494686,0.9974758625030518
48,5,-0.25538539619301315,1.377060246140851,-0.2092483412464546,0.9974100589752196
49,5,-0.2536604742650228,1.3783328046740793,-0.21760288596303518,0.997401237487793
50,5,-0.2516573265057058,1.3795389553436759,-0.22554626847100573,0.9974092245101928
51,5,-0.24949420607148642,1.3803114764030338,-0.23139543076315716,0.9974790215492249
52,5,-0.24664779552625152,1.3804912580928732,-0.2336704723317733,0.9975814819335938
53,5,-0.24345513364755916,1.3793161689192628,-0.23005977127783303,0.99774432182312
54,5,-0.23896182522410242,1.3771382455311645,-0.21916388292222005,0.9978824853897096
55,5,-0.2306256907637958,1.3757035079589826,-0.2034605023758625,0.9980069994926452
56,5,-0.21646709834156064,1.3757881060885893,-0.18672984173693283,0.9981268644332886
57,5,-0.19766418903355015,1.3776308232705268,-0.17327324978179073,0.998263955116272
58,5,-0.17512326342220247,1.3817552525743417,-0.1652332360354344,0.99836927652359
59,5,-0.1477681182983463,1.3886018165303433,-0.16425307300206876,0.9985016584396362
60,5,-0.12257224867626668,1.3948037538749234,-0.1690555412413573,0.9986329078674316
61,5,-0.10252365582616954,1.3999050421554424,-0.1774800135015434,0.99875009059906
62,5,-0.08894858525126406,1.4036912008691576,-0.18718530293033778,0.9988502264022828
63,5,-0.08121413870252872,1.4067202921836222,-0.19814381946045917,0.9989455342292786
64,5,-0.08048714012349825,1.408500616607037,-0.20973647536049436,0.999028205871582
65,5,-0.08168653002150708,1.4118806973149582,-0.22197089163025585,0.9990967512130736
66,5,-0.08504476091178143,1.4151716470786322,-0.23275201621836122,0.9991245269775392
67,5,-0.08976732887506562,1.4181773977027852,-0.2377898280293281,0.9991597533226012
68,5,-0.09595379556114003,1.4193283937894905,-0.23676265925507334,0.9992069005966188
69,5,-0.1034934164279208,1.418586533364382,-0.23006784360943883,0.9992483854293824
70,5,-0.11279107044753474,1.41521032528203,-0.21700822960839564,0.9992843866348268
71,5,-0.12135142001638444,1.4115060130330899,-0.20053407768053857,0.9993382692337036
72,5,-0.12754514834547642,1.4078102396702927,-0.18789807390726238,0.9993888139724731
73,5,-0.13112584229247756,1.4053202707389738,-0.17886521555745166,0.9994240999221802
74,5,-0.13240819280279081,1.4040356879052018,-0.17312935705178137,0.9994630217552184
75,5,-0.1321737673852688,1.4037801759604924,-0.17212318168831076,0.99949449300766
76,5,-0.1314500383593396,1.4039279161515394,-0.1745516271123797,0.9995222091674804
77,5,-0.13123430964737307,1.40444634181338,-0.17712357223379632,0.999547004699707
78,5,-0.1315637444016801,1.405130016523484,-0.1801912604574185,0.9995739459991456
79,5,-0.13210593655380087,1.4059648528667208,-0.1838580710531812,0.9995977282524108
80,5,-0.13250411371216209,1.406884496790865,-0.18702732460995447,0.9996185302734376
81,5,-0.132795462750997,1.407731868682298,-0.19016759764934682,0.999636173248291
82,5,-0.1329270804645351,1.4082195002655142,-0.19188698009628496,0.999651312828064
83,5,-0.13297068251548672,1.4085858169022902,-0.19355704538772733,0.9996646642684937
0,6,-0.1140519381462346,1.4135033080441506,-0.3601515565965121,0.9994528889656068
1,6,-0.11623505950506491,1.4119292719426904,-0.3520507358745585,0.9994895458221436
2,6,-0.11811004279187179,1.409458441162983,-0.348927035870597,0.9995118379592896
3,6,-0.1213005502486972,1.4049088514842842,-0.3429563345899617,0.9995202422142028
4,6,-0.12416033696919437,1.4008679549680487,-0.33689982946374336,0.999527394771576
5,6,-0.1267929881977891,1.397662816190301,-0.3292577915003241,0.9995481371879578
6,6,-0.12843924161311238,1.3946714385551522,-0.32523011390333634,0.999560296535492
7,6,-0.13001599346457313,1.3927796060270126,-0.3176822058352556,0.9995717406272888
8,6,-0.13196300037598002,1.391138395096405,-0.3092439976887211,0.9995880126953124
9,6,-0.13467249562257871,1.3886249304236133,-0.3020781731127879,0.9996024966239928
10,6,-0.13942137362007337,1.3843606578711098,-0.29492118243158083,0.9996148347854614
11,6,-0.14659974929130054,1.3788156374728007,-0.2868708731539126,0.999618649482727
12,6,-0.15627440371493334,1.372251262887818,-0.2774077800688294,0.9996262192726136
13,6,-0.16854615206364632,1.3651273341512526,-0.2654858700040163,0.9996285438537598
14,6,-0.18367780153456834,1.35760824260515,-0.2495024112704916,0.999623477458954
15,6,-0.2001484009350683,1.3503611968584484,-0.23376757489634845,0.9996225237846376
16,6,-0.21733363185989346,1.343138040198733,-0.22017382814260006,0.9996156096458436
17,6,-0.2348482399418666,1.3363746550509439,-0.20952704524976098,0.9996176958084106
18,6,-0.25246929590425254,1.3290744299657669,-0.20227154319395474,0.9996077418327332
19,6,-0.2684449650130415,1.3223420640662877,-0.20098410065452463,0.9995864629745485
20,6,-0.2822356790579046,1.3165503276204382,-0.20475308306429935,0.9995842576026917
21,6,-0.2945433321567628,1.311026361624946,-0.21316058779416913,0.9995772838592528
22,6,-0.30504971672193093,1.3052701934783828,-0.2251355599480318,0.9994930624961852
23,6,-0.3133329732175986,1.3013493567424714,-0.24088789403759817,0.9994284510612488
24,6,-0.3205654252757951,1.298993000756849,-0.2591582663207475,0.9993210434913636
25,6,-0.3264411766456371,1.2983997525528228,-0.2760115110192307,0.9992295503616332
26,6,-0.3297252926639588,1.3016422532618352,-0.28972408890877416,0.9991289973258972
27,6,-0.3286339216350552,1.3092672001602965,-0.30091126997449347,0.999009609222412
28,6,-0.3222723881254987,1.319808502375496,-0.3074901686296275,0.9988465309143066
29,6,-0.31028656750048245,1.3323696725334857,-0.30684487159854096,0.9984304308891296
30,6,-0.2942947652546873,1.346070196067338,-0.3000162047675328,0.9983002543449402
31,6,-0.2747465023412588,1.358657599194959,-0.2877156232157287,0.99820876121521
32,6,-0.2564037927611059,1.3689022187777977,-0.2695486858839997,0.99810129404068
33,6,-0.24263757882435105,1.3765191926181508,-0.247611212353748,0.9981465935707092
34,6,-0.23409059480596586,1.3816956512446192,-0.22570595267059304,0.9981840252876282
35,6,-0.23059914385110541,1.384283813827141,-0.20680619896632407,0.998208463191986
36,6,-0.2331028954348434,1.3848190215962037,-0.1915708476108683,0.9982360005378724
37,6,-0.2380212891743454,1.383957969939333,-0.18091118631454903,0.9982477426528932
38,6,-0.2421187065933351,1.3824016234500216,-0.17490556138448785,0.9982346892356871
39,6,-0.2447530944039614,1.3805229413698865,-0.1725967472574384,0.9981600046157836
40,6,-0.24574877117031804,1.3787186408304257,-0.17190417155344667,0.9981038570404052
41,6,-0.2445933000343205,1.3773918563933338,-0.1726894299135048,0.998079240322113
42,6,-0.24248743646484788,1.3766291436326465,-0.17482548646948157,0.9980391263961792
43,6,-0.24075887278666683,1.3762329209725495,-0.17820404795833744,0.997970461845398
44,6,-0.23953527432179503,1.3760521466815505,-0.18252381159877187,0.9978891015052797
45,6,-0.23866716769581697,1.3760608348663994,-0.18802561945788243,0.9978163242340088
46,6,-0.2381869701023153,1.376312593368377,-0.1946739652520045,0.9977492094039916
47,6,-0.23731448712918377,1.3768315397076976,-0.20177377538272911,0.9976685643196106
48,6,-0.2353446802593981,1.3778610359399912,-0.20945060566874205,0.9975998401641846
49,6,-0.23325990736099717,1.379099956278956,-0.21779658784143135,0.9975895881652832
50,6,-0.23109123914966193,1.3802111023689534,-0.22573446041242023,0.9976027607917786
51,6,-0.22902274580627657,1.38084437920357,-0.23158336870071414,0.9976711869239808
52,6,-0.22669387984993078,1.3808820602006555,-0.23386615090677115,0.9977685809135436
53,6,-0.2243015761317268,1.3797035743391384,-0.23027457506882745,0.9979241490364076
54,6,-0.22095084250834987,1.377634192683939,-0.21941017725960207,0.9980498552322388
55,6,-0.2136705796399872,1.3763616836542272,-0.20374267128421542,0.9981701374053956
56,6,-0.20027320082761743,1.3766590809344426,-0.1870471899842584,0.9982886910438538
57,6,-0.18167180688214493,1.3787824108303748,-0.17361862522328095,0.998419463634491
58,6,-0.15892768758256604,1.3831533430228073,-0.1655976279074974,0.9985241293907166
59,6,-0.13098438068969254,1.3902314102301905,-0.164629620420673,0.99864661693573
60,6,-0.10498581655390779,1.3968133258271622,-0.1694397627487612,0.9987663626670836
61,6,-0.08399353814682997,1.4024080163207948,-0.17786337763622892,0.998873233795166
62,6,-0.0696387324375255,1.4067071828816278,-0.18756367587582115,0.99896639585495
63,6,-0.06129482879322625,1.4101863665273637,-0.19851012542679988,0.9990538954734802
64,6,-0.06024433984857895,1.4122871114301034,-0.21008056324682906,0.999129354953766
65,6,-0.06123511342676504,1.415700261632466,-0.22228623298359845,0.9991918802261353
66,6,-0.06460487700463136,1.4188874371536309,-0.23304242525539937,0.9992206692695618
67,6,-0.06941229431217519,1.4217457669696354,-0.23805797319911948,0.999254584312439
68,6,-0.07563185143752156,1.4228634099951982,-0.23701602316789083,0.9992992877960204
69,6,-0.08305821574971765,1.422246271948444,-0.23031520460783517,0.9993389844894408
70,6,-0.09232734790641242,1.4191836530249011,-0.21725709948970878,0.99937504529953
71,6,-0.10089334661183025,1.4158024710791828,-0.2007894309124037,0.9994238018989564
72,6,-0.10708937294933148,1.4123928561147125,-0.1881637727440582,0.999468982219696
73,6,-0.11073650555289043,1.4100940079121096,-0.17914247575284156,0.9995020627975464
74,6,-0.1121188265215971,1.4089216652943541,-0.1734186412383895,0.9995378255844116
75,6,-0.11193973760364306,1.408705641407168,-0.17242259116489667,0.9995671510696412
76,6,-0.1112232903985626,1.4088827815977543,-0.174856879218118,0.9995928406715392
77,6,-0.11099702353826509,1.4094420832963226,-0.1774314893758198,0.9996157884597778
78,6,-0.11130134279534158,1.4101710128008302,-0.18049855428451705,0.9996399879455566
79,6,-0.11181114496227895,1.4110472941955525,-0.18416164162506948,0.999661386013031
80,6,-0.11217784797202712,1.4120096669458477,-0.18732629288039576,0.99968022108078
81,6,-0.11243034244924618,1.4129055055780335,-0.19046160847327437,0.9996963143348694
82,6,-0.11254733822215665,1.4134166249620779,-0.19217813556542984,0.999710202217102
83,6,-0.1125698191160156,1.4138068657215557,-0.19384540448895174,0.9997223615646362
0,7,-0.008857779165547891,1.4051386154872259,0.1215597684554175,0.9990746974945068
1,7,-0.011799168936453807,1.4036579141458971,0.12934354166804488,0.9991128444671632
2,7,-0.014720108259684622,1.4012433146171044,0.13105474249758228,0.9991101026535034
3,7,-0.01990248703528252,1.3967903853623524,0.13487336807929654,0.9990784525871276
4,7,-0.024857714657588296,1.392822655751398,0.13923123503158955,0.999037265777588
5,7,-0.02961787403872087,1.3896730710226386,0.14597625514976836,0.9990382790565492
6,7,-0.03323492416049505,1.3867552230706317,0.1497405570910691,0.9990147352218628
7,7,-0.03631667005230922,1.385049085935131,0.15875922222006505,0.9989973306655884
8,7,-0.03944153379304646,1.3836747442188222,0.1692360000098217,0.9990035891532898
9,7,-0.04308538107923525,1.3815704464817984,0.17837957964745865,0.9990068674087524
10,7,-0.047967800687148114,1.3782865735406526,0.18728167384655378,0.9990094304084778
11,7,-0.05482659270310388,1.3740739630775,0.1964074256203752,0.9989762902259828
12,7,-0.06365137389972915,1.3690725438370843,0.20676276191366655,0.998964250087738
13,7,-0.07450661437019244,1.3636620082322053,0.21974596285005443,0.998935043811798
14,7,-0.08729672435618452,1.3580902618609803,0.23758186127135544,0.9988806247711182
15,7,-0.10134566517739174,1.352222404320169,0.2557497253850224,0.9988558888435364
16,7,-0.11556393234166193,1.345935882284754,0.27186869252691753,0.998815417289734
17,7,-0.12960786707411995,1.3397337215598641,0.2851658594805687,0.9988125562667848
18,7,-0.1432899780120706,1.3328383895158133,0.29545137191675946,0.9987940192222596
19,7,-0.1557272812897025,1.3258432018355422,0.300220735885275,0.9987516403198242
20,7,-0.16692702774057352,1.3193702011861788,0.30134440437668786,0.9987658858299256
21,7,-0.17765210425990227,1.3129559034386211,0.29873014239446605,0.9987891912460328
22,7,-0.18807868801711178,1.3059815433187176,0.29276841790441877,0.9986290335655212
23,7,-0.19711367250269313,1.300383333168661,0.28260096336980456,0.9985459446907043
24,7,-0.20502830765177657,1.2962567710690929,0.26803457423396,0.9984015822410583
25,7,-0.21038545864407648,1.2937488153273615,0.25193154278844065,0.9983158707618712
26,7,-0.21194466817432991,1.2944815551524118,0.23829948656663352,0.998180329799652
27,7,-0.2080222083934867,1.2989311952416518,0.22718789436051362,0.9980643391609192
28,7,-0.19931171675410195,1.3056271319155193,0.22212693659021548,0.9979128837585448
29,7,-0.18631463860564795,1.3136197921209014,0.22651488176744392,0.9974337816238404
30,7,-0.17065605986585797,1.3223327090976145,0.23940244972971741,0.9973798394203186
31,7,-0.15345508444611602,1.3299234935007909,0.25834396509986235,0.9973568320274352
32,7,-0.13824440594193607,1.3357324962903818,0.2835993031314427,0.9972962141036988
33,7,-0.12650623081225904,1.3397009865162264,0.31071533040210564,0.9974072575569152
34,7,-0.11862311471288825,1.3421332193838595,0.33615336141055857,0.9975078105926514
35,7,-0.11525368189523673,1.3429679232892369,0.357190686615042,0.9975861310958862
36,7,-0.11668706603136078,1.3428073440291624,0.37373992185704263,0.9976630210876464
37,7,-0.12024437376653063,1.3419229089646976,0.384593667784786,0.9977014064788818
38,7,-0.12390051443409485,1.3407495953998059,0.3909350109932841,0.997706174850464
39,7,-0.12693911566198973,1.3395759687007838,0.39338864612514096,0.9976485967636108
40,7,-0.1284643665000983,1.3385720826348617,0.39414167129678646,0.997609794139862
41,7,-0.12814322904772732,1.3378904295755816,0.39331299862021496,0.99760502576828
42,7,-0.12697231562332126,1.3376308138399289,0.39109520499037903,0.9975820183753968
43,7,-0.1259052371319172,1.3377076244750317,0.38732933538923664,0.997524619102478
44,7,-0.1251437469223983,1.3379848277149893,0.38238324659558487,0.9974530339241028
45,7,-0.12482628188923901,1.3384609926411675,0.37590154787262164,0.9973844885826112
46,7,-0.12492062044041215,1.3392304200202665,0.36775420814427084,0.9973239302635192
47,7,-0.12434835425783082,1.3402665792576207,0.35882971493636334,0.9972469210624696
48,7,-0.12242357879959395,1.3415706823350795,0.3493523604688146,0.9971783757209778
49,7,-0.11983498585202187,1.3429640855205442,0.33938404560418917,0.997170388698578
50,7,-0.11627571071908056,1.344161827216543,0.33029650214842066,0.9971656203269958
51,7,-0.11243379791999049,1.3449172945665395,0.32377601230685704,0.9972277283668518
52,7,-0.10896484243021165,1.3453121757370863,0.32171355857525546,0.9973336458206176
53,7,-0.10616343358990958,1.345294344693767,0.32596796163893227,0.99748957157135
54,7,-0.10283788338311242,1.344928263901692,0.3374688942564282,0.9976273775100708
55,7,-0.09774100280297908,1.345446591159515,0.352988501706739,0.9977369904518129
56,7,-0.08803178343479773,1.3474563398748365,0.36749649966217063,0.9978235960006714
57,7,-0.07400904059769339,1.3509695123562806,0.3747840661105134,0.997937023639679
58,7,-0.05647330654056374,1.3559776744087633,0.37341113360138595,0.9980016350746156
59,7,-0.03617445861336187,1.362961454152756,0.36261299468146413,0.9981376528739928
60,7,-0.01753068450430611,1.3700860742280105,0.3431092248295631,0.9982826113700868
61,7,-0.003967562266213797,1.3765939403464915,0.319316906755448,0.9984066486358644
62,7,0.004034383754500582,1.3824524962297646,0.2966376419675088,0.9985036849975586
63,7,0.007506600827573628,1.3879249136907281,0.2752149202107891,0.9986088871955872
64,7,0.007054312814934778,1.3924728269048097,0.255386465776656,0.998695194721222
65,7,0.006638805959973108,1.3973471417762047,0.23927979742060973,0.998762845993042
66,7,0.006854478729875478,1.4019948475525434,0.22823659653580358,0.9987480044364928
67,7,0.007195784288451554,1.405973268169665,0.22451905988291196,0.9987492561340332
68,7,0.006099211479191689,1.4082173941333345,0.22742329898378907,0.9987896680831908
69,7,0.003323333561708769,1.4088459842313004,0.23630613439917267,0.9988071918487548
70,7,-0.002008979850247874,1.4074487777036073,0.2512437163171681,0.9988173246383668
71,7,-0.008504260007090984,1.4051276620910254,0.2695791257638647,0.9988850951194764
72,7,-0.014467174576361824,1.402239480079435,0.2845450729656278,0.9989494681358336
73,7,-0.018430434762335364,1.3999952398116462,0.29699957061512433,0.998978316783905
74,7,-0.02066218141503299,1.3984826614294312,0.3072895241887125,0.9990248680114746
75,7,-0.021468207751163468,1.397725072959456,0.3130832933360321,0.9990501999855042
76,7,-0.02133829503816862,1.397570014167988,0.31484402436269887,0.9990732073783876
77,7,-0.020838323509605537,1.3981427442036518,0.3153478343764359,0.9990973472595216
78,7,-0.02037233802829197,1.3990682037062334,0.3140108373614528,0.9991321563720704
79,7,-0.0198447666238298,1.400194325015411,0.3105287424407001,0.9991618990898132
80,7,-0.019173594490901273,1.4014109184892596,0.3065698897342629,0.9991874098777772
81,7,-0.018557117565627036,1.402534508900504,0.30189805919611057,0.9992067813873292
82,7,-0.018237894874131303,1.4031515916603745,0.29931929092525233,0.9992231726646424
83,7,-0.017978775014573165,1.4036133130006097,0.2966274714289013,0.9992377758026124
0,8,0.011794221867184604,1.398394876046791,-0.6252098287134394,0.9994534850120544
1,8,0.009720572231925148,1.397384587147103,-0.6150786776971134,0.9994869232177734
2,8,0.007788285959063447,1.395491458418381,-0.6100486654785986,0.9995039701461792
3,8,0.00441368650677621,1.39200959779663,-0.6013942516085018,0.999505877494812
4,8,0.0011983429946694955,1.389033809376669,-0.5922484115784246,0.9995049238204956
5,8,-0.0020232899552692384,1.3868273862235725,-0.581617821501527,0.9995185732841492
6,8,-0.0046914886422925696,1.384634020886384,-0.5768274329969112,0.9995236396789552
7,8,-0.007465926197795615,1.3834443863993073,-0.569740354937041,0.9995291233062744
8,8,-0.010683422554549262,1.3824869751680453,-0.5623909873459805,0.9995421171188354
9,8,-0.014475208916343235,1.3808872320172652,-0.5571679452924815,0.9995539784431458
10,8,-0.01989197269179587,1.3780926909219833,-0.5529676918152993,0.9995631575584412
11,8,-0.02726469954677272,1.3744616373437055,-0.5476448556524627,0.9995623230934144
12,8,-0.036558961051317417,1.3701150292284683,-0.5408475281978824,0.9995681047439576
13,8,-0.04782099783858068,1.3653389276310737,-0.531341149985633,0.9995682239532472
14,8,-0.06115822243717006,1.3601373778287833,-0.5170364902124194,0.9995596408843994
15,8,-0.07517094262834109,1.3546392142010266,-0.5014727207699388,0.9995588660240172
16,8,-0.08927072307875472,1.348609602998079,-0.48707991919906946,0.9995535612106324
17,8,-0.10322949193184408,1.3425015919443617,-0.4748542147412548,0.9995598196983336
18,8,-0.11738517417910059,1.3354376837711182,-0.4656452602274551,0.9995562434196472
19,8,-0.13134125440287034,1.327998823764539,-0.46278487281562175,0.9995378851890564
20,8,-0.14473188049881314,1.3208409741186256,-0.4661489782330044,0.9995396733283995
21,8,-0.15820473912044825,1.3134995387802617,-0.47444626148682756,0.9995362758636476
22,8,-0.17128861709892024,1.3055337548225254,-0.4866722700563681,0.9994515776634216
23,8,-0.18258984136055784,1.298830737223446,-0.5029344010848599,0.9993956685066224
24,8,-0.191796897887757,1.2936420125251678,-0.5214031726780537,0.999301552772522
25,8,-0.19852372882740021,1.2900234542482587,-0.536417000451707,0.9992187023162842
26,8,-0.20106230209833567,1.289809147166919,-0.5465414514539926,0.9991222023963928
27,8,-0.19851831206474943,1.2933179376156367,-0.5515676294957687,0.99900484085083
28,8,-0.19145953424994316,1.299410473375015,-0.5497116359429652,0.9988303780555724
29,8,-0.18009727656895955,1.307316996267326,-0.5377788642829415,0.9983702898025512
30,8,-0.16605990927030068,1.3163914523564118,-0.5191411810738376,0.9982659220695496
31,8,-0.1506306741792916,1.3246703587574893,-0.49535842880955033,0.9981851577758788
32,8,-0.13714826320702486,1.3314788900979218,-0.46716969952288057,0.998094081878662
33,8,-0.12700476631310895,1.3365266850317479,-0.4365526842758122,0.998139500617981
34,8,-0.12071616792224496,1.3398641778008842,-0.4094517667341832,0.9981794357299804
35,8,-0.11788155016105559,1.3413608570981321,-0.38784524360064876,0.9982062578201294
36,8,-0.1189799332659931,1.3415389912041007,-0.37229659601609083,0.9982320070266724
37,8,-0.12126630455206952,1.3407364285273562,-0.3630024359392735,0.9982358813285828
38,8,-0.12306974250496054,1.339441488489056,-0.35960319718266304,0.9982149004936218
39,8,-0.12389330865492072,1.3380161551902183,-0.35963070922218515,0.9981226921081544
40,8,-0.12371026038598762,1.3367366727641696,-0.360773593943472,0.9980485439300536
41,8,-0.12204494389974148,1.3358284517606553,-0.3621826736238753,0.998016595840454
42,8,-0.11986804992574018,1.3353923482716943,-0.3641383952689581,0.9979705214500428
43,8,-0.11793411160069833,1.335343368742841,-0.3668934295723809,0.9978945851325988
44,8,-0.11632647151306515,1.335536750234045,-0.370141190012372,0.9978018403053284
45,8,-0.11492688716167013,1.3359603624719547,-0.37414193418645214,0.997715413570404
46,8,-0.11386614243080632,1.3366871295869236,-0.3792326615293548,0.9976325035095216
47,8,-0.11266363970963145,1.3376650316210346,-0.3845141065938857,0.9975317716598512
48,8,-0.11069801823287151,1.3389168833703113,-0.3905781130610217,0.9974414706230164
49,8,-0.10880278757371367,1.340223099017204,-0.3985671456053368,0.9974185824394226
50,8,-0.10766435376456181,1.3412673273575373,-0.40874416469542796,0.9974245429039
51,8,-0.10785271290731854,1.3417707371474443,-0.419752944416295,0.9974839091300964
52,8,-0.10853497184162966,1.341811300433529,-0.4303276581038883,0.99757719039917
53,8,-0.10968086095707111,1.3413374015888335,-0.43643585700994025,0.9977394938468932
54,8,-0.11042448935256624,1.3404897617817713,-0.43533112525195694,0.9978660941123962
55,8,-0.1071026184647736,1.3406485269017063,-0.42662114908454374,0.9979886412620544
56,8,-0.09618208497716893,1.3425573546711949,-0.41250965872465517,0.9981141090393066
57,8,-0.07844036891810377,1.3463201364510256,-0.39623546950325816,0.9982513189315796
58,8,-0.05537983156124231,1.351850886325971,-0.3822389036819794,0.9983576536178588
59,8,-0.026305890541334302,1.3596941990766565,-0.3725624180213738,0.998491108417511
60,8,0.0021858639962557156,1.3678057693842365,-0.36835162827849555,0.9986218214035034
61,8,0.02580992308793905,1.3754298973789383,-0.36949552902134164,0.998738408088684
62,8,0.042064812024480994,1.3821554777333216,-0.376076219784904,0.9988396167755128
63,8,0.051624286258567686,1.3881885688642894,-0.38707705721784824,0.99893456697464
64,8,0.05332675347189847,1.3928734141590402,-0.4017987484656831,0.9990159273147584
65,8,0.0522187866058441,1.3976042832596958,-0.41959558401937136,0.9990828633308412
66,8,0.04848198380654536,1.4016498575911798,-0.4375270699593773,0.9991008639335632
67,8,0.04353665865505317,1.4051375785879556,-0.4499278508848182,0.999128758907318
68,8,0.03768184710918911,1.4073001858037761,-0.4557360528765536,0.9991729855537416
69,8,0.03132454995562543,1.4081320368438408,-0.45543379435976805,0.9992112517356871
70,8,0.02320799019632525,1.4071487348171972,-0.44845888000242845,0.9992466568946838
71,8,0.015433843246948317,1.4055246290240373,-0.43795883973092353,0.9993033409118652
72,8,0.009772167279496308,1.4033215188944552,-0.43026761708703176,0.9993568062782288
73,8,0.006410916300902972,1.4014494449862507,-0.4260348273201166,0.999392867088318
74,8,0.0052105550296067315,1.4001648823830624,-0.4250859430240991,0.9994338750839232
75,8,0.005707555588437175,1.3994881274058486,-0.42829235721679615,0.9994667768478394
76,8,0.007014035466410937,1.3992139631967457,-0.43358474374979605,0.999495804309845
77,8,0.00808889038035395,1.3995144442684562,-0.4382431210458025,0.999521791934967
78,8,0.008761028851678027,1.4001542750621734,-0.44227543444311285,0.9995502233505248
79,8,0.009108513183813637,1.4009681587089147,-0.4457318566939156,0.9995753169059752
80,8,0.009446988316503044,1.4019019564452286,-0.4480142717614152,0.9995973706245422
81,8,0.009834507416793736,1.4028334611282722,-0.45005960581590837,0.9996159672737122
82,8,0.010040498579539987,1.4033614187807284,-0.4511604721281356,0.9996317028999328
83,8,0.010266112589066878,1.4037644994574527,-0.45226481885213876,0.9996455311775208
0,9,-0.23049251731073886,1.2575092240085832,-0.09243217935555455,0.9993935823440552
1,9,-0.23252227922109509,1.2554206474294847,-0.08483310104527512,0.9994084239006042
2,9,-0.23430676560644986,1.2525442714320563,-0.08235749053323471,0.9994065761566162
3,9,-0.2374613079004686,1.2472770980494874,-0.07736818392559143,0.9993807673454284
4,9,-0.24054124432104834,1.242431402589526,-0.07232097640316795,0.9993577003479004
5,9,-0.24365027768459102,1.2382840707137617,-0.06546454053792419,0.9993612766265868
6,9,-0.2458987888677196,1.2345880440716233,-0.061614648945659344,0.9993494749069214
7,9,-0.24806325811151408,1.23201837023758,-0.05368801007256937,0.999334156513214
8,9,-0.2503704857532806,1.229750356673334,-0.04461341892293208,0.9993325471878052
9,9,-0.2530957556976599,1.2267385198575187,-0.036672092278714236,0.9993313550949096
10,9,-0.25703088590903234,1.222236545746093,-0.028907650766439096,0.9993249773979188
11,9,-0.26273275348505476,1.2163333982252431,-0.020900109656517608,0.999305009841919
12,9,-0.2705451283766639,1.2090535557908253,-0.012058486475468661,0.9992945194244384
13,9,-0.2810528082221245,1.2007332383953917,-0.001402196411971464,0.9992706775665284
14,9,-0.294217966734789,1.1919182856978805,0.012603792889431632,0.9992297887802124
15,9,-0.30889496435047736,1.1831273082524318,0.02620373047802781,0.9992026090621948
16,9,-0.32404511336355285,1.1746742762524824,0.038049957664254966,0.9991728067398072
17,9,-0.33883545346836397,1.1675108579513753,0.0472440612989896,0.9991706609725952
18,9,-0.35181440812089193,1.1613175951137182,0.053423046805908446,0.9991396069526672
19,9,-0.36181781571054766,1.1567255008826907,0.05443675546148925,0.9990900754928588
20,9,-0.36939175764865845,1.1542705865680414,0.05088554237024977,0.9990813732147216
21,9,-0.37552166483023275,1.153374328386699,0.04224599279258878,0.999071717262268
22,9,-0.3806420020448383,1.1531129941337435,0.030005887548344008,0.9988517761230468
23,9,-0.38546026262562455,1.1548357640596625,0.014110525504287208,0.9987049102783204
24,9,-0.39191621210919675,1.158063559014789,-0.00471618341068059,0.99851256608963
25,9,-0.3983201581019246,1.1628086504392454,-0.02257557729922068,0.998375654220581
26,9,-0.4039125097646029,1.1705331450028065,-0.03665133446129229,0.998193383216858
27,9,-0.4071927480569523,1.181963573185727,-0.0478860255455,0.9979861974716188
28,9,-0.4066470828376758,1.1958874313034396,-0.05423528591706976,0.9976939558982848
29,9,-0.4011912452832487,1.2116774426728352,-0.05322574713268504,0.9969663023948668
30,9,-0.3926741900390024,1.228496520504001,-0.046248739886405675,0.9967594146728516
31,9,-0.3810765471849685,1.2442227236323302,-0.03474131108633245,0.9966160655021667
32,9,-0.369189288614608,1.2572969287555293,-0.018171543224086616,0.9964389204978944
33,9,-0.36044261339979344,1.2666887963705105,0.001437196473033181,0.9965432286262512
34,9,-0.354478587311036,1.2722346329633818,0.02112306880851032,0.9966497421264648
35,9,-0.35146543158323384,1.2736336444651033,0.038355249013352084,0.9967339038848876
36,9,-0.35223624919819935,1.2716779335334862,0.05280871352097789,0.9968128204345704
37,9,-0.35464793466901423,1.2674964294604272,0.063400537718031,0.9968444108963012
38,9,-0.3561240693893145,1.2628951017727281,0.06989957793651887,0.9968284368515016
39,9,-0.3569939931671334,1.2588167086907345,0.07274947711537841,0.996703326702118
40,9,-0.35682659832168284,1.2557566858143743,0.07387530836712848,0.9966232776641846
41,9,-0.35527255637101085,1.2538600144414682,0.0732570681856719,0.9965887069702148
42,9,-0.3532659157299665,1.25288049952344,0.07112315284298103,0.996527135372162
43,9,-0.35167910108088046,1.2520995876487733,0.06762695621623818,0.9964148998260498
44,9,-0.35054334250334657,1.2511624273868036,0.06303390909174358,0.996285617351532
45,9,-0.3498559682182897,1.2501432998675128,0.057104558760879484,0.9961717128753662
46,9,-0.34967952598100915,1.2492823563333584,0.04989194710693588,0.9960757493972778
47,9,-0.34977576833468366,1.248802672822808,0.04207129448676309,0.9959526658058168
48,9,-0.349887996021579,1.2491060972511578,0.033686711023050125,0.9958420991897584
49,9,-0.3509321466214592,1.249683987699229,0.02499955439692659,0.995823323726654
50,9,-0.35208774618489924,1.2501414740078878,0.017619170366029786,0.9958479404449464
51,9,-0.35282889055460087,1.250062908481424,0.013336260536685195,0.9959614872932434
52,9,-0.35225208664691243,1.2492865794322785,0.013742428658234907,0.9961178302764891
53,9,-0.349216466953762,1.2470978263478956,0.02067520854421508,0.9963617324829102
54,9,-0.3434434137179607,1.2442411574223562,0.03498566963311249,0.9965640306472778
55,9,-0.33428213436251153,1.2422369184489837,0.05315860437149831,0.996746301651001
56,9,-0.3205063920176959,1.241873565310102,0.07111738277583607,0.9969124794006348
57,9,-0.3032041751665028,1.243233532381463,0.0841206041240529,0.9971191883087158
58,9,-0.284904863507156,1.2465257383292596,0.0904727698945993,0.9972596764564514
59,9,-0.2636736788947801,1.251709213757888,0.0887842579220683,0.9974708557128906
60,9,-0.24330319789852733,1.2559015044318604,0.08086514650329177,0.997686505317688
61,9,-0.22712348890050377,1.258340074675131,0.06930741864417696,0.9978797435760498
62,9,-0.21570568105979077,1.2590120305076753,0.05731709463032827,0.9980405569076538
63,9,-0.20831428583036468,1.258712319135734,0.04497406568476684,0.9981982707977296
64,9,-0.2063279981832038,1.2576019957460125,0.03295899566459235,0.99834007024765
65,9,-0.2070191112334753,1.2583028346373055,0.021471914815225097,0.998461902141571
66,9,-0.20917059913876393,1.259858552331494,0.012621475912056378,0.9985114336013794
67,9,-0.21307205204388832,1.2617513679159391,0.00991565582203802,0.9985678791999816
68,9,-0.21763465003130475,1.2625945581336018,0.013213517663193902,0.9986456632614136
69,9,-0.22278682634822117,1.2617432960458577,0.02213589342159699,0.9987094402313232
70,9,-0.22870544370942908,1.2583786239924233,0.03720482786118543,0.9987613558769226
71,9,-0.234423073208507,1.2542980537897903,0.05533494545172363,0.998847723007202
72,9,-0.23795171201444112,1.2502628687231208,0.06971820261228259,0.9989311695098876
73,9,-0.23970265163664156,1.2473604325396734,0.0809022589797028,0.9989829659461976
74,9,-0.2398423609252986,1.245851784425091,0.08901820865108001,0.9990423321723938
75,9,-0.2388670153264271,1.2456430502198867,0.09247464297288152,0.9990901947021484
76,9,-0.2373217942750315,1.2461120321091947,0.092165175686809,0.999133050441742
77,9,-0.23628194574494862,1.24694826064937,0.09097073498678113,0.9991720914840698
78,9,-0.2358200681385004,1.2478313420749754,0.08848832342621582,0.9992176294326782
79,9,-0.23583898295699193,1.2486691180405627,0.08473179396419972,0.9992578029632568
80,9,-0.23597189923397685,1.2494096840436026,0.08104691578673419,0.9992932677268982
81,9,-0.23613221758737354,1.2499705205239307,0.07720699222667257,0.9993234872817992
82,9,-0.2362100905202054,1.2502795651759917,0.07512668330050032,0.9993492364883424
83,9,-0.23627051917812328,1.2504593824354544,0.07314482485274353,0.9993720650672911
0,10,-0.20878398693158215,1.2587542957417643,-0.31029487181390053,0.9995597004890442
1,10,-0.21082802102344705,1.256880833882561,-0.30203467810881945,0.9995731711387634
2,10,-0.2125724006247874,1.2541990876552878,-0.2986031826217601,0.9995769262313844
3,10,-0.21562636434968935,1.2492630667789257,-0.29219413282046713,0.999565601348877
4,10,-0.21852778813399576,1.2447191925716201,-0.28575483244221006,0.9995563626289368
5,10,-0.22145108670701666,1.2408334012497133,-0.27776480265388,0.9995628595352172
6,10,-0.2236148931379816,1.237231818516987,-0.27354322079361604,0.9995603561401368
7,10,-0.22589400953799413,1.234631567329012,-0.26610619971613614,0.9995537996292114
8,10,-0.2285927545224311,1.232245761236737,-0.25790331823345436,0.9995551705360411
9,10,-0.23196351001702847,1.2290771588447658,-0.25106712355851657,0.999557614326477
10,10,-0.23676581649035439,1.224428589579309,-0.24463859808441873,0.999556303024292
11,10,-0.2433825000376256,1.2184778253969288,-0.23774656181316903,0.999548316001892
12,10,-0.2519139775405471,1.2113223696305973,-0.2299253739408647,0.9995450973510742
13,10,-0.2628696419382785,1.2032447984473504,-0.22020799675681757,0.9995346665382384
14,10,-0.2761864060821856,1.1947615576979018,-0.20712299892706784,0.9995129704475404
15,10,-0.29083443571269957,1.186364643567445,-0.19405614434927104,0.9994990825653076
16,10,-0.30592197659474163,1.1783549945678808,-0.18234978973657118,0.9994844794273376
17,10,-0.3210534639361152,1.1715715809966964,-0.17306970888070466,0.9994869232177734
18,10,-0.3348401221781004,1.1657582924047596,-0.16660626763665207,0.9994673728942872
19,10,-0.3463567587495205,1.1614255936521996,-0.1652678600831111,0.99943870306015
20,10,-0.35578702983904653,1.1590923867967209,-0.1692643431115492,0.9994338750839232
21,10,-0.3641596009120751,1.158035710016232,-0.17883623811944693,0.9994271397590636
22,10,-0.3713868802113237,1.1573988863203897,-0.19219284392365363,0.9993072748184204
23,10,-0.3780198106940809,1.158497016160104,-0.20953678142787643,0.999222695827484
24,10,-0.3854775851893567,1.1610489104626285,-0.2296946837456903,0.9991059303283693
25,10,-0.3922745292733515,1.1651209717322977,-0.24800388934775572,0.9990248680114746
26,10,-0.39745578235704765,1.1722558262058853,-0.262470159143039,0.998920202255249
27,10,-0.39998458220352456,1.1831076323029341,-0.27407374225164816,0.9987969398498536
28,10,-0.3985873673347028,1.1964702211195224,-0.2807016330116713,0.998623788356781
29,10,-0.3925307013519993,1.2116646815717274,-0.2797314586940794,0.9981816411018372
30,10,-0.3838111280178307,1.2278236633265525,-0.2725301456368848,0.9980486631393432
31,10,-0.372319125373936,1.2429774712864294,-0.2598651586908847,0.997940480709076
32,10,-0.36075732438652663,1.2556974713142837,-0.2413791632002953,0.9978038668632508
33,10,-0.35233610022649164,1.2650024554171029,-0.21913393272089846,0.997847855091095
34,10,-0.3466112487301244,1.2707011219845203,-0.19710256317606173,0.9979013800621032
35,10,-0.3435759561108922,1.2724624143337118,-0.17815049447172682,0.9979497790336608
36,10,-0.3442830536759679,1.2709233150644756,-0.16299177856466668,0.9979929327964784
37,10,-0.34638828892849965,1.267138887692181,-0.15253170613113481,0.9980077147483826
38,10,-0.34749970450420586,1.262838818471757,-0.14686734774872257,0.9979830980300904
39,10,-0.34802463635766995,1.258952176430268,-0.14484320736787334,0.9978911876678468
40,10,-0.3475917131339158,1.2560043080671501,-0.14440697130053412,0.9978306889533995
41,10,-0.34574811459938537,1.254185290249143,-0.1453346359989979,0.9977999329566956
42,10,-0.3435133016495103,1.2532646459447365,-0.1474649076468372,0.9977489113807678
43,10,-0.34166134875364446,1.252560791442077,-0.15068585349501723,0.9976653456687928
44,10,-0.34016893961255246,1.2517298282136813,-0.15475246553708086,0.99757319688797
45,10,-0.3390363066110852,1.250837237994375,-0.15989893220038826,0.9974966049194336
46,10,-0.3383973841961175,1.2501061295584477,-0.16615175302330412,0.9974322319030762
47,10,-0.3381139440111717,1.2497483031015664,-0.17286023566387415,0.9973512887954712
48,10,-0.33806645043620176,1.2501476567773768,-0.18020206998890853,0.9972772598266602
49,10,-0.33916648880356287,1.250808297309105,-0.18825348099094366,0.9972626566886902
50,10,-0.34097031328196603,1.2513471557981128,-0.19583069752951518,0.9972856640815736
51,10,-0.34303569416169954,1.2513318271497955,-0.2011925006816428,0.99736487865448
52,10,-0.34398963525239884,1.250594129165838,-0.20295844382182407,0.9974704384803772
53,10,-0.34214270794495544,1.2484708971473772,-0.19872230932492446,0.9976381659507751
54,10,-0.33751546139956234,1.2456643986168205,-0.1871916419271435,0.9977694749832152
55,10,-0.32843985105989265,1.2436680995675684,-0.17087470968718713,0.9978896379470824
56,10,-0.3133266943344785,1.2433139805989961,-0.15314456671841165,0.9979971051216124
57,10,-0.2935778605650784,1.2447216881246044,-0.13780832833080983,0.9981337785720824
58,10,-0.2725842653512446,1.2479628366948972,-0.12733706817059978,0.9982345700263976
59,10,-0.2476250945867997,1.2530492450662272,-0.1233149033763998,0.9983723759651184
60,10,-0.2234429081176074,1.2571587271498048,-0.12467347917552815,0.9985122680664062
61,10,-0.2037433401019463,1.259527734750528,-0.1299097241278537,0.9986383318901062
62,10,-0.18957797612069602,1.2599862343150232,-0.13745658186000917,0.9987434148788452
63,10,-0.17997439001585142,1.259372878095959,-0.14697326701549873,0.9988442063331604
64,10,-0.17719682245544913,1.2578029746327757,-0.1578643216562372,0.9989328384399414
65,10,-0.17812041115865407,1.2579171929041943,-0.16998252518495258,0.9990060329437256
66,10,-0.18143650349990065,1.25876422711617,-0.18110998215631766,0.999027132987976
67,10,-0.18706874413202024,1.260139542518179,-0.1866580119996806,0.9990577101707458
68,10,-0.19345847055405047,1.2608307394075666,-0.18627970112205589,0.9991027116775512
69,10,-0.20006831154157717,1.2602232242314586,-0.1802827154325274,0.9991438388824464
70,10,-0.20722136376475447,1.257366050659572,-0.1680897527200517,0.9991773962974548
71,10,-0.21391960556691875,1.2539896044227121,-0.15257811033452576,0.9992352724075316
72,10,-0.218102140058064,1.2505803598249798,-0.14066906794793763,0.9992923140525818
73,10,-0.2204176273649688,1.2480999210296528,-0.13227372183457808,0.9993273019790648
74,10,-0.22106905687820425,1.2468116213375766,-0.12712731063981714,0.9993668794631958
75,10,-0.22046374981623149,1.2466788207425998,-0.12647193277690796,0.9994004964828492
76,10,-0.21915376513635673,1.247135631169089,-0.12896052215878565,0.999430239200592
77,10,-0.21824330640045977,1.247974734289442,-0.13154512235352214,0.9994567036628724
78,10,-0.21785848631043098,1.2488818697251185,-0.13450069743233933,0.9994874596595764
79,10,-0.21793769068186736,1.249759475103843,-0.1379335066108484,0.9995145797729492
80,10,-0.218119955365277,1.250564284849201,-0.14086220972977964,0.9995386004447936
81,10,-0.21831727866335485,1.2511946599348007,-0.1437573725903207,0.9995591640472412
82,10,-0.21842486701196695,1.251541990731,-0.14533399605989591,0.9995765686035156
83,10,-0.21849716456233068,1.2517589851680653,-0.14686533454813033,0.9995920658111572
0,11,0.00981558658619071,0.9977247922011158,0.6820457721527218,0.9974313378334044
1,11,0.009760891913017097,0.999162660152276,0.6895879635203441,0.9975058436393738
2,11,0.00952585689029073,0.9997929275767692,0.6899491939390145,0.9975405335426332
3,11,0.009155804275158825,1.0009881256765765,0.6917675415323395,0.99746572971344
4,11,0.009224893413500995,1.002050694312286,0.6945441152830156,0.9974384903907776
5,11,0.009645428770000275,1.0032114919031068,0.7008068079394606,0.997470200061798
6,11,0.010340093407967904,1.003598789214709,0.7049785684507255,0.9974640607833862
7,11,0.011428855955945328,1.0043039477936433,0.7162411147799885,0.9974533915519714
8,11,0.012700070062653387,1.0048858871523372,0.7296016497171068,0.9974687099456788
9,11,0.013864277720890383,1.004982976405545,0.7412941102540419,0.9974774718284608
10,11,0.014983128300400541,1.0045202835356715,0.7512846281927821,0.997458279132843
11,11,0.016209028172553687,1.0034152509137089,0.7591060813152426,0.9974250197410583
12,11,0.017732090677985854,1.0018118896529362,0.7659400719541034,0.997416615486145
13,11,0.019271697590334074,0.999952369061055,0.7729580134689038,0.997382879257202
14,11,0.020863443623716702,0.9983263905698875,0.7820152655863915,0.9973220825195312
15,11,0.022550970023799004,0.9972379980015613,0.7908563544047553,0.9972997903823853
16,11,0.02441327638535164,0.9971383015502984,0.7978299261414092,0.9972712397575378
17,11,0.02679369858397654,0.998099513809802,0.8029704490970525,0.9973185658454896
18,11,0.030429421949871593,1.0001571443693176,0.8066763279936066,0.9973604679107666
19,11,0.035732807248824834,1.002953943330458,0.8080681535026827,0.9973378777503968
20,11,0.04278117995577379,1.0060307250485563,0.8067241642818266,0.9973823428153992
21,11,0.051301801291682644,1.008646688247108,0.801220199307694,0.9974064826965332
22,11,0.060652280453249,1.0104937271977246,0.7913059457317176,0.9972200989723206
23,11,0.06977510037633516,1.0112458562394158,0.77646376584415,0.9972018599510192
24,11,0.07804906098254441,1.010999241252632,0.7552974653824278,0.9972341656684875
25,11,0.08368401329352318,1.0093815723565873,0.7321257151304281,0.9972773194313048
26,11,0.08599375002516654,1.0068342530453203,0.7134440739343202,0.9972858428955078
27,11,0.08421756894837669,1.0036394480055912,0.6995164754058389,0.9972837567329408
28,11,0.07884248143479773,1.000265511759657,0.6943398283195532,0.99725079536438
29,11,0.07070225319410271,0.9964706177217313,0.701707441538196,0.9970928430557252
30,11,0.062184837930570926,0.9929810152402296,0.7194013377397575,0.997068166732788
31,11,0.05403378357136932,0.9897286181627776,0.743306481520512,0.9970418214797974
32,11,0.048382021463446896,0.9867003596865184,0.773576059592837,0.997012495994568
33,11,0.0457380595843893,0.9835228559921507,0.8040401726969895,0.9970874190330504
34,11,0.04470559969245824,0.980737431237146,0.8311098715546604,0.9971326589584352
35,11,0.0445609263787958,0.9784594253054127,0.8528025667017026,0.9971475601196288
36,11,0.04525454685629467,0.9768910841084708,0.8695057756358034,0.9971575736999512
37,11,0.04544635951479267,0.9759825005959859,0.8796926555339161,0.9971418976783752
38,11,0.044751577733655123,0.9758495392161182,0.8856739181403789,0.9971312284469604
39,11,0.043991347183078226,0.9761928114925655,0.888020014710734,0.997054934501648
40,11,0.043074061405254827,0.9766589352024664,0.8887441588320583,0.9970115423202516
41,11,0.04192419900476634,0.9770591686334014,0.8875907351933309,0.9969679713249208
42,11,0.04077323327752966,0.9774146406948832,0.8848738719308085,0.9969181418418884
43,11,0.03957346120798053,0.9777749938492079,0.8798969649823268,0.9968543648719788
44,11,0.038314881227882534,0.9781628775450418,0.8729107989829258,0.9967980980873108
45,11,0.037079300624215716,0.978614485572319,0.8636545742245911,0.9967434406280518
46,11,0.03604715310006511,0.9791610410362374,0.852593233208309,0.9967005252838136
47,11,0.035160594514907856,0.9797069753036363,0.8412112380188752,0.9966513514518738
48,11,0.03477927242879118,0.9801439993960525,0.8305058532596412,0.9966133236885072
49,11,0.03523637734868467,0.9806605132534314,0.8210140792759871,0.9966177344322203
50,11,0.03724231800265156,0.9813548160855339,0.8153595868053662,0.9966183304786682
51,11,0.040911081881049555,0.9822107443463022,0.8152884889589457,0.9966843128204346
52,11,0.045565417544776964,0.9836035457617305,0.8224467143975961,0.9967413544654846
53,11,0.04997318313673218,0.9856643179947719,0.8376915034138899,0.9968803524971008
54,11,0.053276277604928236,0.987983379057129,0.8614708540188583,0.9970181584358216
55,11,0.05337191482700117,0.9902593325992699,0.8881955432381659,0.9971413612365724
56,11,0.04913891923039522,0.9922920337864218,0.9121199129048281,0.997241735458374
57,11,0.04112559769740103,0.9933502045039626,0.9253015641415917,0.9973487257957458
58,11,0.03163646417891197,0.99379408060783,0.926414127813806,0.9973978400230408
59,11,0.020605459412658227,0.9934593682129697,0.9144902613531196,0.9974939823150636
60,11,0.010205666465753294,0.9928107494214682,0.8906614647043265,0.9975945353507996
61,11,0.001247407617630023,0.9921850017307218,0.8590875707711442,0.9976481199264526
62,11,-0.004930951242224485,0.9924539325032503,0.8281644614679783,0.997651994228363
63,11,-0.010411273497940783,0.9926622396612881,0.7996054852255048,0.9977121949195862
64,11,-0.0133574150557591,0.9936351233620989,0.7743338212571788,0.9977868795394896
65,11,-0.01516089664091611,0.9949671213206639,0.7557164968747563,0.997818410396576
66,11,-0.014798658317441829,0.9965710897123282,0.746455621929905,0.9977331757545472
67,11,-0.0132016789793613,0.9974914127187893,0.7475788881297105,0.9975489377975464
68,11,-0.009782871631442112,0.9983010687732493,0.7564455051734168,0.997505784034729
69,11,-0.005976421412098999,0.998658222891031,0.7721904241144275,0.9974318146705629
70,11,-0.0013547175120557507,0.9986384422921868,0.7945285072598706,0.997416377067566
71,11,0.0026852455995210684,0.998134542670385,0.8186629771746755,0.997525691986084
72,11,0.0055016359943427,0.9978561596255495,0.8369711045462054,0.997612476348877
73,11,0.007126552754086364,0.9978175918072785,0.85140229809173,0.997644066810608
74,11,0.007496396745213461,0.9976960738186325,0.8621013754677922,0.9977160692214966
75,11,0.007063994809380389,0.9976987066335153,0.8660931304688748,0.997779667377472
76,11,0.006536964880910915,0.9979026783860572,0.8657514049207883,0.9978241324424744
77,11,0.00632181772460963,0.9980371355616846,0.8648716155373398,0.9978477358818054
78,11,0.006481581224643783,0.9980132868204962,0.8627241033655698,0.9978846907615662
79,11,0.007227579234391069,0.9980666414938378,0.8591588270810359,0.9979179501533508
80,11,0.008082583439745541,0.9980814533858112,0.8561961180962877,0.9979504942893982
81,11,0.00877273659252189,0.9980472485504602,0.8529389250831478,0.9979737401008606
82,11,0.009157054762715755,0.9980104265300881,0.8511736538281032,0.9979895949363708
83,11,0.009446740644252381,0.9980013224678502,0.8492508538816205,0.9980007410049438
0,12,-0.009815586586190516,0.9759125439708948,-0.9707198093139451,0.9997183680534364
1,12,-0.009760891913016875,0.9778566456642486,-0.9619954851053243,0.999732255935669
2,12,-0.009525856890290488,0.9789415766354974,-0.9556537207085963,0.9997430443763732
3,12,-0.009155804275158556,0.9807609263318036,-0.9450475452276624,0.9997430443763732
4,12,-0.009224893413500744,0.9823516659768275,-0.9346204145214309,0.999745547771454
5,12,-0.009645428770000032,0.9839694789600462,-0.924178955728738,0.9997528195381165
6,12,-0.0103400934079677,0.984484692749942,-0.9193068575532074,0.9997590184211732
7,12,-0.011428855955945153,0.9853282705474452,-0.9151888648202735,0.9997642636299132
8,12,-0.012700070062653234,0.9864149882082401,-0.9117652217926615,0.9997707009315492
9,12,-0.013864277720890212,0.9876820475787765,-0.9095174324377575,0.9997771978378296
10,12,-0.01498312830040035,0.9891952791186187,-0.9075819033626893,0.9997801184654236
11,12,-0.016209028172553482,0.9911595451230525,-0.9037427114066722,0.999783217906952
12,12,-0.017732090677985656,0.9935191127887781,-0.8979247506799943,0.9997872710227966
13,12,-0.019271697590333876,0.9962008725464786,-0.8896323841675644,0.9997908473014832
14,12,-0.020863443623716574,0.9987886446411327,-0.8778823685098146,0.9997934699058532
15,12,-0.022550970023798952,1.0007770834238998,-0.8647648115187598,0.9997938871383668
16,12,-0.024413276385351602,1.001622963026076,-0.8522676967547665,0.9997928142547609
17,12,-0.02679369858397653,1.00119038969595,-0.8417186762572355,0.999797523021698
18,12,-0.03042942194987159,0.9994443297864025,-0.8340216256231029,0.999797523021698
19,12,-0.035732807248824786,0.9967688987904058,-0.8314339888962161,0.9997960329055786
20,12,-0.0427811799557737,0.9936236879775153,-0.8335989222012172,0.9997963309288024
21,12,-0.05130180129168253,0.9906088710521062,-0.8386958791678542,0.9997950196266174
22,12,-0.06065228045324885,0.9880318819417797,-0.8455438230943504,0.999778687953949
23,12,-0.06977510037633498,0.98610884396646,-0.8544122432640705,0.9997718930244446
24,12,-0.07804906098254422,0.984650790306768,-0.8643562718373046,0.9997544288635254
25,12,-0.08368401329352297,0.9843290231321538,-0.872682392194686,0.9997381567955016
26,12,-0.08599375002516632,0.9851824164482897,-0.8801559948545185,0.9997199773788452
27,12,-0.08421756894837648,0.9870248109991584,-0.8864681718517057,0.9996978044509888
28,12,-0.07884248143479754,0.9898434632632936,-0.8901133033955769,0.9996753931045532
29,12,-0.07070225319410255,0.9941512616995531,-0.8879815509473229,0.9996471405029296
30,12,-0.062184837930570794,0.9989020791478292,-0.8810914476755608,0.999626100063324
31,12,-0.05403378357136922,1.0038039815857203,-0.8690177888612615,0.999604105949402
32,12,-0.04838202146344679,1.008676865182777,-0.8525197461519027,0.9995916485786438
33,12,-0.045738059584389215,1.013294548282118,-0.8320292104631051,0.9995986819267272
34,12,-0.044705599692458166,1.0167922346147011,-0.8126915862207358,0.9996082186698914
35,12,-0.044560926378795725,1.019273027270922,-0.7964417425943087,0.9996182918548584
36,12,-0.045254546856294604,1.0206564057082983,-0.7845426017881871,0.9996260404586792
37,12,-0.04544635951479263,1.0211550379621894,-0.7770055694311668,0.9996296763420104
38,12,-0.04475157773365508,1.0209566674536297,-0.774601052371457,0.9996297955513
39,12,-0.04399134718307817,1.0205526549677149,-0.7749437137816756,0.999614953994751
40,12,-0.04307406140525477,1.0201532270349456,-0.7764524118769385,0.9996045231819152
41,12,-0.04192419900476628,1.0199175213830944,-0.7781725388769594,0.9995999932289124
42,12,-0.04077323327752956,1.0197980899403496,-0.7800103966956984,0.9995938539505004
43,12,-0.03957346120798042,1.0197356618531015,-0.7815833118247524,0.9995842576026917
44,12,-0.03831488122788243,1.0196725041784576,-0.782783043781391,0.9995733499526978
45,12,-0.037079300624215626,1.0196035464309197,-0.7834704637604215,0.9995617866516112
46,12,-0.03604715310006503,1.019477538717284,-0.7841001930750583,0.9995510578155518
47,12,-0.035160594514907786,1.0193248907877495,-0.7845680895736221,0.9995383024215698
48,12,-0.034779272428791135,1.0191971063230654,-0.7858154561739837,0.9995281100273132
49,12,-0.03523637734868462,1.0188747636899906,-0.7887994629326801,0.9995232224464417
50,12,-0.0372423180026515,1.0183051428700733,-0.7942171116926393,0.9995267987251282
51,12,-0.04091108188104947,1.0174637297009324,-0.8012184671906943,0.9995400309562684
52,12,-0.04556541754477687,1.0158994532982728,-0.8096829036513439,0.9995477199554444
53,12,-0.04997318313673209,1.013463313123232,-0.8168797410196872,0.9995689988136292
54,12,-0.053276277604928146,1.0105601804782283,-0.8210059253863747,0.999592423439026
55,12,-0.0533719148270011,1.0074137288403375,-0.8216167648026407,0.9996144771575928
56,12,-0.049138919230395164,1.004465271741957,-0.8191446289949342,0.9996339678764344
57,12,-0.04112559769740097,1.0027788151047035,-0.8133548071227537,0.9996576309204102
58,12,-0.031636464178911874,1.002092367953907,-0.8067150391561532,0.9996777772903442
59,12,-0.020605459412658098,1.00263505482635,-0.8000470917098619,0.9997010231018066
60,12,-0.010205666465753127,1.0040400994146583,-0.7936424531424147,0.9997236728668212
61,12,-0.001247407617629808,1.005599315896688,-0.7881270418111345,0.9997424483299256
62,12,0.004930951242224731,1.0060149009758095,-0.7860572042443765,0.9997578263282776
63,12,0.010411273497941045,1.0061740743153424,-0.787527052070448,0.9997722506523132
64,12,0.01335741505575938,1.005254954443792,-0.7928162433744415,0.9997843503952026
65,12,0.015160896640916383,1.0036050399671976,-0.8021883674304444,0.9997869729995728
66,12,0.014798658317442046,1.0015835391619072,-0.8142713289294171,0.9997762441635132
67,12,0.013201678979361453,1.000473876836089,-0.8248009108592165,0.9997645020484924
68,12,0.009782871631442223,0.9997278492131795,-0.831924998814837,0.9997634291648864
69,12,0.005976421412099042,0.9996060303452481,-0.8356374272781597,0.9997662305831908
70,12,0.0013547175120557445,1.0000072695049298,-0.8354851379197354,0.9997737407684326
71,12,-0.0026852455995210736,1.0009266104785766,-0.8333333197133788,0.999788463115692
72,12,-0.005501635994342691,1.001511607848776,-0.8318809244372627,0.999800980091095
73,12,-0.007126552754086362,1.0017313038863302,-0.8323100221020887,0.999809503555298
74,12,-0.007496396745213419,1.0019500110509405,-0.8344571139397943,0.999820113182068
75,12,-0.007063994809380285,1.002033055310235,-0.8384712750240431,0.9998290538787842
76,12,-0.006536964880910758,1.0018929064354356,-0.8424902294365356,0.9998360276222228
77,12,-0.006321817724609417,1.0018158038189369,-0.8457223476037965,0.999841034412384
78,12,-0.006481581224643515,1.001895531292191,-0.8481038772012031,0.999847412109375
79,12,-0.007227579234390789,1.001893125293245,-0.8496414360874158,0.9998533725738524
80,12,-0.00808258343974529,1.0018893457001272,-0.8502316582712008,0.999858558177948
81,12,-0.008772736592521667,1.0019281278975574,-0.8506968459633699,0.9998626112937928
82,12,-0.009157054762715557,1.0019667115925681,-0.850974506598642,0.9998657703399658
83,12,-0.009446740644252214,1.001976684776742,-0.8512189602646202,0.9998683333396912
0,13,-0.6119632926583123,0.52336670713954,0.7843009123173217,0.1585815846920013
1,13,-0.6107147372073463,0.5224762019919148,0.7891511871749329,0.1606833636760711
2,13,-0.6095006039891037,0.520787828444709,0.7894874304168946,0.1663023233413696
3,13,-0.607413783591645,0.5175962496007556,0.7903902485653791,0.1671644151210785
4,13,-0.6063207502977571,0.5138757212650715,0.7922322233330589,0.1696180552244186
5,13,-0.6064066281204463,0.5098402210206121,0.796914500178065,0.1747953742742538
6,13,-0.6070747329668231,0.5056023147090499,0.8006849623879775,0.1786047965288162
7,13,-0.6079174716066896,0.5018184539584436,0.8096530044317596,0.1802325248718261
8,13,-0.6074998576341495,0.4979844997609398,0.8215639238780807,0.1802878677845001
9,13,-0.6043750429424871,0.49324417664328574,0.8334759561873074,0.1810259968042373
10,13,-0.5973630986311471,0.4868215659390903,0.8462158517485001,0.1798874735832214
11,13,-0.5860030479181891,0.47797379995408396,0.8606678079453817,0.1802636384963989
12,13,-0.5690191920245355,0.46680387571519677,0.877113246995879,0.1776454299688339
13,13,-0.5463557849915295,0.4543477597346522,0.8964154282159462,0.1738454401493072
14,13,-0.5182514710829264,0.44219778102974966,0.9192558888495167,0.1693949550390243
15,13,-0.4852230909871971,0.43170143542816186,0.9410180204065537,0.1638620048761367
16,13,-0.4465401313966898,0.42453918179010575,0.9585495483991429,0.1575316786766052
17,13,-0.4036283332475426,0.42151402710021557,0.9724675292460964,0.1511931270360946
18,13,-0.3560883080785942,0.42248475234337207,0.9809397361796272,0.1441874504089355
19,13,-0.3029203409235769,0.4272857285374954,0.9836991078763194,0.1374419182538986
20,13,-0.24315361884752998,0.43586464117334156,0.9839960343334159,0.1303922533988952
21,13,-0.17842129308145926,0.44802704926004033,0.9810903646029084,0.1245589479804039
22,13,-0.11072288922946252,0.46293756980424394,0.97382592608972,0.116227202117443
23,13,-0.04221232768747395,0.4800890241213741,0.9629483009064655,0.1086599826812744
24,13,0.023558162390494443,0.4983833313491271,0.9481946401835171,0.1008704453706741
25,13,0.08298956758763842,0.5161085630445967,0.9310370809303986,0.0943436846137046
26,13,0.13558310112044897,0.5307339506913518,0.9169501946823772,0.0880793705582618
27,13,0.18448213488811305,0.5412471145410555,0.9076148419455512,0.0825840085744857
28,13,0.2285773310213513,0.5462691041888761,0.9077321241347706,0.0786721855401992
29,13,0.2678398019788589,0.5452872353684662,0.9182735766236642,0.0768749117851257
30,13,0.30433763851869766,0.5393251835289699,0.9375094130271027,0.0757130682468414
31,13,0.3370213003274489,0.5302723825940244,0.9628747599416076,0.075360968708992
32,13,0.36275528760138637,0.5200446475691153,0.9930887509678122,0.0749681964516639
33,13,0.3830336184393218,0.5108338781013082,1.0217536840793497,0.0764988511800766
34,13,0.399808426905106,0.5039256627717306,1.047665654668592,0.0783233940601348
35,13,0.41231427803774795,0.4998684392541306,1.0689744973045214,0.0801896378397941
36,13,0.4217817960637409,0.49876269196840983,1.0849348152729974,0.0811924785375595
37,13,0.4295773467356234,0.4996372935244203,1.0947156913729739,0.0813092067837715
38,13,0.4357581101280573,0.5014192546264958,1.1002158999922425,0.081405408680439
39,13,0.4400565137178264,0.5036103719936589,1.1020077070549381,0.08173768222332
40,13,0.44328979413564573,0.5055865386698296,1.1023909822806128,0.0814869552850723
41,13,0.44589100438322554,0.5070218960012365,1.101836150927978,0.0815199315547943
42,13,0.4480797637556485,0.5081496039270734,1.1010455730445705,0.0813276320695877
43,13,0.4500463205867959,0.509248977069031,1.0997667403885343,0.081235185265541
44,13,0.4518642895379342,0.5103495171404202,1.0976030124797203,0.0810104608535766
45,13,0.45344253429810666,0.511484641557559,1.093948016005629,0.0807133018970489
46,13,0.45466005796750997,0.512649951045742,1.0885232390685302,0.0806106477975845
47,13,0.45514285387269277,0.5132139624715971,1.081735506890751,0.0809211730957031
48,13,0.4535886292026765,0.5127745601401337,1.0738516518503587,0.0812811702489852
49,13,0.4474363693933497,0.5115331479646466,1.0655129328471167,0.0815575048327446
50,13,0.43358993778604377,0.5093380109705532,1.061235925641308,0.0804603770375251
51,13,0.4079429743804758,0.5056387681402855,1.0631618641523704,0.0797857865691185
52,13,0.36812829501102484,0.5014865330959619,1.0723047333073887,0.0786706134676933
53,13,0.3127512322723148,0.4968978625424517,1.0895441479080985,0.0780651569366455
54,13,0.24684484265976522,0.49171033161560046,1.1145110788566814,0.0789818838238716
55,13,0.17396615888883105,0.48596008769583204,1.1385336022857815,0.0783456787467002
56,13,0.10005871051775557,0.48058859195700104,1.1557066362827613,0.0765846595168113
57,13,0.028312357924036136,0.4748095531418456,1.1613718372430941,0.0775630548596382
58,13,-0.03689045385887811,0.4702866168916443,1.15508730751502,0.0770953968167305
59,13,-0.09948422408812956,0.46655271937682397,1.137095066578027,0.0810897499322891
60,13,-0.15921720347356322,0.4640019067209435,1.1094516183380125,0.0869075134396553
61,13,-0.2186947132463833,0.4621902656200424,1.0772010628031368,0.0950322151184082
62,13,-0.27855987284673184,0.4620772296112106,1.0442615325987026,0.0995493233203888
63,13,-0.3390217698388553,0.46189221364173283,1.0113680682676018,0.1079319790005683
64,13,-0.39826539090043733,0.4629430737605208,0.9781363924886325,0.1191506683826446
65,13,-0.4551312811974718,0.4648668179576566,0.9490961882864338,0.1307393610477447
66,13,-0.5059145306017766,0.46759800859846834,0.9250189709606529,0.1384919434785843
67,13,-0.5478616413365006,0.4695868748828106,0.9118706056165717,0.1425886452198028
68,13,-0.5807151057709625,0.4710926227658538,0.9087585731507385,0.148534893989563
69,13,-0.6032496408643204,0.4707925641175207,0.9160987085624386,0.1553940325975418
70,13,-0.6167369314766132,0.46906344551355694,0.9320154823838195,0.1599287241697311
71,13,-0.6236784064089788,0.4663652009503901,0.9541436267370372,0.1663264632225036
72,13,-0.6259135363179704,0.4639032213741352,0.9721293387863457,0.1735011935234069
73,13,-0.6257060978964005,0.4617591663498124,0.9861815259303756,0.1762227416038513
74,13,-0.624808683514395,0.46037415862035236,0.9964056006389959,0.1783294975757599
75,13,-0.6238060086029534,0.45953407576887545,1.001402018744534,0.1820244491100311
76,13,-0.6230348001926389,0.45890926498486806,1.001888092864971,0.1846929490566253
77,13,-0.6231422174270618,0.4581779827192792,1.001632424678661,0.186492770910263
78,13,-0.6235131779484439,0.4574698344251436,1.0002619980951009,0.1896440684795379
79,13,-0.6238937823786415,0.45689860661230164,0.9971059572008641,0.1923896223306656
80,13,-0.6241808056618174,0.4565088305971282,0.993646589709169,0.194776713848114
81,13,-0.624410644373616,0.4563323043008869,0.989322641144504,0.1972740888595581
82,13,-0.6245217836934411,0.4562385153477567,0.9869471428518851,0.1994026154279709
83,13,-0.6245905979459215,0.4562388493165675,0.984336462531072,0.2013999074697494
0,14,-0.7364001567393172,0.47120604289681284,-1.0648746202660135,0.9771639704704284
1,14,-0.7322116366721786,0.472268773767651,-1.0605976299634041,0.9775003790855408
2,14,-0.7287805600263884,0.4720876966959334,-1.0562607488728486,0.9782507419586182
3,14,-0.7228025809621791,0.47154448021300477,-1.0489014355082547,0.978516161441803
4,14,-0.7192070876322176,0.46990475689830885,-1.041613639462777,0.97898530960083
5,14,-0.7175772950184414,0.46779529772119693,-1.034699761188448,0.9798552989959716
6,14,-0.718378778357666,0.46438074785295075,-1.0307793586671365,0.9804783463478088
7,14,-0.7198509794938628,0.4612200967196943,-1.02923684753732,0.9806747436523438
8,14,-0.7203869177579464,0.45786629204168106,-1.0294544210104648,0.9808902740478516
9,14,-0.7180758032634259,0.4538612640376134,-1.0306015026119293,0.9812160730361938
10,14,-0.7116098171158359,0.4484739284619598,-1.0323227338407843,0.9812867045402528
11,14,-0.7003089891355627,0.44152087066152534,-1.032870197172615,0.9816113710403442
12,14,-0.6833686239179856,0.43307315644861716,-1.0314782155565216,0.9814632534980774
13,14,-0.6599677778667747,0.424286243174851,-1.0279285426092248,0.9813303351402284
14,14,-0.6299793243878643,0.4160416591696651,-1.0212319657885436,0.9814786314964294
15,14,-0.5934240004377586,0.40936985732233494,-1.0115733710160855,0.981739342212677
16,14,-0.5505350995145657,0.40434065357425275,-1.000317210178054,0.9819676280021667
17,14,-0.5030813693643402,0.4016610029749157,-0.9889255364442219,0.9825276732444764
18,14,-0.4525314172375151,0.40100260604486915,-0.9808271163937106,0.9825714826583862
19,14,-0.39924294982403197,0.402945919357525,-0.9802148770226615,0.9827776551246644
20,14,-0.3446650137153792,0.4073756598994982,-0.9862956728198448,0.9827970266342164
21,14,-0.2891222401194224,0.4149740770467461,-0.9972058816158575,0.9828499555587769
22,14,-0.23246239240732205,0.42452821527350854,-1.0113340310739907,0.981801450252533
23,14,-0.17480918334594372,0.4357033604284292,-1.0232454779386415,0.9810980558395386
24,14,-0.11754337746582674,0.44673458383288567,-1.0294984925120887,0.9793909192085266
25,14,-0.059919394165711515,0.4575225941208362,-1.0321662966675198,0.9777464270591736
26,14,-0.0027761534945136947,0.4674564353406572,-1.0323734856519131,0.9757322669029236
27,14,0.054882166420263,0.47674873826739966,-1.0302053812528773,0.973407745361328
28,14,0.11125526780637604,0.484488892113167,-1.027987730924566,0.9722407460212708
29,14,0.1640420232920327,0.49152189299759125,-1.024250782314462,0.9715861678123474
30,14,0.21144653384693282,0.4969848146352579,-1.0165423663070678,0.9703059792518616
31,14,0.2521775565439428,0.5007300126805597,-1.0069299432243393,0.968952178955078
32,14,0.2834724324811898,0.5035671252747993,-0.997388053433168,0.967853307723999
33,14,0.3064405292507534,0.5067795958870509,-0.987702020166304,0.9668689966201782
34,14,0.32417889088397517,0.5099984027057045,-0.9814423003726255,0.9663452506065368
35,14,0.33718716587790143,0.5138395458066107,-0.9800391634717217,0.9664700031280518
36,14,0.34668888171277584,0.5185631978271471,-0.9817491155105031,0.9663031101226808
37,14,0.35419724207245584,0.5232853871908978,-0.9849448312161584,0.9660409092903136
38,14,0.36012468492936944,0.5272656554538331,-0.9897724621765182,0.9655175805091858
39,14,0.364049950960359,0.5305978561873379,-0.995060827119708,0.964716136455536
40,14,0.3668185299906055,0.5331501733806041,-1.0006173197051662,0.964187741279602
41,14,0.36890315867996504,0.5348028306427234,-1.0060385800012435,0.963820457458496
42,14,0.37067273154950403,0.5359071927397165,-1.0117605865712167,0.963239312171936
43,14,0.3722936766931706,0.5367524040010749,-1.0177897040229058,0.962537407875061
44,14,0.3739218031241143,0.537443660362672,-1.0235221938111994,0.9619880318641664
45,14,0.37557681028353535,0.5380341642885731,-1.027390522028812,0.961706280708313
46,14,0.3772000092424995,0.5384766984425792,-1.02948342402325,0.9614830017089844
47,14,0.3782540898812925,0.5382587861810811,-1.0295805059718939,0.9613455533981324
48,14,0.37721569871393756,0.5370482635613357,-1.0278928424606728,0.961382269859314
49,14,0.3712372530270301,0.5344605728605222,-1.0242387669149209,0.961533784866333
50,14,0.35626159417949765,0.530505913689192,-1.0261479513572127,0.9622749090194702
51,14,0.32815299369871653,0.5247907907005456,-1.0319984901447368,0.9635830521583556
52,14,0.2850540919751511,0.5174520575681695,-1.0383424691342702,0.963865041732788
53,14,0.22719789835476356,0.508528982893148,-1.0446752749137416,0.965209424495697
54,14,0.15972968288613387,0.4989846748488892,-1.051820725080417,0.9673667550086976
55,14,0.08830463091694217,0.48873690967478856,-1.0472888188698817,0.9691559076309204
56,14,0.01825234001068925,0.47862133782780925,-1.0341825087912535,0.9708532094955444
57,14,-0.04840491492612044,0.46931209108859573,-1.0176314353667746,0.9728797674179076
58,14,-0.11082668075676605,0.4615088492411334,-0.996506941813036,0.9746514558792114
59,14,-0.1728431734048646,0.45443375049514045,-0.9704389949951976,0.976363480091095
60,14,-0.23667003158678063,0.4482947568768781,-0.9465546251700003,0.9780789017677308
61,14,-0.3037945624376429,0.4430016667443487,-0.924038057974894,0.979454517364502
62,14,-0.37340899880993705,0.43933227135243175,-0.9048965431785719,0.9806875586509703
63,14,-0.44205997552865417,0.4374831028461811,-0.8950748388869693,0.9818574786186218
64,14,-0.5071285929375071,0.4383346158514029,-0.8948280305490085,0.9830286502838136
65,14,-0.5650356347125856,0.44172032540772144,-0.9037164174048529,0.9839176535606384
66,14,-0.6123050290088848,0.44715769713165987,-0.9206455912450473,0.9843156933784484
67,14,-0.6471409303645382,0.4528713885041256,-0.9408909506722903,0.9844892024993896
68,14,-0.6714753565750956,0.45802805672244257,-0.9574271099304633,0.9848288297653198
69,14,-0.6856591347954286,0.46145484889987626,-0.9699503405085268,0.9853094816207886
70,14,-0.6924856825210982,0.4632832327232138,-0.9780541357382914,0.9857738018035888
71,14,-0.6947796928631031,0.4640577928573668,-0.9838334896085623,0.986566722393036
72,14,-0.6937432724128842,0.4647015971274662,-0.9880795131872422,0.9873502850532532
73,14,-0.6910041376740284,0.4653084251898563,-0.99305980806792,0.9877726435661316
74,14,-0.6873673953279865,0.46649917510897615,-0.9988851386508287,0.9881131052970886
75,14,-0.6831751946568565,0.46819593948339133,-1.0055954322919174,0.9885660409927368
76,14,-0.6791119588864682,0.4699575645232062,-1.0103544877308068,0.9889304041862488
77,14,-0.6765950650880136,0.4714073632722096,-1.0134677455100451,0.989161729812622
78,14,-0.6752188818209117,0.47261974434888965,-1.0154020434247986,0.9894973039627076
79,14,-0.6750163094185336,0.47344935742880007,-1.0160385170682473,0.9898073077201844
80,14,-0.67557611582675,0.4739286359322075,-1.0154289960408325,0.9900736808776855
81,14,-0.6766083997878434,0.47414348081109103,-1.0149310629537869,0.9902989864349364
82,14,-0.6772636507791133,0.47422088374966,-1.01473199185664,0.9904581308364868
83,14,-0.6778823995964145,0.47424358535810596,-1.014488301751677,0.9905672669410706
0,15,-1.2864863370107682,0.1433946846426377,0.5370829468473087,0.2112829685211181
1,15,-1.2870195353329772,0.14082944082347085,0.5393340150123784,0.2109062522649765
2,15,-1.2860573780124607,0.1377556766619584,0.5403246578675636,0.2154803574085235
3,15,-1.2840970132358445,0.13224887455190756,0.542074871143684,0.2132289856672287
4,15,-1.282334592126502,0.12643695596165214,0.5445790532330264,0.2144154459238052
5,15,-1.2818986807787165,0.1203860181542776,0.5486771862883204,0.2174728512763977
6,15,-1.281012397811504,0.11487652987282138,0.5527905199587758,0.2200014889240265
7,15,-1.2813567519431102,0.11006009819923787,0.5586492761428818,0.2196863740682602
8,15,-1.2816133174991458,0.10551745335507075,0.566213021560332,0.2179578989744186
9,15,-1.2799338041571289,0.1010566538825823,0.5744631409581927,0.2174800485372543
10,15,-1.2748846489492538,0.0961078481681695,0.5842381232640576,0.2149751335382461
11,15,-1.2662935875304984,0.09086416266149348,0.5962966487382698,0.2154902219772339
12,15,-1.2527063957491815,0.08568341959084813,0.6104189337926635,0.2122518122196197
13,15,-1.2329219541257366,0.08086988247857947,0.6258103899092419,0.2088926583528518
14,15,-1.2065522374196689,0.07700053978207956,0.6413737748872382,0.207542210817337
15,15,-1.17272907539493,0.0758274413547406,0.6538047248182265,0.20572429895401
16,15,-1.1287042652473773,0.07816067514099453,0.6599920635141373,0.2031826823949813
17,15,-1.0769397119055681,0.08470389020208377,0.6612506202985707,0.2009901404380798
18,15,-1.0189877829966902,0.09704147764685891,0.6575244984344488,0.1953905969858169
19,15,-0.9547839655296289,0.11628838452844988,0.6503874680858912,0.1906216889619827
20,15,-0.8834891527006519,0.14302203568672223,0.6424105047822685,0.1839552074670791
21,15,-0.8078747067101133,0.1780024340883946,0.6372611684460195,0.1751592755317688
22,15,-0.7268563629231787,0.22082262365217345,0.6334996942572106,0.1642998605966568
23,15,-0.6421653434693657,0.26839451275350823,0.6313032464600321,0.1545371413230896
24,15,-0.5572245174456609,0.3174397390167866,0.6326372243666356,0.1451082378625869
25,15,-0.4793742809651539,0.3633437315859286,0.640703301168639,0.1365101337432861
26,15,-0.41258457724531467,0.4002967553412543,0.6553122813656376,0.1279997825622558
27,15,-0.35937685279792714,0.4258446317241166,0.6809802472407525,0.119628295302391
28,15,-0.3211251165810746,0.4401082892425035,0.7192868230498476,0.1112521290779113
29,15,-0.29780265202143735,0.44343349545536304,0.7653618522651662,0.1034319698810577
30,15,-0.2844385084434581,0.43759660609301887,0.8119265825403632,0.0959161669015884
31,15,-0.2775920954610832,0.4272380838946711,0.85704427112318,0.088997446000576
32,15,-0.2752824488176199,0.414067487077193,0.8932508949861335,0.082650288939476
33,15,-0.2736027240665626,0.3995877425651953,0.9189718659971859,0.0771216601133346
34,15,-0.27009917108486964,0.38593064353023854,0.9359833306940765,0.072058118879795
35,15,-0.265230705723358,0.3750992853172839,0.9465625742143352,0.0675749108195304
36,15,-0.25884105116488443,0.36614938247411705,0.9511270005138727,0.0632741376757621
37,15,-0.25144468679117327,0.35946359556624274,0.9531476047036822,0.0593083538115024
38,15,-0.24474427054682027,0.3548896307544146,0.9529960479881631,0.0557256452739238
39,15,-0.23946656991735588,0.3518698076076963,0.9517200529711449,0.052613541483879
40,15,-0.23536059042474364,0.3493308968929568,0.9514685106206686,0.0496293678879737
41,15,-0.23244159673077966,0.3476669482338869,0.952910184773029,0.0468575842678546
42,15,-0.2303012672978649,0.34677755522321263,0.9561532942349069,0.0442395098507404
43,15,-0.22858651529369065,0.34654655344882446,0.960792480193232,0.0419230721890926
44,15,-0.22713722324912022,0.34669516855096066,0.9656106368528066,0.03988578915596
45,15,-0.22600881028348216,0.347302960837065,0.9692139007229377,0.0380418412387371
46,15,-0.22540471350271316,0.34860071515930924,0.9690592542744509,0.0364769957959651
47,15,-0.22576139231019993,0.3507994244336018,0.9627879861646107,0.0352208577096462
48,15,-0.22749301444420683,0.3541873101155159,0.9499440847244125,0.0340500362217426
49,15,-0.23105327744819118,0.35971137890054206,0.9319529548931331,0.0331755690276622
50,15,-0.23920514062467726,0.3676380981174292,0.9116025535380803,0.0324560739099979
51,15,-0.2555235310906289,0.3776694642567146,0.8935772750776912,0.0325301326811313
52,15,-0.28175288091910006,0.3886060510110584,0.8807519292211292,0.0325905159115791
53,15,-0.3213761292178959,0.3978890950128153,0.8700068562431895,0.0343664698302745
54,15,-0.373747624960436,0.4042351478731742,0.8590899259410992,0.0377731546759605
55,15,-0.43706999900089183,0.40630997251405654,0.8446207772794875,0.0428636968135833
56,15,-0.5070707486475594,0.40084572639662613,0.8220528967451977,0.0482609532773494
57,15,-0.5817197196880698,0.38702721277896585,0.792823382667437,0.057569183409214
58,15,-0.6551040522878844,0.36659361226519915,0.7648687889393375,0.0629649311304092
59,15,-0.7297825555162866,0.33679140135719854,0.7410551076149166,0.0691120773553848
60,15,-0.8031862583046335,0.2958846858807131,0.7214346858574069,0.0760228931903839
61,15,-0.8748610989168372,0.2486496944625245,0.7104992704894302,0.0863643661141395
62,15,-0.944748908171267,0.19948202514808305,0.7029920506700552,0.0915893986821174
63,15,-1.0143144595689324,0.15092667270463983,0.6943065801517536,0.1013806238770484
64,15,-1.0800060625698211,0.10941380531200162,0.682419115657462,0.1108590066432952
65,15,-1.141566209230274,0.08054394125590598,0.6691398756228487,0.1169636994600296
66,15,-1.1971703979604764,0.06326183940281485,0.651957615187486,0.121859885752201
67,15,-1.244513559781906,0.05364260803919176,0.6407539867927915,0.1235783025622367
68,15,-1.2811490497741884,0.04970478110396821,0.6377623803577875,0.1265518516302108
69,15,-1.3063249670851738,0.04746848556056503,0.6436559644372404,0.132458820939064
70,15,-1.3210846441772817,0.04448235560564672,0.6568427192202378,0.1381599903106689
71,15,-1.3281927794095139,0.04064944128436488,0.6772562589151233,0.146252766251564
72,15,-1.328804474527554,0.037761565152032925,0.694721676308464,0.1563799977302551
73,15,-1.326829203939975,0.03567899501621273,0.7073015245870609,0.1621623188257217
74,15,-1.3245349113325873,0.03488853067227669,0.7152350618046768,0.1665667742490768
75,15,-1.322879899217509,0.03495230351645609,0.7190121908721846,0.1730218976736068
76,15,-1.3219782896522063,0.03532107612408174,0.7190040519377465,0.1778549253940582
77,15,-1.3229786228606575,0.035315239475354115,0.7186850522025736,0.1802809685468673
78,15,-1.3249060070739551,0.03490939767337907,0.7182299541388345,0.1840137392282486
79,15,-1.3272549641540914,0.03426893058455073,0.7172567649445363,0.1881083101034164
80,15,-1.329513017546614,0.03355289941440496,0.7161977771359375,0.1919637471437454
81,15,-1.3315051971148015,0.03281347034709483,0.7147457243091901,0.195590391755104
82,15,-1.332581559957294,0.032396059830733064,0.7139530122846423,0.1985521912574768
83,15,-1.3334006155276326,0.03203149266837128,0.7130516191190409,0.2012204974889755
0,16,-1.4981967716954223,0.0354254192010531,-0.9117095318048444,0.977130889892578
1,16,-1.4978174181366053,0.034577186266331064,-0.907879842588252,0.9761075377464294
2,16,-1.4959236753822194,0.033323842062546835,-0.9048508869788423,0.9760729074478148
3,16,-1.4921513516047216,0.031093600758271688,-0.8992426413671154,0.9748214483261108
4,16,-1.4890482478840092,0.02864223186102361,-0.8937741579911634,0.9744275212287904
5,16,-1.4876191660900848,0.026013408124424948,-0.8883087449819694,0.9744545221328736
6,16,-1.4858534328427886,0.02324655874184592,-0.884805834102635,0.9743663668632508
7,16,-1.4854123913011763,0.020601714223590226,-0.8827456941849142,0.9737187027931212
8,16,-1.4848966417694949,0.017689225138613908,-0.8823812545771312,0.9730451703071594
9,16,-1.4821904356444175,0.01473201775954643,-0.883308679323234,0.9726706147193908
10,16,-1.4759452055268603,0.011422491709712114,-0.88617309939818,0.9718398451805116
11,16,-1.4662617268535563,0.008505661250283004,-0.8904681993399872,0.9718770384788512
12,16,-1.45203497940769,0.006562165264804118,-0.8940441597632514,0.9710417985916138
13,16,-1.4327802154324816,0.006179463702127621,-0.8970484572685488,0.9704586267471312
14,16,-1.4083000353079027,0.007452572832539493,-0.8979012205643724,0.9704950451850892
15,16,-1.377372224851403,0.011865475180460135,-0.89543010311661,0.970449924468994
16,16,-1.3379122159324635,0.01939437765305026,-0.8871657782749777,0.9701459407806396
17,16,-1.2922295825134267,0.03139254071596155,-0.8762378544891203,0.9703677892684937
18,16,-1.2402983979166333,0.04915868084827217,-0.8684278978748114,0.969300091266632
19,16,-1.1820501641565566,0.07407765430559207,-0.8702461816951524,0.9685462117195128
20,16,-1.1182104067027578,0.10556553616564764,-0.8759883363728639,0.9673718810081482
21,16,-1.050636213756817,0.14338843674190516,-0.8842157913532255,0.9658219814300536
22,16,-0.9780904362423323,0.18478723046981133,-0.8897852994579761,0.9622246026992798
23,16,-0.9029201139572034,0.22765539351260117,-0.8825690894380518,0.9600106477737428
24,16,-0.8275609062677768,0.2690623666770283,-0.8563747493849123,0.9550803303718568
25,16,-0.7547815787254322,0.30821334885441254,-0.8284056549201381,0.9492232799530028
26,16,-0.6870445794791952,0.3438487409889514,-0.8025476204600881,0.942271649837494
27,16,-0.6255288583402195,0.37662935905414247,-0.781239471108351,0.9348494410514832
28,16,-0.571252370849062,0.40545634434714967,-0.7686304738290334,0.9296087622642516
29,16,-0.525816973007331,0.43052977121337577,-0.7653947260262373,0.9247249364852904
30,16,-0.48898023968938664,0.450511236599333,-0.7561727129292206,0.913597583770752
31,16,-0.4601115493663467,0.4653695225887849,-0.7521773374175073,0.9001632928848267
32,16,-0.44005645505685054,0.4743160464850165,-0.7601524599241636,0.890312671661377
33,16,-0.4266709636056495,0.47846879842742585,-0.7771809591979555,0.8810437917709351
34,16,-0.41687069232912527,0.4788886642522642,-0.8024726342516656,0.8730223178863525
35,16,-0.4103030611286795,0.47725415513156033,-0.8398992229375845,0.8690930008888245
36,16,-0.4060343289198328,0.4743064217452047,-0.8734005860341043,0.8635880947113037
37,16,-0.402813030833709,0.47135025495954136,-0.8932376630945738,0.8572530150413513
38,16,-0.40085210246838815,0.4690488889435181,-0.9037895101845554,0.8493735194206238
39,16,-0.4004192658156386,0.4675592706082701,-0.9084210700138161,0.8409112691879272
40,16,-0.4003312412842501,0.46668699574682143,-0.9085156085344657,0.8338766098022461
41,16,-0.40014997677083086,0.4665846982469194,-0.9092878155314541,0.8280022740364075
42,16,-0.3997786597394398,0.4670023314643149,-0.9140405556088604,0.8217430710792542
43,16,-0.3991530355379532,0.46767867616795245,-0.9209179293263887,0.8162317276000977
44,16,-0.3983900979216851,0.4685429425754844,-0.9275384140074096,0.8122516870498657
45,16,-0.3977077618696033,0.4696745969170807,-0.9301124627656016,0.8090552091598511
46,16,-0.3973570787026503,0.47104877314417565,-0.9282465204184017,0.8066486716270447
47,16,-0.3977677642485155,0.4727184070873401,-0.9239004844983647,0.8048632740974426
48,16,-0.3995676783851511,0.4744554570472883,-0.9176555536440143,0.8034648895263672
49,16,-0.4044402867766747,0.4752203145600354,-0.9056392521570832,0.8018941283226013
50,16,-0.4159869160215415,0.47447519211483885,-0.9124339094178154,0.8042494654655457
51,16,-0.4381543237236876,0.47145746654774223,-0.9362654258978408,0.8118678331375122
52,16,-0.47305712710739733,0.46494469861824755,-0.9579747149864852,0.816693127155304
53,16,-0.5237592220169214,0.45338403800661686,-0.9794729642563684,0.8259339332580566
54,16,-0.5877062283919728,0.4386711838358276,-1.0109819239272504,0.8401479721069336
55,16,-0.6614627071333509,0.4207547809946601,-1.0128958179204963,0.8525272607803345
56,16,-0.7403694393965478,0.3984162319934538,-0.9894389459472691,0.8634824752807617
57,16,-0.8210242858304081,0.3712223357896821,-0.9695881932560217,0.8750191330909729
58,16,-0.8973548201759414,0.3399376706502109,-0.9412732373185744,0.8853375315666199
59,16,-0.972244461691831,0.3004576657756682,-0.9006029403122465,0.8950616717338562
60,16,-1.0442021339417904,0.25031527791476854,-0.86351261872888,0.9038890600204468
61,16,-1.1122037268359073,0.19314027597371228,-0.8284378468347899,0.9110708832740784
62,16,-1.17735340890229,0.1338001096838622,-0.7894976270648159,0.9170086979866028
63,16,-1.2404095889532027,0.07647770219560565,-0.7680280925758505,0.9229256510734558
64,16,-1.2979938268120241,0.028209311308569397,-0.7575911922569899,0.928322970867157
65,16,-1.349568536211459,-0.004499978387368523,-0.7619062663249317,0.9323562383651732
66,16,-1.3943696842348423,-0.02291652815262379,-0.7786850006967609,0.934744358062744
67,16,-1.4304844861635022,-0.03137241138584101,-0.8030665720429842,0.9357319474220276
68,16,-1.4581919480941647,-0.03366523473915175,-0.8209565515391113,0.9373526573181152
69,16,-1.4771416160415527,-0.03455710297796777,-0.8381026189825821,0.9401603937149048
70,16,-1.4883617908518465,-0.037097683352303804,-0.8515686886016116,0.9430983066558838
71,16,-1.4942131398009086,-0.04098884106719406,-0.8651793891020526,0.9469406008720398
72,16,-1.4949148306656173,-0.04455098645525496,-0.8767720291647804,0.9506108164787292
73,16,-1.4923617528199928,-0.04701387936866569,-0.8880217305494587,0.9532192945480348
74,16,-1.4886268278129304,-0.047546704653140225,-0.898023624734264,0.9555420279502868
75,16,-1.4849709900536077,-0.04674392951301075,-0.9079793215422175,0.957966446876526
76,16,-1.4818380374784965,-0.04547436416896265,-0.9134072136621565,0.9599300026893616
77,16,-1.4810781281268575,-0.044480005330751166,-0.9159998588398668,0.9613751173019408
78,16,-1.482206062755467,-0.0440133485852415,-0.9171811057701771,0.9630782604217528
79,16,-1.4847941228039083,-0.04405895039483148,-0.9165619024194334,0.9647135734558104
80,16,-1.487909390234599,-0.044368648107718775,-0.9144054023266939,0.9661802649497986
81,16,-1.4911501610317264,-0.044828103957496104,-0.9129104659024081,0.96746164560318
82,16,-1.4929568122177879,-0.045108194280246386,-0.9122626507286105,0.968531608581543
83,16,-1.4944787955939205,-0.045359292989945815,-0.9116163731258777,0.9694324731826782
0,17,-1.385257719645386,0.17883796475311434,0.5624734630267749,0.2262247651815414
1,17,-1.3836917872046528,0.17566525681442377,0.5642662165806307,0.2236189395189285
2,17,-1.3802223962777749,0.17230784282232453,0.5647883595055664,0.2256640046834945
3,17,-1.3736489855869987,0.16649973711877228,0.5658577927068386,0.2220296710729599
4,17,-1.3670050122057393,0.160881381275297,0.5678027783269827,0.2218147814273834
5,17,-1.3617403938247812,0.15545830312436357,0.5716936508844513,0.2228449881076812
6,17,-1.356619865864544,0.15133007148494007,0.5760695957669106,0.2237764298915863
7,17,-1.353785016015063,0.1480394514541948,0.5824964177211323,0.2222321033477783
8,17,-1.3520988686486823,0.14474422015110872,0.5906835361608066,0.2196779102087021
9,17,-1.3495387902566465,0.14115632593895996,0.5995087982658391,0.2183336168527603
10,17,-1.3445481745143408,0.13678350530779607,0.609361948722208,0.2154071778059005
11,17,-1.3368249782500907,0.13186806995900838,0.6206081269247241,0.2155792266130447
12,17,-1.325159422176302,0.1266647909309105,0.6334925206312555,0.2124282568693161
13,17,-1.3083280208217871,0.1216609406725924,0.6467520016941195,0.2096957713365554
14,17,-1.2861752449278008,0.1173647335520919,0.6594577568397808,0.2095603346824646
15,17,-1.257979128902297,0.11519681708500207,0.6689892084995188,0.2096126079559326
16,17,-1.2217499167815749,0.11558793549861741,0.6719937337611064,0.2095136046409607
17,17,-1.1789124378482099,0.12003534312880068,0.6692594810509577,0.2103740274906158
18,17,-1.129311638680866,0.1305995318349329,0.6618018292694103,0.2073542922735214
19,17,-1.0718580385679943,0.14881314199830137,0.6508531251821404,0.2055296003818512
20,17,-1.004613638332332,0.17568806552750924,0.6385196516904229,0.2017466425895691
21,17,-0.9285996061082866,0.21225391272526295,0.6297903900515325,0.1944373995065689
22,17,-0.8433289843287254,0.2573127115559,0.6228835825163547,0.1852709501981735
23,17,-0.7527343577734064,0.3073564623377928,0.6173118210049016,0.1772042363882064
24,17,-0.6615933555474743,0.35871692353192985,0.6158609334208469,0.1692352592945099
25,17,-0.5784651905655468,0.40656014468584195,0.6226159349417397,0.1617190986871719
26,17,-0.5080177329772884,0.44431760940422327,0.6368869446491112,0.1539838463068008
27,17,-0.4523967075937435,0.4694921056071079,0.664480083092678,0.145829439163208
28,17,-0.41215255271039675,0.4820376534706579,0.7069310635543526,0.1368858814239502
29,17,-0.3866780634023672,0.48209459714918246,0.7582033822851821,0.1279919892549514
30,17,-0.3709379968465173,0.47088080903706225,0.8093069967773596,0.1191990002989769
31,17,-0.3624963542839788,0.4549534664588518,0.8579421955043136,0.1108918711543083
32,17,-0.36005778995574067,0.43689787797738244,0.8956111208245832,0.1032098978757858
33,17,-0.3597269748075664,0.4181995403835946,0.9211006901099298,0.0962805449962616
34,17,-0.3589901476532993,0.4014950305782534,0.936742132174045,0.0899853035807609
35,17,-0.357652868606766,0.3897249724514474,0.9459317078771751,0.0845037698745727
36,17,-0.35460285343185277,0.3807519421206291,0.9491989537768741,0.0792973861098289
37,17,-0.3498903093499077,0.37410198130468275,0.9503368323641581,0.0745320245623588
38,17,-0.34515827597679405,0.37003716018993726,0.9497313647897521,0.0701566413044929
39,17,-0.34103638250040275,0.36771537400210097,0.9486214447790889,0.066380001604557
40,17,-0.33759080226980875,0.365681631029677,0.9490018743133879,0.0627555027604103
41,17,-0.3351023145396905,0.36438541344308534,0.9515344575330383,0.0593671016395092
42,17,-0.33324807688805913,0.3640051286518452,0.9561407346934013,0.0561734437942504
43,17,-0.33174771631784167,0.3642005315365792,0.9621164345886083,0.0533606484532356
44,17,-0.33054397049054957,0.3647422081863972,0.9680287659112559,0.0509110912680625
45,17,-0.3296507006576866,0.3657544830492328,0.9723474355660844,0.0486915707588195
46,17,-0.32928120198551697,0.36832164805449363,0.9719502611016072,0.0468016192317009
47,17,-0.3298309910258487,0.373116905420975,0.9644708641271652,0.0452628545463085
48,17,-0.3314449492662694,0.38061642029777015,0.9496776559543582,0.0438123755156993
49,17,-0.33429105131917625,0.39231103153760455,0.9290970672158958,0.0427243374288082
50,17,-0.3413415961730041,0.4083522092023852,0.90613681270101,0.0420069806277751
51,17,-0.35569760014028884,0.4276116846571817,0.8865585551951487,0.042357362806797
52,17,-0.3792107904409538,0.44803354372407894,0.8726884992317844,0.0427155718207359
53,17,-0.4156599426480544,0.46602203670949216,0.8606697180786183,0.0453960672020912
54,17,-0.465015103360769,0.4796502430530115,0.8478752115267623,0.0502956137061119
55,17,-0.5252757756238461,0.4874751890790985,0.8302828046598701,0.0576872527599334
56,17,-0.5931923191519834,0.48451022169753477,0.8030462880816824,0.0657732263207435
57,17,-0.6665725029515644,0.4696262910817768,0.7694435683439458,0.0785146504640579
58,17,-0.7401717756950774,0.44566519061884835,0.738764157392316,0.0862824767827987
59,17,-0.8165019693270654,0.40925371383417986,0.7142525286713253,0.0936359167098999
60,17,-0.8930620826479032,0.35865260039465224,0.6955961102453263,0.1010730639100074
61,17,-0.9684352132694375,0.30110470949988893,0.6868873275998922,0.1113199815154075
62,17,-1.042961259692778,0.24235037450969976,0.6822333220058183,0.1163071766495704
63,17,-1.117017243720182,0.1849912751890762,0.6763342225027491,0.1249933317303657
64,17,-1.1866304299539578,0.13671261128326703,0.6673517347330014,0.1321170032024383
65,17,-1.2513042469294269,0.10362729325151798,0.6573492492702824,0.135607048869133
66,17,-1.3096594050901997,0.08382484706202808,0.6447142933174843,0.1382375806570053
67,17,-1.358673223010444,0.07291430280080571,0.638436204754999,0.1381754279136657
68,17,-1.395751367256599,0.06889239160452956,0.6402273403789174,0.1389594376087188
69,17,-1.4200544912467845,0.06697574265600874,0.6503445186031717,0.1425464451313018
70,17,-1.432806420747587,0.06441502974186927,0.6678619606486966,0.1462811231613159
71,17,-1.4367510212713615,0.06136891037043744,0.6914058180179726,0.1523144245147705
72,17,-1.4336106940179074,0.059300856698230354,0.7107512819688416,0.1604621410369873
73,17,-1.4280946494889477,0.05759086152415255,0.7246248116714049,0.1649521738290786
74,17,-1.4227947177744027,0.05699783190591433,0.7333929956777914,0.168019637465477
75,17,-1.4186346312887725,0.05703904747565201,0.7370326680833728,0.1732113063335418
76,17,-1.4157282074205668,0.05698627139217931,0.7365985173142151,0.1770661771297454
77,17,-1.4150823289224523,0.05633247725632608,0.7361455927545646,0.1785650700330734
78,17,-1.4154450442281443,0.055348568153011604,0.7356900920516545,0.1811746060848236
79,17,-1.4162525466145302,0.054338390152711066,0.734928795682566,0.1842677444219589
80,17,-1.4172315741976778,0.0534175989160318,0.734271572873854,0.1872335523366928
81,17,-1.4181489100120142,0.05271386988914554,0.7333776561439055,0.1899615228176117
82,17,-1.4186474998086545,0.0523635053050066,0.7328970280210216,0.1921373158693313
83,17,-1.4189937374897952,0.05217614828703752,0.7323107774491607,0.1941056847572326
0,18,-1.6265158705230471,0.05611437048343356,-1.0897427657329617,0.9703917503356934
1,18,-1.625024554994111,0.05479594910023217,-1.084892329850168,0.9686099886894226
2,18,-1.6217366504471624,0.053303923716834414,-1.0813864613019313,0.9680911302566528
3,18,-1.6153482511560224,0.0507634747711722,-1.0746715286582929,0.9661329388618468
4,18,-1.609817762338962,0.048356924619589195,-1.0682566140520475,0.9652887582778932
5,18,-1.6060915598033874,0.046002936179624344,-1.0618401043722543,0.9648230075836182
6,18,-1.6023288031814018,0.04394158130765917,-1.0578488325296243,0.9643163681030272
7,18,-1.600499446638566,0.0420977132452249,-1.0550965165833293,0.9631670117378236
8,18,-1.5990788163969758,0.039917210525619334,-1.0541830304955813,0.9619501233100892
9,18,-1.5956419082021653,0.03762458461884742,-1.054526748951552,0.9611575603485109
10,18,-1.5888786118367186,0.03499163810491733,-1.0569032730655281,0.9598442316055298
11,18,-1.5790889091064269,0.03290318007456526,-1.0605776342718192,0.9597326517105104
12,18,-1.5653840196145494,0.031796685821652945,-1.0630769205984856,0.95863676071167
13,18,-1.5475894719479184,0.03232625847403481,-1.0645523173208766,0.957911491394043
14,18,-1.5254771564142124,0.034478126854459265,-1.062995084775227,0.95795077085495
15,18,-1.4976082677800155,0.03965151957646314,-1.0575713663692519,0.9578951597213744
16,18,-1.4610838444049326,0.047405327444329785,-1.0453610382303204,0.957643985748291
17,18,-1.4175339048832964,0.059553459078598214,-1.0294103603291545,0.957977831363678
18,18,-1.365988416469818,0.07759669784223358,-1.0165602958759778,0.9568056464195251
19,18,-1.3063666611175966,0.10326345421117758,-1.015137018954777,0.9560827016830444
20,18,-1.239721628335339,0.1362856020187349,-1.0168158888530634,0.95487380027771
21,18,-1.1689165128246164,0.17653674843105135,-1.0206325355112305,0.9532383680343628
22,18,-1.0934411990435982,0.22055736362218986,-1.0222266499891366,0.949626088142395
23,18,-1.0165330770312486,0.26598226470017505,-1.009811849075024,0.9475732445716858
24,18,-0.9406546774286275,0.30880311229441926,-0.9756155432640561,0.9425064325332642
25,18,-0.8683318532083767,0.34783295249239454,-0.9404351906780232,0.9359943866729736
26,18,-0.8017291980978936,0.38209785860984574,-0.9082410285838376,0.928598701953888
27,18,-0.7414665255626398,0.4130233471280646,-0.8809701944346637,0.9207821488380432
28,18,-0.6883851203740746,0.43949467782511026,-0.8634946589228131,0.914670467376709
29,18,-0.6442653028715005,0.46296505955383704,-0.8568891188228109,0.9079335331916808
30,18,-0.6088156210662711,0.4812989762484339,-0.844874612280598,0.8940976858139038
31,18,-0.5814276497656399,0.4942820988117183,-0.8404194289184218,0.8765186667442322
32,18,-0.5630809791366123,0.5006116193537744,-0.850890110503407,0.8632010221481323
33,18,-0.551417123302002,0.5010942545778316,-0.8722109980346197,0.8503878116607666
34,18,-0.5432366251665137,0.4965919524779414,-0.9028371416456642,0.8395739197731018
35,18,-0.5381980414455009,0.49039878001533754,-0.9457416422833067,0.8338847756385803
36,18,-0.5350802169630164,0.48351927286401597,-0.9826158036216256,0.8267574310302734
37,18,-0.5326922490174715,0.47750005742128276,-1.002871298532582,0.8187831044197083
38,18,-0.5313573957049462,0.47361298890105746,-1.012366335950701,0.8085128664970398
39,18,-0.5312013998167937,0.4717771240563923,-1.0156294537890793,0.798115074634552
40,18,-0.5310669147032837,0.47103063471133366,-1.0149540511264046,0.7893681526184082
41,18,-0.5307545276376796,0.4713186589709588,-1.0159034711957184,0.7820833921432495
42,18,-0.5301754193254071,0.4723094145480453,-1.021767709957252,0.7745583653450012
43,18,-0.5292715534239353,0.4736001547355248,-1.0301635039800723,0.7681429386138916
44,18,-0.5282637579837001,0.4752701927317558,-1.0380303138555742,0.7635089755058289
45,18,-0.5273646342908407,0.4775625095926447,-1.040421759292095,0.7595743536949158
46,18,-0.5267629332278375,0.4805858985178613,-1.0373891739220857,0.756489098072052
47,18,-0.526755905846432,0.48464765855021763,-1.0319504656290879,0.7539886832237244
48,18,-0.5278172142501959,0.48947468011817313,-1.024693139162278,0.7516953945159912
49,18,-0.5314464112485178,0.4938823934890241,-1.0115833425480485,0.7489959001541138
50,18,-0.5412394739660977,0.4976929569997367,-1.0214356646091314,0.7508636116981506
51,18,-0.5612599721197993,0.5002239950888735,-1.047077144586343,0.7592101693153381
52,18,-0.5941884164494037,0.49981216742186596,-1.070480116172765,0.7651476860046387
53,18,-0.6437041677926887,0.49443026376493826,-1.0957552819496705,0.7760276794433594
54,18,-0.707861280614416,0.4861070634252803,-1.1342602644351898,0.7937703728675842
55,18,-0.7833085488912406,0.47394446944320184,-1.1404471032549337,0.809098482131958
56,18,-0.8651039445762887,0.45587552455292757,-1.128602759206509,0.8226177096366882
57,18,-0.9485058575490253,0.4310211897854492,-1.1216819195633654,0.8372066020965576
58,18,-1.026661747374526,0.4002994953338896,-1.1024518650969353,0.8502757549285889
59,18,-1.101719171429687,0.35902908692057606,-1.0661668085026232,0.8626793622970581
60,18,-1.1721863684401872,0.30435117211976154,-1.0304634761863984,0.8738410472869873
61,18,-1.2370830251424523,0.24049198694159307,-0.9890906773266614,0.8827999234199524
62,18,-1.2991084054936262,0.17369539092806244,-0.9416595982425005,0.8900744318962097
63,18,-1.3593430594654459,0.10876675970463134,-0.914414594560275,0.8973646759986877
64,18,-1.414956180592037,0.05349639336360158,-0.9009188232813953,0.9038734436035156
65,18,-1.46572735114279,0.01575325217607327,-0.9061183341249407,0.9084841012954712
66,18,-1.5112251084523625,-0.005284486169926497,-0.9274075958872426,0.9109841585159302
67,18,-1.548880205674372,-0.014900297473188658,-0.958917493563398,0.9117255806922911
68,18,-1.5790183479775302,-0.017183677393586495,-0.9834102281191852,0.9132840633392334
69,18,-1.6008855647178195,-0.017320136842700628,-1.006336542128595,0.9163807034492492
70,18,-1.6149497755280753,-0.019049958856434054,-1.0238972359010066,0.9198545217514038
71,18,-1.623304395040708,-0.02260720133128888,-1.040505189869004,0.92463880777359
72,18,-1.6259896194265413,-0.026256568190949674,-1.053319520043456,0.9291900396347046
73,18,-1.624771656331351,-0.029262929088757272,-1.0652221730265823,0.9323399066925048
74,18,-1.6219460219918687,-0.030680043098792437,-1.0757088848817937,0.935188889503479
75,18,-1.618942741925198,-0.030999637433685612,-1.0862678207109262,0.9382047057151794
76,18,-1.616268353724361,-0.03088235529760668,-1.091571793489885,0.940603733062744
77,18,-1.6160196972078733,-0.030805156728002346,-1.0938159186060301,0.942294180393219
78,18,-1.6177718451138865,-0.03099489874700153,-1.0945641572093825,0.9443559646606444
79,18,-1.6209703437166492,-0.03135692103072866,-1.0934858260428117,0.946380078792572
80,18,-1.6246677766607434,-0.03170244179319885,-1.0909025772366008,0.9482104778289796
81,18,-1.6284389258194234,-0.03195802141447106,-1.0893810247795006,0.9497947692871094
82,18,-1.6305218284544387,-0.03210142693353671,-1.0887721771992753,0.9511104822158812
83,18,-1.6322210483430009,-0.03216105245216914,-1.0882708630420164,0.9522122144699096
0,19,-1.426077554056076,0.17092807432541748,0.3946446446117184,0.2360659092664718
1,19,-1.42308822345439,0.16858596831865225,0.39701930135494856,0.2327663749456405
2,19,-1.4181123230645045,0.16608401721508045,0.3980438720031489,0.2344606518745422
3,19,-1.4084854991618942,0.1619570580455989,0.4000196755797856,0.2303414642810821
4,19,-1.3995083079878885,0.1577495602953476,0.40276786981697976,0.2297926098108291
5,19,-1.392322928445798,0.1535675641104623,0.40715308459923616,0.2306319624185562
6,19,-1.3857930299091112,0.15040413514607082,0.4116679056691511,0.2313240021467209
7,19,-1.3821573104057208,0.14777040652853637,0.41803976864550974,0.2294384688138961
8,19,-1.3802192211446804,0.14482659532693748,0.42606432954688706,0.2265135645866394
9,19,-1.3773729691442995,0.1415034598564437,0.43479858129824656,0.2248607128858566
10,19,-1.3719952674813138,0.13741035550163855,0.444713481575253,0.2216308265924453
11,19,-1.3640024908173516,0.1329910522504354,0.4562109230791842,0.2216700911521911
12,19,-1.3520696335896705,0.12852840357896692,0.46930715307623067,0.2182464450597763
13,19,-1.3350856093504135,0.12474520178010914,0.4827782099994211,0.2152289152145385
14,19,-1.3127765922808186,0.12227730126918708,0.4953084764236199,0.2149909138679504
15,19,-1.2841781881798044,0.12234377171475272,0.5043823634382725,0.2149907946586609
16,19,-1.2471458392240287,0.1250663084434886,0.5072426109425116,0.2149101644754409
17,19,-1.2031569621503535,0.13195433008945773,0.5049373703890876,0.2159457951784134
18,19,-1.1520480751537854,0.14465046948294685,0.49833831234993964,0.2130136638879776
19,19,-1.0929161666631693,0.1643869719714862,0.4889541560488803,0.2110593616962433
20,19,-1.0243573014938776,0.19257864258986418,0.4793871513240533,0.2070414125919342
21,19,-0.9475576824532521,0.22968061212925345,0.4736501653759658,0.1993462294340133
22,19,-0.8618889091807158,0.2744963547043585,0.47037030104154265,0.1898105442523956
23,19,-0.771498989618997,0.3237717727392516,0.4690007585054259,0.1813672035932541
24,19,-0.6813858293067929,0.37409727289830874,0.4726626694932293,0.1730626225471496
25,19,-0.5999855997863615,0.4199706804651857,0.48415973234990217,0.1651907116174698
26,19,-0.5316230812830456,0.4564407190436084,0.50311603863784,0.1572053581476211
27,19,-0.4791108792311379,0.48137130292447694,0.5346240151872186,0.148798793554306
28,19,-0.4423693803031382,0.49495011369397923,0.5799393035822694,0.1395530998706817
29,19,-0.4201048784889176,0.4967747513259913,0.6322711301773694,0.1303503960371017
30,19,-0.40731408941663955,0.4890554774468706,0.683279804281462,0.1212837398052215
31,19,-0.4016536460822249,0.4766650421275034,0.73026554458029,0.1127606257796287
32,19,-0.4011006926354619,0.46137092210519076,0.7646307839855804,0.1049059629440307
33,19,-0.40211362245606785,0.44429288138723494,0.7859872465176324,0.0978186428546905
34,19,-0.40275153186113766,0.42870529663648904,0.7975083227895781,0.091402918100357
35,19,-0.4025236780694888,0.41675262181543743,0.8029544617641584,0.0858016312122345
36,19,-0.40036751622825656,0.4071960002789144,0.8034885940152348,0.0804761946201324
37,19,-0.396481991207881,0.400212231151159,0.8034122309994889,0.075622871518135
38,19,-0.39241957707880687,0.39591756274170287,0.8026337017221585,0.0711667761206626
39,19,-0.38859219967057934,0.393490514091944,0.8017584217480627,0.0673063993453979
40,19,-0.38519817740790196,0.3915084232420253,0.8023739627116641,0.0636057257652282
41,19,-0.38258286591624885,0.3903372634560338,0.8049605397136356,0.0601398795843124
42,19,-0.38053808556727126,0.3901371643448376,0.8092666001385738,0.0568776875734329
43,19,-0.3788778103866036,0.3910122997256059,0.8146352884211673,0.0540064200758934
44,19,-0.3775985786839514,0.3926499707733213,0.8200816199121924,0.0515023805201053
45,19,-0.3767345882075803,0.39537845335097976,0.8243006568774411,0.0492333769798278
46,19,-0.37643661371539244,0.3996962028167522,0.8241380462203498,0.047295942902565
47,19,-0.37697531813201357,0.4058222200663854,0.8168436745317548,0.0457106083631515
48,19,-0.3782643103430592,0.41405359009017734,0.8022778775186277,0.044212631881237
49,19,-0.3823002393977636,0.42440948432445713,0.7816978070834617,0.0430937558412551
50,19,-0.39062153880569905,0.4372575715856115,0.7565567272961038,0.0423680730164051
51,19,-0.4059375584936598,0.4526425655957535,0.7327315529474616,0.0427054800093174
52,19,-0.4297975029860955,0.46893472514888523,0.7140208208748786,0.0430742315948009
53,19,-0.4662562594602918,0.48232221879095505,0.6960993377330571,0.0458334684371948
54,19,-0.511595910304673,0.493305596402724,0.6765535830429854,0.0508254282176494
55,19,-0.5664323846179494,0.4996465708409098,0.6548125930460131,0.0584461130201816
56,19,-0.6285015514333414,0.49570815195254997,0.6256748110429637,0.0668172463774681
57,19,-0.696471666274114,0.4804267943291607,0.5909468799818751,0.0799551382660865
58,19,-0.7650085899689134,0.45690676441627565,0.5608511463127575,0.0877594873309135
59,19,-0.8387361691757043,0.42070121598479027,0.5382009655109418,0.0953419134020805
60,19,-0.91432466370661,0.3707002371427235,0.5212789978057759,0.1032177954912185
61,19,-0.9894201577772913,0.3136981964081155,0.5144970836606306,0.1141275689005851
62,19,-1.0638770516964233,0.25459408514399895,0.5121537658653075,0.1195497065782547
63,19,-1.1385854166382319,0.19546093825892513,0.5080558621359434,0.129010796546936
64,19,-1.2090834632567762,0.144024582187576,0.5006654764657222,0.1366239488124847
65,19,-1.2742473335879574,0.10665934995034954,0.49180194906662117,0.1405660659074783
66,19,-1.3333046111132247,0.08218288723749378,0.47989210565669743,0.1433996260166168
67,19,-1.3833071654639366,0.06720078430471707,0.4734809983672651,0.1434013992547989
68,19,-1.4207594511618749,0.060523947758167364,0.47474787870094215,0.1440697610378265
69,19,-1.4450192177978856,0.05746433022763701,0.4839075225965031,0.1478133499622345
70,19,-1.4577762918661323,0.0547785273446458,0.5000746144726269,0.1513856202363968
71,19,-1.461609076164914,0.05223210069113728,0.5216914572682673,0.1572637110948562
72,19,-1.4581263784938527,0.05097339591203126,0.5396899762053066,0.1654680371284485
73,19,-1.4525136379923371,0.05002052853079988,0.5526345581789014,0.1698801666498184
74,19,-1.447443391731626,0.049993670676294975,0.5608424006732594,0.1728252172470092
75,19,-1.4436505969055782,0.05058562325566971,0.5643115317608874,0.1780433058738708
76,19,-1.4411597668907534,0.051187901165395934,0.564155645822132,0.1819135546684265
77,19,-1.4410104695374684,0.051258475811369185,0.5638131181556275,0.1833660006523132
78,19,-1.4418681868200136,0.05102518295145706,0.5633413571753915,0.1859640926122665
79,19,-1.4430796958537804,0.05073822326615361,0.5625040746603748,0.1890224516391754
80,19,-1.44432630265863,0.05045005054788047,0.561707851010478,0.1919547766447067
81,19,-1.445400925077503,0.050233799772185915,0.5606344477320496,0.194660872220993
82,19,-1.4459808146581123,0.050120124763752785,0.5600644799999103,0.1967802345752716
83,19,-1.446348363139883,0.05009514929775718,0.5594142579054838,0.1986780911684036
0,20,-1.607507881076842,0.09415667976213098,-0.9667193454014577,0.9641613960266112
1,20,-1.6059249331516225,0.0926345866954331,-0.9617878777937796,0.961773157119751
2,20,-1.6024426894638641,0.0908479890393292,-0.9588491675810851,0.9610287547111512
3,20,-1.5956410416297069,0.08783917722842338,-0.9528393167494258,0.9585660696029664
4,20,-1.5896380221668795,0.08488283782634534,-0.9466233896325973,0.9575127959251404
5,20,-1.585429586370537,0.08201234148216721,-0.9397721346824215,0.956924319267273
6,20,-1.581183222479766,0.07966275553837934,-0.9350313329473396,0.956254243850708
7,20,-1.5789746806931533,0.07780761285828126,-0.9303204730115692,0.9547514915466307
8,20,-1.5773047335212174,0.07582536347799619,-0.9271948253720284,0.9531499743461608
9,20,-1.5737070548932661,0.07388164994026568,-0.9255841816678035,0.9521008133888244
10,20,-1.5668205512470774,0.07175224750998156,-0.9265203494294152,0.9503910541534424
11,20,-1.5567545804928584,0.07023353672494531,-0.9296099419928291,0.9502329230308532
12,20,-1.5427698543581196,0.06993153934174813,-0.9327932410071453,0.9488332271575928
13,20,-1.5247512157501237,0.07165709868025853,-0.9364269910115098,0.9479035139083862
14,20,-1.5025416783806822,0.07552960541842156,-0.9394962279375964,0.9480168223381042
15,20,-1.4747714012276343,0.08275639819136042,-0.9405222961037432,0.9480767250061036
16,20,-1.4388685092178524,0.09251202638644439,-0.9363539552358201,0.9480159878730774
17,20,-1.3961742589646768,0.10625323963046504,-0.9299495299403396,0.948685884475708
18,20,-1.3455057667876253,0.12531961724329008,-0.9259004741566514,0.9476944804191588
19,20,-1.2864341778455126,0.15120669405989487,-0.9299195731313429,0.9471255540847778
20,20,-1.2198273551342642,0.18382050828255186,-0.9348024479166334,0.9460480213165284
21,20,-1.1482442399468373,0.2239843108515128,-0.939471117139519,0.9444828033447266
22,20,-1.0710244689620803,0.26854736807210616,-0.9389425626932442,0.940640926361084
23,20,-0.9917981945970447,0.31481708829303956,-0.924185785790999,0.9385425448417664
24,20,-0.9135066675325302,0.35905637718325945,-0.8892412468934214,0.9332557916641236
25,20,-0.8389085431925254,0.39992059555837267,-0.8534428590181978,0.9264259338378906
26,20,-0.7705822027798759,0.43562302668448194,-0.8203470033040136,0.918903946876526
27,20,-0.7099817212961235,0.4673450425500961,-0.7917911555816982,0.9109514951705932
28,20,-0.6578204227215123,0.4944574531375482,-0.7714793080768259,0.9047613143920898
29,20,-0.6156971721397924,0.5180770051252881,-0.7599433366612833,0.8975562453269958
30,20,-0.583579281187566,0.535904635081215,-0.7429981074278896,0.882879376411438
31,20,-0.5607400467035231,0.547579544595308,-0.7333553516614499,0.8640320897102356
32,20,-0.5474111516801416,0.5518823316710757,-0.7386761715949064,0.849399209022522
33,20,-0.5409035303066848,0.5495063790070599,-0.7554362061588209,0.8352052569389343
34,20,-0.5378107983028547,0.5416150276789437,-0.782174826838794,0.8234185576438904
35,20,-0.5371013749512636,0.5321506133750007,-0.8199215241652291,0.8169687986373901
36,20,-0.5369887510805517,0.5227168134532386,-0.8522087624235887,0.808840274810791
37,20,-0.5364837017989423,0.5149822827979276,-0.8691894365136743,0.8001054525375366
38,20,-0.5360033496760772,0.5102129348436788,-0.8760138950076094,0.7889862656593323
39,20,-0.5359253134739984,0.5082115424564958,-0.8777382256872048,0.7779310941696167
40,20,-0.5354404527290325,0.5076138169699179,-0.87742966813074,0.7687163352966309
41,20,-0.5347693619295433,0.5081612245129701,-0.8793756344813197,0.7609038949012756
42,20,-0.5338512092278481,0.5094627394752865,-0.8861865657384487,0.752823531627655
43,20,-0.5327808198741931,0.5111366708163243,-0.8956870159038155,0.7459157705307007
44,20,-0.5316895087018214,0.5132691889448265,-0.9045013553322347,0.7408932447433472
45,20,-0.5307561561208728,0.5161119009535009,-0.9078729807007943,0.7366430759429932
46,20,-0.5300827303757194,0.5197573441764538,-0.9059941508257161,0.7332756519317627
47,20,-0.5298455079322579,0.5244918180736107,-0.9021876723765747,0.7305439710617065
48,20,-0.5301905080975068,0.5300060644611546,-0.8971932356454241,0.7279849648475647
49,20,-0.5322771389883312,0.5353759632213398,-0.8876546932460163,0.725108802318573
50,20,-0.5397116694288788,0.5406235908865497,-0.900268588021644,0.7269796133041382
51,20,-0.556475195096342,0.5451417092816329,-0.9274578427440808,0.7357582449913025
52,20,-0.5852730549658196,0.5472630499103796,-0.952980085934404,0.7419865131378174
53,20,-0.6301340741321442,0.5448780650346132,-0.9808505146702459,0.7536440491676331
54,20,-0.6892084664187931,0.5392685924770787,-1.0208613179609562,0.7728691697120667
55,20,-0.7588357784730259,0.5290091882922978,-1.0305242784997852,0.7894139885902405
56,20,-0.834626984412802,0.5114783463670407,-1.0249541524095949,0.8040533065795898
57,20,-0.9127882882417783,0.4856431129822375,-1.0238777197182178,0.8199951648712158
58,20,-0.9868876208504685,0.452601737893632,-1.0094574280447322,0.834296703338623
59,20,-1.0602151221185956,0.4084059839529829,-0.9777734054253646,0.8478754758834839
60,20,-1.132134206359146,0.3506610508084635,-0.9458282615190832,0.8600762486457825
61,20,-1.2010910613545094,0.28426152273859795,-0.9061747366436859,0.8698208928108215
62,20,-1.268319818937933,0.21540532330700066,-0.858743252899998,0.8776295185089111
63,20,-1.3342467543298948,0.14860795817268463,-0.8306989430577195,0.8855742812156677
64,20,-1.3948518140134767,0.09133467694656688,-0.8151738823527129,0.8926580548286438
65,20,-1.4490556515292774,0.05153284145750449,-0.8161736788747962,0.897629976272583
66,20,-1.4965634120799707,0.028265980167020012,-0.8321926867696643,0.9001578092575073
67,20,-1.5352753323898243,0.016747724691954083,-0.8577937933469434,0.9004592299461365
68,20,-1.5655176186804032,0.013165925500274355,-0.8760370728846167,0.9017090797424316
69,20,-1.5868086706442048,0.012525558265650286,-0.8933055649965169,0.9047876000404358
70,20,-1.6000508641279794,0.010705526933437869,-0.9062477290941976,0.9082932472229004
71,20,-1.6073845352168452,0.007329956809046845,-0.9192024555619108,0.9134647250175476
72,20,-1.6090733967608852,0.003824925780501626,-0.9304000668512018,0.9184458255767822
73,20,-1.6071418124554118,0.0008064496454546436,-0.94180975885388,0.9217115044593812
74,20,-1.6038801237448659,-0.0008754860968917127,-0.9524270448136448,0.9246614575386048
75,20,-1.6005771075095403,-0.0014853110747582341,-0.9638008788447104,0.9278854131698608
76,20,-1.5976525878751238,-0.0015680673195370676,-0.9704150057071448,0.9303979873657228
77,20,-1.5969988193155396,-0.0015248333968652789,-0.9736438274770982,0.9320882558822632
78,20,-1.5980474708017443,-0.0015385789232682378,-0.9752510918159152,0.93427312374115
79,20,-1.6002364130308866,-0.0015111089456332984,-0.9745978690265545,0.9364299178123474
80,20,-1.6028275530010148,-0.0013799541905708784,-0.9719354090682184,0.9383797645568848
81,20,-1.6054272818027726,-0.001125867396973395,-0.9697813885783807,0.9400613903999328
82,20,-1.6068583679715043,-0.0009867923227822014,-0.9687888729931668,0.9414328336715698
83,20,-1.6079519805862297,-0.0007888030181817688,-0.9676505561227184,0.9425625801086426
0,21,-1.4054855982394026,0.13386838879342347,0.4549124927964933,0.2419267296791076
1,21,-1.403240445738732,0.1318620102230313,0.4571592996845959,0.2388049364089965
2,21,-1.398991288846522,0.12971189155518975,0.4582700366668452,0.2406095266342163
3,21,-1.3907447299884903,0.12610927818985904,0.46026254353323176,0.236807107925415
4,21,-1.3829425805667004,0.12241376500650483,0.46301147194708836,0.2362698316574096
5,21,-1.3767823230916176,0.11862914952019436,0.46730833266890465,0.2367907017469406
6,21,-1.3709149596336403,0.11556102260470864,0.4716231052127817,0.2372848987579345
7,21,-1.36764271497928,0.11281335589299979,0.4775132284532414,0.2354283481836319
8,21,-1.3657127487498437,0.10975435917029767,0.4849865803971907,0.2324708104133606
9,21,-1.3627108679903555,0.10644916552203328,0.4931789501923758,0.2307480871677398
10,21,-1.3570569756212891,0.1025671809444009,0.5028853069781721,0.2274709045886993
11,21,-1.3486957859465645,0.098610252221629,0.5148786799705346,0.2272891104221344
12,21,-1.336484054208759,0.09507099952386786,0.5289723180744341,0.2237903326749801
13,21,-1.3192084993716247,0.09236690249944986,0.544330167802031,0.2204812616109848
14,21,-1.2965729126569723,0.09092184656120153,0.5597298351354629,0.2195898741483688
15,21,-1.2675485714941188,0.0921938685616721,0.572025423894176,0.2189288139343261
16,21,-1.2298409748135906,0.09648664432933766,0.5782464158398388,0.2182091474533081
17,21,-1.1846653935397735,0.10483998338437117,0.5796477771179464,0.2184683829545974
18,21,-1.1325876370079442,0.11933278842513166,0.5762120191819282,0.2150118499994278
19,21,-1.0727845635742173,0.14144855179928578,0.5694190597439418,0.2125669717788696
20,21,-1.0038663149572,0.1715098837301735,0.561919243373451,0.2082569152116775
21,21,-0.9271975651271219,0.2100210341200465,0.5572227881431482,0.2005238682031631
22,21,-0.8424629241690671,0.2559482833094723,0.5540710804924582,0.1907545626163482
23,21,-0.7525461761757205,0.30571087529390645,0.5526057299696026,0.1820787936449051
24,21,-0.6620309601658909,0.3556143056755402,0.5552316545198208,0.1734177768230438
25,21,-0.5793778753120764,0.4016068798184162,0.5648301007145404,0.1650954633951187
26,21,-0.50929821310484,0.43849786457103435,0.5813153359393356,0.1568154394626617
27,21,-0.4543475321955565,0.46395706356377475,0.6090361121572541,0.1482337713241577
28,21,-0.4156660388780332,0.47840141835450184,0.6492948943305105,0.1389732807874679
29,21,-0.392616402182759,0.4816565464591447,0.6966266227073,0.1298260241746902
30,21,-0.380157887462096,0.4755727151306637,0.7437344665519534,0.1208210065960884
31,21,-0.37515846888938525,0.4647065129880758,0.7884556385259263,0.1123577505350112
32,21,-0.3754551221722503,0.4512481850460901,0.8231694230637554,0.1046004593372345
33,21,-0.3769277430870125,0.43602731963716995,0.8468554608840263,0.09760332852602
34,21,-0.37728744678688675,0.42211969894069395,0.8617332279513427,0.0913341864943504
35,21,-0.3761530671653535,0.4110472385929681,0.8703978696543511,0.0858814567327499
36,21,-0.3729639931645977,0.40199833400464363,0.873489221274229,0.0806997045874595
37,21,-0.368169482959264,0.3950930596196694,0.8747592976393779,0.0759854614734649
38,21,-0.3634132187885398,0.39061500924114256,0.8743433643209851,0.07161695510149
39,21,-0.35919155317308954,0.38782743745051707,0.8730970708342571,0.0678308978676796
40,21,-0.3556925105328671,0.3858847270476882,0.8729716855250977,0.0641981363296508
41,21,-0.3531199771598712,0.38491864771764817,0.8745774176342206,0.0608131699264049
42,21,-0.35118426912221595,0.3847186713854859,0.8778894217732318,0.0576319210231304
43,21,-0.3496655464526342,0.3851208455102286,0.8824985408027068,0.0548358559608459
44,21,-0.34851183325918134,0.38599053804539024,0.8873340593161967,0.0523965992033481
45,21,-0.34770112149101606,0.38755419684269454,0.8910773249510708,0.0501782521605491
46,21,-0.34741844610567474,0.3903891474887435,0.8910973098549881,0.0482725240290164
47,21,-0.3480639481616709,0.3950955949010921,0.8849250910671506,0.0467032305896282
48,21,-0.3496691446534287,0.4020353717024069,0.8721034344418012,0.0452120080590248
49,21,-0.35216295186871205,0.41153259406190373,0.8539457223242719,0.044087741523981
50,21,-0.3583394829654899,0.42323266522929603,0.8325476586516587,0.043348841369152
51,21,-0.37168658093830914,0.4366189421058578,0.8127565832347987,0.0436425134539604
52,21,-0.39372934596100945,0.4498799247174814,0.7977930750732043,0.0439544431865215
53,21,-0.42848015456046695,0.46009247858799657,0.7843333101443148,0.0464754439890384
54,21,-0.476251454147942,0.46627311717410247,0.7701678200993152,0.0513721443712711
55,21,-0.5350577041260657,0.46742070026113514,0.7532288324610374,0.058462269604206
56,21,-0.6009476857761827,0.4596948899389755,0.7288832338867366,0.0662416741251945
57,21,-0.6724454548921658,0.4422541769447186,0.698531213496512,0.0786880329251289
58,21,-0.7439404204710385,0.4173580643772669,0.6705603922177288,0.0861001089215278
59,21,-0.8181352023836986,0.3821262510087088,0.6477111398775482,0.0935904830694198
60,21,-0.8929434894691768,0.3350288293225018,0.6293812972950565,0.1013273298740387
61,21,-0.9670270507864593,0.281176641729618,0.6200407967957091,0.1123085245490074
62,21,-1.0400417744245907,0.2251306176966744,0.6142014277159381,0.1183952838182449
63,21,-1.1129359865194481,0.1690553349568127,0.6068254973293037,0.1280640363693237
64,21,-1.1813661155132285,0.11979766468912775,0.5960528291016562,0.1364733129739761
65,21,-1.2447376874653808,0.08327773778234152,0.583628548874009,0.1414928138256073
66,21,-1.3021563230170023,0.05894560608652984,0.5669584167760238,0.1450996696949005
67,21,-1.3512335281519567,0.04359936367268026,0.5558404079917267,0.1458466202020645
68,21,-1.389162490821263,0.03583010462940045,0.5527770645404776,0.1472330093383789
69,21,-1.415143669431946,0.03145571327672811,0.5583347068795859,0.1512006521224975
70,21,-1.4301798652438067,0.02760881631807855,0.5710366361461654,0.1551158279180526
71,21,-1.436794262318811,0.02387146133102097,0.5910508595039768,0.1610210686922073
72,21,-1.4361481020710656,0.021468192369326233,0.6083546229465082,0.1689628809690475
73,21,-1.4326099363716376,0.019868489981937014,0.6208746950481759,0.1734936237335205
74,21,-1.4287843331495411,0.019562204239722124,0.6288642840025347,0.1764640510082245
75,21,-1.4257067809199393,0.020138925675154313,0.6327957602016093,0.1816459149122238
76,21,-1.4234659518632438,0.021058900237781366,0.6329070905469488,0.1856606304645538
77,21,-1.4232443464482125,0.02168618983611951,0.6326906327280402,0.1872318387031555
78,21,-1.4240018826943401,0.02204357722727377,0.6323535142390824,0.1897864490747451
79,21,-1.425149470719334,0.02230537907989951,0.6315514972253762,0.1927549839019775
80,21,-1.426332919162243,0.02248936728438594,0.630656822871168,0.1955944746732711
81,21,-1.427343132668846,0.022639062825615296,0.629383426601574,0.1981696784496307
82,21,-1.4278905570022078,0.02271127382584702,0.6286857412885285,0.2001847177743911
83,21,-1.428221695734228,0.022820498007501976,0.6278792502411266,0.2019991129636764
0,22,-1.566609286809774,0.07445772444467745,-0.8670030695503744,0.9384010434150696
1,22,-1.5648166833061588,0.0732931692098861,-0.8629053347183984,0.9347378015518188
2,22,-1.5611682341679611,0.07180023906590849,-0.8600578042241057,0.9337292909622192
3,22,-1.5540982025224228,0.06926508910277797,-0.8546033030045257,0.9302796721458436
4,22,-1.5477629230343806,0.06663947200472752,-0.8490971949723154,0.9288288950920104
5,22,-1.5431797755776713,0.0639725169466347,-0.8432767716441077,0.9280824065208436
6,22,-1.53864753132819,0.061581473845118154,-0.8394039553877878,0.9271811246871948
7,22,-1.5361908827796975,0.059557459609395534,-0.8363018559760599,0.9249598979949952
8,22,-1.534319663942393,0.057373163752970455,-0.8347156080749573,0.92258483171463
9,22,-1.5306502240857296,0.05524581641074202,-0.8345030172135048,0.9210835695266724
10,22,-1.5238025015710226,0.0529551888191586,-0.8364867163727834,0.918457567691803
11,22,-1.5139117033237341,0.051248711386091175,-0.8402022481956525,0.9180941581726074
12,22,-1.5001981279654413,0.050808570945614286,-0.8436531400937103,0.9158056974411012
13,22,-1.4824866354915136,0.05242656079341507,-0.8470421738511176,0.9141510128974916
14,22,-1.460558696090502,0.05622648249694323,-0.8491122080969162,0.914027452468872
15,22,-1.4330381741431044,0.06348870913028269,-0.8486856040923321,0.9138774275779724
16,22,-1.3973843735462492,0.07370514005646576,-0.8430130387674459,0.9136687517166138
17,22,-1.3548891740542117,0.0880686446319287,-0.8351900114317642,0.914567530155182
18,22,-1.3045961309897187,0.10780955937136025,-0.8303056680535331,0.9130860567092896
19,22,-1.2461322158758679,0.13430138845159428,-0.834057092963244,0.9121222496032716
20,22,-1.180395345167088,0.16736680834065257,-0.8403529960651674,0.9107995629310608
21,22,-1.1097363252936714,0.207424069401514,-0.8481665830100932,0.9087507724761964
22,22,-1.033419102525432,0.25171956926966094,-0.8522242945989074,0.9033606052398682
23,22,-0.954647538962722,0.29770246044861,-0.8432008522391609,0.9008073210716248
24,22,-0.8763270385419828,0.342194688173371,-0.8154056624205641,0.8944409489631653
25,22,-0.8011849677331832,0.38377340406460525,-0.7862459147817801,0.8865483999252319
26,22,-0.7318330667646525,0.4208046663626154,-0.759197202337055,0.8779550194740295
27,22,-0.6699013691745991,0.45416106322713573,-0.7366404847529511,0.8688316941261292
28,22,-0.616375270332469,0.48319699626093315,-0.7223734090065983,0.8618648648262024
29,22,-0.5728429319634534,0.5080912955208534,-0.7169225016240315,0.8538487553596497
30,22,-0.5392333972642482,0.5269918215881566,-0.7055500300216195,0.8383089303970337
31,22,-0.5148957486841803,0.5394893402255795,-0.6996277372463323,0.818443238735199
32,22,-0.5001001230778044,0.544426957306415,-0.7060569068999358,0.8028534054756165
33,22,-0.49214370012692205,0.5425725879687301,-0.7219760537777136,0.7884303331375122
34,22,-0.4875971301449849,0.535611603940122,-0.7464702167779615,0.7765684723854065
35,22,-0.4854682890220351,0.5268962179503711,-0.7824898002244545,0.770009458065033
36,22,-0.4840981159783807,0.5180262584192364,-0.8144528575037018,0.7613887190818787
37,22,-0.4824066270538605,0.5107153059180958,-0.8328108044030254,0.7522344589233398
38,22,-0.4808757397098855,0.5060877596156073,-0.8419122385792986,0.740550696849823
39,22,-0.4800075904410215,0.5039247330968829,-0.8455831225374855,0.729009211063385
40,22,-0.479092097143075,0.503137567638977,-0.8457613684302829,0.7192816734313965
41,22,-0.47823318066268367,0.5035486294641232,-0.8471016667876349,0.7110897898674011
42,22,-0.4773569956386446,0.5047856606919977,-0.8525903997839219,0.7026277780532837
43,22,-0.4764619722022877,0.5065107180130451,-0.8603334715838497,0.6952559351921082
44,22,-0.4756040201033104,0.508769307826933,-0.8676856120305747,0.689717710018158
45,22,-0.47493515152148813,0.5117473297662529,-0.8707065007415082,0.6849871277809143
46,22,-0.47461362920925876,0.5153927504047436,-0.8691511048606857,0.6812329888343811
47,22,-0.47495387335413836,0.5198266115417238,-0.8652225934412773,0.6781928539276123
48,22,-0.4762561725772839,0.5246909016650704,-0.8595693782697413,0.675337016582489
49,22,-0.4798652711790476,0.5289407193225383,-0.848507309760975,0.672480583190918
50,22,-0.4891405230353616,0.5324876884215198,-0.8564639649338114,0.6741584539413452
51,22,-0.5081167073389913,0.5347958945191006,-0.8801378046137696,0.6831416487693787
52,22,-0.5392057221157776,0.5344053820984583,-0.9017636460836289,0.6892460584640503
53,22,-0.5861222739833939,0.5293907687917019,-0.9237064762682181,0.7016669511795044
54,22,-0.6465922591586083,0.5213347587924941,-0.9558830999156129,0.7234107851982117
55,22,-0.7172687120889965,0.5087813422985765,-0.958927487973168,0.7420108318328857
56,22,-0.7934420730611271,0.48930365675129783,-0.9400897128787754,0.7584116458892822
57,22,-0.8715279820158347,0.46206339121627915,-0.9252707990300604,0.7767887115478516
58,22,-0.9453645560518144,0.4282025997028572,-0.9010634497154424,0.7932359576225281
59,22,-1.0184862361656382,0.3837008215689687,-0.8637027691015033,0.8090869188308716
60,22,-1.09008356644101,0.32695982340954055,-0.8291614061709266,0.8232508897781372
61,22,-1.158878420308842,0.26267873039216083,-0.7941264028603013,0.8343979716300964
62,22,-1.2259433708588099,0.19639788345456466,-0.753905490434235,0.8430531620979309
63,22,-1.2915709046556976,0.13221545683888578,-0.7313204888278857,0.8521034717559814
64,22,-1.3517429836756363,0.07736249445097795,-0.7197478225775662,0.8603291511535645
65,22,-1.4054750626643735,0.038840474414972403,-0.7226705780069042,0.8658804297447205
66,22,-1.452403498853655,0.01570203068103777,-0.7381280077047057,0.8681499361991882
67,22,-1.490627301622171,0.0037107853093248317,-0.7616120060592259,0.8671566247940063
68,22,-1.5204947508315398,-0.0006828138855378164,-0.7782595188518241,0.8677257895469666
69,22,-1.5415227384379757,-0.0022800279388374626,-0.7940886058626675,0.8705724477767944
70,22,-1.554533505139649,-0.00478927796289366,-0.8062615238497438,0.874081015586853
71,22,-1.561700434075889,-0.008521555664231193,-0.8186580823314651,0.8800426125526428
72,22,-1.5632330108994947,-0.01216429398485099,-0.8293901174729725,0.8860132694244385
73,22,-1.5611939321264239,-0.015122219584717983,-0.8401699545129363,0.8894440531730652
74,22,-1.557849765518835,-0.016592697020498932,-0.8500119932123422,0.8924240469932556
75,22,-1.554515937637834,-0.016920786849495956,-0.8601881000326866,0.8959606885910034
76,22,-1.5515718255144224,-0.016683660582305426,-0.866081961272221,0.8986135721206665
77,22,-1.5508331431603,-0.01635589728765787,-0.8690422983478083,0.9001042246818542
78,22,-1.5516887895067633,-0.016131240128804708,-0.8705735479686283,0.9024691581726074
79,22,-1.5535888457954483,-0.01593396583979791,-0.8701664648684012,0.9048545360565186
80,22,-1.555849912907694,-0.015701946247648875,-0.8680401864860778,0.9070136547088624
81,22,-1.558094110600829,-0.015416389237485686,-0.8663967538434829,0.9088509678840636
82,22,-1.5593238134068814,-0.015266314026279662,-0.8656584179277985,0.9102786779403688
83,22,-1.5602389492259185,-0.015076107746718978,-0.8648279646325102,0.9114094972610474
0,23,-0.04277115569202234,-0.007423500917759715,0.44698041406035355,0.99159836769104
1,23,-0.038831378205890624,-0.006357747181937732,0.447611326498237,0.991323947906494
2,23,-0.03548848696598442,-0.005530820385233001,0.4472518482245336,0.9909305572509766
3,23,-0.02967151251049031,-0.00407095644966062,0.4466395058906024,0.9904603958129884
4,23,-0.023754722239608506,-0.0026075838247425535,0.44570706409513805,0.9901878833770752
5,23,-0.01780094024401121,-0.0012406318309269733,0.44488662766442494,0.9899981617927552
6,23,-0.013474334287509637,-0.0003587588762885634,0.4441624831027683,0.9897204637527466
7,23,-0.009497425895267695,0.0004588754478883868,0.44471806649431417,0.9894240498542786
8,23,-0.005640131654911697,0.001222596999282724,0.4461308494931589,0.9891254901885986
9,23,-0.002040043830581515,0.001938236380452836,0.4477577160970287,0.98888498544693
10,23,0.0011475457086790406,0.002619231148781283,0.4495162937007807,0.9886406660079956
11,23,0.003998366361199432,0.003212134430941628,0.45098420286911545,0.9883148074150084
12,23,0.006390755344007695,0.0036117938008877796,0.45215764406263015,0.9884036779403688
13,23,0.007661883845477946,0.003638135654143859,0.45323432449119033,0.9881148338317872
14,23,0.0073235553182474196,0.0031295443953919173,0.4546213140595059,0.9877431988716124
15,23,0.006193877460028758,0.002532325244607504,0.4561863501277953,0.9874624013900756
16,23,0.0050889460575425415,0.0022673228988684922,0.4578279553929253,0.987211525440216
17,23,0.004814145945951806,0.0026000119222934865,0.45992409958605995,0.9873225092887878
18,23,0.006959431965627665,0.003985330337472434,0.4631690114480949,0.987467646598816
19,23,0.01275493280780407,0.006611204756408036,0.4681611011675623,0.9874134659767152
20,23,0.02200788762923145,0.010130852737006197,0.4747887908656396,0.9875826835632324
21,23,0.033896566592891544,0.014134618165300322,0.48259493864232805,0.9876180291175842
22,23,0.04739200949735427,0.018473523074174807,0.49098224062280876,0.986846685409546
23,23,0.06061902886921605,0.0224863422136967,0.49849210754521744,0.9867372512817384
24,23,0.07190926679294755,0.025992306765416594,0.5036581038313858,0.9866198301315308
25,23,0.079923003882593,0.028401404310218526,0.5068332410545395,0.9864234924316406
26,23,0.08407976618422747,0.029322764058897565,0.5090512686991592,0.986235737800598
27,23,0.08424512464259408,0.028480021469031537,0.5105845179468894,0.9858654141426086
28,23,0.08115017768751227,0.026265756364866888,0.513100234774394,0.985212504863739
29,23,0.07622497388015363,0.02274061958318483,0.5174052655662431,0.9839742183685304
30,23,0.07077022356389892,0.01856494986351743,0.5232182220693706,0.9834691286087036
31,23,0.06538719208418695,0.01424455538640112,0.5297922958762398,0.9829049110412598
32,23,0.061231460671256246,0.010306493967196014,0.537216207047711,0.981777548789978
33,23,0.058825219418710675,0.006981463831949505,0.5438352981097927,0.9813593029975892
34,23,0.05733848479203028,0.004516327425586243,0.5495588930200117,0.9807748198509216
35,23,0.05650624775245501,0.002963939202596554,0.5542630022632282,0.980067253112793
36,23,0.05656354382086563,0.002346456977906172,0.5581481573361651,0.9794803857803344
37,23,0.056657939511497626,0.002351784257780877,0.5608118242197936,0.9785610437393188
38,23,0.056459107824869556,0.0026327398161130585,0.5629467372470195,0.977809488773346
39,23,0.05629656903115271,0.002963101005752515,0.5643602450521359,0.9771324396133424
40,23,0.05614819927315555,0.003182535970222146,0.5652898170009679,0.9769630432128906
41,23,0.05568615327677735,0.0031837324980009208,0.5658053260543584,0.9767578840255736
42,23,0.055171108642668644,0.0030655126748971627,0.5661180633656008,0.9765028357505798
43,23,0.0545514245762896,0.0029369907903840984,0.566008880139788,0.9760690331459044
44,23,0.05379774229657093,0.0028291074874641454,0.5654383835484478,0.9756932854652404
45,23,0.052951607383021085,0.002742903899582454,0.5642461182274736,0.9753316640853882
46,23,0.052206204106887324,0.002692912099317731,0.5624559965971672,0.9750662446022034
47,23,0.05165940064099108,0.002610984168153003,0.5601901348270437,0.9747475385665894
48,23,0.05166177496428783,0.0024841912510504484,0.5578282045408709,0.9744566679000854
49,23,0.05234597531187759,0.0024694361853671875,0.5555880313594004,0.974433422088623
50,23,0.053785050721951236,0.002618366917901013,0.5537390306915702,0.974213480949402
51,23,0.05615716450115921,0.0029819244782896847,0.552398555374534,0.9744426012039183
52,23,0.058585015749718264,0.003502606197936524,0.5518525121513175,0.9750599265098572
53,23,0.059666586707948145,0.004054217290887025,0.5521196828743149,0.9757242798805236
54,23,0.05902082793172726,0.004331555319795778,0.5534093641790306,0.976852297782898
55,23,0.055961249756501165,0.004093711770651485,0.5553093348286524,0.9777979254722596
56,23,0.04923028328249303,0.003108336427799913,0.5559932378674766,0.978725016117096
57,23,0.03917786111035337,0.0014371429829377036,0.5527865903862271,0.979633629322052
58,23,0.028003921823109307,-0.00036844594243994733,0.5456158314278333,0.9803743362426758
59,23,0.014850418547727512,-0.002527615839507448,0.5333349773090859,0.9813693761825562
60,23,0.0006774613948511574,-0.004736730369709693,0.5151741385566201,0.9823931455612184
61,23,-0.01314560085402693,-0.006846797361166846,0.49357366503801786,0.9833119511604308
62,23,-0.024873937726180233,-0.008345001591142097,0.47333041988512453,0.9840239882469176
63,23,-0.03530159582020554,-0.009833055047175247,0.45460550095730906,0.9849310517311096
64,23,-0.041242600575600565,-0.010316388617213918,0.43947536976191487,0.9857416152954102
65,23,-0.04302271089143528,-0.009880947934621732,0.4302822901035187,0.9864614009857178
66,23,-0.03988582327418814,-0.008138618896289774,0.4268246080149402,0.9868348240852356
67,23,-0.033049482095761605,-0.00580022377749077,0.42656352496604477,0.9871243834495544
68,23,-0.023700499905996653,-0.0029320162656511954,0.42881383329858114,0.987553894519806
69,23,-0.0147453843593589,-0.0003169584949368508,0.43250648132876685,0.98776113986969
70,23,-0.006309779601540194,0.002033766449159824,0.43663912089376905,0.98784339427948
71,23,-2.5513743908398e-06,0.0035874731227454855,0.4407464162010554,0.9882676005363464
72,23,0.0036984835907994604,0.004501045987020014,0.4446454767167082,0.9887657165527344
73,23,0.00566006626373542,0.005099885178070811,0.4490126915829967,0.9888508319854736
74,23,0.006687073952821296,0.00546343671107849,0.4534292341549736,0.988993763923645
75,23,0.006984491154264376,0.005635994149295251,0.4571705193175847,0.9891424775123596
76,23,0.007107642569815706,0.005759579343471605,0.4599289213437615,0.9892756938934326
77,23,0.007346183253893378,0.0058508742325954054,0.4618432283888,0.9893266558647156
78,23,0.007735704418699088,0.005836527422525753,0.4626965628549039,0.9894712567329408
79,23,0.008281360330001191,0.0057762700123139155,0.4628885799898014,0.9895540475845336
80,23,0.008770461995405321,0.005632681793452714,0.4628390136955991,0.9896379113197328
81,23,0.00916557299232829,0.005439954344023876,0.46269547186135507,0.9897066950798036
82,23,0.009417291947068059,0.005345958654677888,0.4626202032229374,0.9897751808166504
83,23,0.009620865793845341,0.005237999934933582,0.4625909737874761,0.9898407459259032
0,24,0.04277115569202245,0.00742350091775966,-0.44698041406035355,0.9951359629631042
1,24,0.038831378205890735,0.006357747181937664,-0.447611326498237,0.9949729442596436
2,24,0.035488486965984535,0.005530820385232931,-0.4472518482245336,0.9947989583015442
3,24,0.02967151251049045,0.004070956449660537,-0.4466395058906024,0.994572937488556
4,24,0.023754722239608665,0.002607583824742466,-0.44570706409513805,0.9944267868995668
5,24,0.017800940244011368,0.0012406318309268693,-0.44488662766442494,0.9943273067474364
6,24,0.013474334287509817,0.0003587588762884678,-0.4441624831027683,0.9942194819450378
7,24,0.009497425895267881,-0.0004588754478884699,-0.44471806649431417,0.9940918684005736
8,24,0.005640131654911871,-0.001222596999282782,-0.4461308494931589,0.9939408898353576
9,24,0.00204004383058168,-0.0019382363804528562,-0.4477577160970287,0.9938564896583556
10,24,-0.0011475457086788758,-0.0026192311487812613,-0.4495162937007807,0.9937356114387512
11,24,-0.003998366361199271,-0.003212134430941577,-0.45098420286911545,0.9936041235923768
12,24,-0.006390755344007543,-0.0036117938008877123,-0.45215764406263015,0.9936461448669434
13,24,-0.0076618838454778045,-0.003638135654143787,-0.45323432449119033,0.993555188179016
14,24,-0.007323555318247299,-0.0031295443953918665,-0.4546213140595059,0.9934270977973938
15,24,-0.006193877460028654,-0.002532325244607483,-0.4561863501277953,0.9932718873023988
16,24,-0.005088946057542459,-0.002267322898868513,-0.4578279553929253,0.993091642856598
17,24,-0.004814145945951736,-0.0026000119222935455,-0.45992409958605995,0.993136465549469
18,24,-0.006959431965627599,-0.003985330337472527,-0.4631690114480949,0.993142068386078
19,24,-0.012754932807804011,-0.006611204756408143,-0.4681611011675623,0.9931573271751404
20,24,-0.0220078876292314,-0.010130852737006299,-0.4747887908656396,0.9932575225830078
21,24,-0.03389656659289151,-0.0141346181653004,-0.48259493864232805,0.9932900667190552
22,24,-0.04739200949735425,-0.01847352307417486,-0.49098224062280876,0.9929093718528748
23,24,-0.06061902886921604,-0.022486342213696726,-0.49849210754521744,0.9927747249603271
24,24,-0.07190926679294754,-0.025992306765416605,-0.5036581038313858,0.992592990398407
25,24,-0.079923003882593,-0.02840140431021853,-0.5068332410545395,0.9924466013908386
26,24,-0.08407976618422747,-0.029322764058897565,-0.5090512686991592,0.9922775626182556
27,24,-0.08424512464259408,-0.028480021469031537,-0.5105845179468894,0.9920296669006348
28,24,-0.08115017768751229,-0.026265756364866895,-0.513100234774394,0.9917706847190856
29,24,-0.07622497388015363,-0.02274061958318483,-0.5174052655662431,0.9913334250450134
30,24,-0.07077022356389892,-0.01856494986351743,-0.5232182220693706,0.991235375404358
31,24,-0.06538719208418695,-0.01424455538640112,-0.5297922958762398,0.9911144375801086
32,24,-0.061231460671256246,-0.010306493967196014,-0.537216207047711,0.990829050540924
33,24,-0.058825219418710675,-0.006981463831949505,-0.5438352981097927,0.990825355052948
34,24,-0.057338484792030284,-0.004516327425586243,-0.5495588930200117,0.9907601475715636
35,24,-0.05650624775245501,-0.002963939202596554,-0.5542630022632282,0.990683615207672
36,24,-0.05656354382086563,-0.002346456977906172,-0.5581481573361651,0.9906280040740968
37,24,-0.056657939511497626,-0.002351784257780877,-0.5608118242197936,0.990416705608368
38,24,-0.056459107824869556,-0.0026327398161130585,-0.5629467372470195,0.990221917629242
39,24,-0.056296569031152724,-0.002963101005752515,-0.5643602450521359,0.9899897575378418
40,24,-0.05614819927315555,-0.003182535970222146,-0.5652898170009679,0.9899040460586548
41,24,-0.05568615327677735,-0.0031837324980009208,-0.5658053260543584,0.9898568391799928
42,24,-0.055171108642668644,-0.0030655126748971627,-0.5661180633656008,0.9897779822349548
43,24,-0.05455142457628961,-0.0029369907903840984,-0.566008880139788,0.9896182417869568
44,24,-0.05379774229657093,-0.0028291074874641454,-0.5654383835484478,0.9894646406173706
45,24,-0.052951607383021085,-0.002742903899582454,-0.5642461182274736,0.9893127679824828
46,24,-0.05220620410688733,-0.002692912099317731,-0.5624559965971672,0.989207088947296
47,24,-0.05165940064099108,-0.002610984168153003,-0.5601901348270437,0.9890780448913574
48,24,-0.05166177496428783,-0.0024841912510504484,-0.5578282045408709,0.9889599084854126
49,24,-0.05234597531187759,-0.0024694361853671875,-0.5555880313594004,0.9889426827430724
50,24,-0.053785050721951236,-0.002618366917901013,-0.5537390306915702,0.9889557361602784
51,24,-0.05615716450115922,-0.0029819244782896847,-0.552398555374534,0.9891485571861268
52,24,-0.05858501574971827,-0.003502606197936524,-0.5518525121513175,0.989438772201538
53,24,-0.05966658670794815,-0.004054217290887025,-0.5521196828743149,0.9897598624229432
54,24,-0.05902082793172727,-0.004331555319795778,-0.5534093641790306,0.990272581577301
55,24,-0.055961249756501165,-0.004093711770651485,-0.5553093348286524,0.9907158017158508
56,24,-0.04923028328249303,-0.003108336427799913,-0.5559932378674766,0.9910879731178284
57,24,-0.039177861110353374,-0.0014371429829377036,-0.5527865903862271,0.9914785027503968
58,24,-0.0280039218231093,0.00036844594243995064,-0.5456158314278333,0.9917906522750854
59,24,-0.014850418547727489,0.002527615839507458,-0.5333349773090859,0.9922399520874025
60,24,-0.0006774613948511164,0.004736730369709703,-0.5151741385566201,0.992709457874298
61,24,0.013145600854026992,0.006846797361166853,-0.49357366503801786,0.9931190609931946
62,24,0.024873937726180323,0.008345001591142095,-0.47333041988512453,0.99343341588974
63,24,0.03530159582020564,0.00983305504717522,-0.45460550095730906,0.9937748908996582
64,24,0.04124260057560067,0.010316388617213863,-0.43947536976191487,0.9940126538276672
65,24,0.04302271089143539,0.009880947934621668,-0.4302822901035187,0.9941564202308656
66,24,0.03988582327418825,0.008138618896289704,-0.4268246080149402,0.9940913319587708
67,24,0.033049482095761716,0.005800223777490711,-0.42656352496604477,0.994065284729004
68,24,0.023700499905996753,0.0029320162656511664,-0.42881383329858114,0.9941242933273317
69,24,0.014745384359358998,0.0003169584949368522,-0.43250648132876685,0.994168221950531
70,24,0.00630977960154028,-0.0020337664491598185,-0.43663912089376905,0.994168758392334
71,24,2.5513743909192504e-06,-0.003587473122745484,-0.4407464162010554,0.9943063855171204
72,24,-0.0036984835907993853,-0.004501045987020025,-0.4446454767167082,0.994492769241333
73,24,-0.005660066263735336,-0.005099885178070839,-0.4490126915829967,0.9944689273834229
74,24,-0.006687073952821207,-0.005463436711078546,-0.4534292341549736,0.994469165802002
75,24,-0.0069844911542642826,-0.005635994149295316,-0.4571705193175847,0.9944586753845216
76,24,-0.007107642569815604,-0.005759579343471666,-0.4599289213437615,0.9944469928741456
77,24,-0.007346183253893262,-0.0058508742325954705,-0.4618432283888,0.9943927526474
78,24,-0.0077357044186989726,-0.005836527422525839,-0.4626965628549039,0.9944309592247008
79,24,-0.008281360330001063,-0.005776270012314005,-0.4628885799898014,0.994446873664856
80,24,-0.008770461995405167,-0.005632681793452822,-0.4628390136955991,0.9944580793380736
81,24,-0.009165572992328124,-0.00543995434402401,-0.46269547186135507,0.994461715221405
82,24,-0.00941729194706789,-0.005345958654678036,-0.4626202032229374,0.9944678544998168
83,24,-0.00962086579384516,-0.005237999934933731,-0.4625909737874761,0.99447762966156
0,25,-0.2680613756688884,-0.7828989018596415,0.5406428069226622,0.4460208117961883
1,25,-0.2606708663383884,-0.7822363790508979,0.5357521263512977,0.4342966675758362
2,25,-0.2542971981300918,-0.7807046176593863,0.5314494755186844,0.4278317391872406
3,25,-0.24291053378707414,-0.7778704886481316,0.5247979115801815,0.4282771348953247
4,25,-0.23194312662581168,-0.7754218412046308,0.5177995281929533,0.4271478056907654
5,25,-0.2215959210933721,-0.774031965918603,0.5103675538116034,0.4233260750770569
6,25,-0.21472481604118823,-0.7729253203380264,0.5076172570833984,0.4185461699962616
7,25,-0.2087416401504118,-0.773237675863282,0.5074051217464366,0.4113363027572632
8,25,-0.20298040370558407,-0.7742562356741797,0.5089280712660189,0.4024574756622314
9,25,-0.1966581261299114,-0.7748117607738002,0.5123782337036776,0.3972024023532867
10,25,-0.1888736501838954,-0.7746556509267986,0.5159279086102351,0.3909304738044739
11,25,-0.17936742295355607,-0.7743299853194827,0.517490697423019,0.3854344189167022
12,25,-0.16797719921773663,-0.773902677235621,0.5169007096027495,0.3807854354381561
13,25,-0.15546057877439123,-0.7739332698584755,0.5139938468598325,0.3787265419960022
14,25,-0.1415911715814831,-0.775380112724935,0.506959278404401,0.3773991465568542
15,25,-0.12559897978331333,-0.7765772728416309,0.5028617196509219,0.3718461692333221
16,25,-0.10699370240216262,-0.775819529104423,0.5036369697391827,0.3683270215988159
17,25,-0.08714886148763971,-0.773092541547865,0.5095204942597776,0.3681187629699707
18,25,-0.06576757071400907,-0.7670056159254828,0.5223095726799853,0.3664259910583496
19,25,-0.04306070874739039,-0.7565125941649891,0.5456112408823965,0.3647527694702148
20,25,-0.018490495885765186,-0.7433555372007817,0.5717026054895984,0.3674870431423187
21,25,0.008569022888170626,-0.729258309253594,0.5976081539784875,0.3665251135826111
22,25,0.03891796431867737,-0.71441299011242,0.623226924127672,0.3630248010158539
23,25,0.07061340175093214,-0.70109853962134,0.6464460850157401,0.3562700748443603
24,25,0.10080050313583733,-0.6906747325568621,0.6638244964424336,0.3510169982910156
25,25,0.1230655400867747,-0.6839718466046987,0.6752109032927748,0.3422064185142517
26,25,0.13359053747343355,-0.6813528915506625,0.680489547140032,0.3372882306575775
27,25,0.13119286715545136,-0.6827655113875274,0.6782930629361478,0.3287583291530609
28,25,0.11825704514716925,-0.6872393244295532,0.6688799634124802,0.3188420832157135
29,25,0.09761040147679163,-0.6942433607713964,0.6515388440473389,0.3067152798175812
30,25,0.0750765447948741,-0.7025089582510896,0.6295833661940955,0.3004710376262665
31,25,0.053603502598951136,-0.7108768094159181,0.6050149093844678,0.2926021516323089
32,25,0.036527784687300516,-0.7191090739719943,0.5807647675658717,0.2818211317062378
33,25,0.024927180553926988,-0.7265936817279984,0.5579949935758199,0.2718279659748077
34,25,0.018904815364878643,-0.7325771823558187,0.5411697379096703,0.2616741359233856
35,25,0.016887664787534624,-0.737048082324091,0.5298858637423474,0.2528764903545379
36,25,0.01925866020237459,-0.7403056452462659,0.5242450819895377,0.2442239373922348
37,25,0.0228730273500238,-0.7421590381356141,0.5224162653211453,0.2378028482198715
38,25,0.025591436263883,-0.7429845698162214,0.5239292768548041,0.2320087850093841
39,25,0.02641635099224754,-0.7433248515293014,0.5262129224208459,0.2269917577505111
40,25,0.026319173641856857,-0.7433617974640224,0.5287774698340506,0.222913846373558
41,25,0.02461771532620604,-0.7432339328612513,0.5307645592966674,0.2192606627941131
42,25,0.022660688091817156,-0.7431864381299375,0.5323345452370909,0.2156473696231842
43,25,0.021066401761723096,-0.743268954216001,0.5331848967077507,0.2128703743219375
44,25,0.020169495383438353,-0.7434805073662365,0.5331255997806745,0.2104800790548324
45,25,0.019374950817694622,-0.7438178643464219,0.5320186894807646,0.2092802971601486
46,25,0.018697993638981635,-0.7442546157528149,0.5301275970713716,0.2084841728210449
47,25,0.017040251918543456,-0.744761156131821,0.5275512700940374,0.2077670842409134
48,25,0.013312527218280409,-0.7451819409562079,0.5247018993884769,0.2072281539440155
49,25,0.007648099550150947,-0.7454258672289266,0.5221089670345813,0.208434984087944
50,25,-0.0009391739861611591,-0.7454964250159689,0.5201190393379502,0.21036396920681
51,25,-0.012214963732729876,-0.7456333372765747,0.5190810953234996,0.2125692069530487
52,25,-0.024233583612357286,-0.7462058155312976,0.5194866268723602,0.2150628715753555
53,25,-0.03525081138816852,-0.7479744697526437,0.5217758038975709,0.2207998633384704
54,25,-0.04646167118300781,-0.751150861523619,0.526007686112354,0.2257356792688369
55,25,-0.05845434475918003,-0.7562194532085463,0.5315484739169097,0.2298253029584884
56,25,-0.07272437154758456,-0.7626014635529975,0.5345414718592314,0.2383013218641281
57,25,-0.09089137897093474,-0.7694554077483967,0.5330062951709778,0.2507014870643616
58,25,-0.1115768520337915,-0.7748195772476992,0.5255372953094439,0.2572586238384247
59,25,-0.13283247567999873,-0.7791391346717209,0.5092223124814549,0.2641922831535339
60,25,-0.14967881706730446,-0.7820958253297831,0.4840250319276135,0.275786429643631
61,25,-0.1604521796971197,-0.7841931000378207,0.4555985341492786,0.2909005880355835
62,25,-0.1658669876705799,-0.7860212486683068,0.4276016469361883,0.3038429617881775
63,25,-0.1692793182568023,-0.7890180217009234,0.4030264680569263,0.3123805522918701
64,25,-0.17152953860928657,-0.7919550146231934,0.38922203233487085,0.3206747770309448
65,25,-0.17692780143293635,-0.7943908439881511,0.3871431891714672,0.3287127017974853
66,25,-0.1845235429481981,-0.7959683351965444,0.39702697901435463,0.3319580554962158
67,25,-0.1920841677598625,-0.7976357751804902,0.41473373934271035,0.3364053964614868
68,25,-0.19822624209003664,-0.799748560984302,0.4332163204912506,0.3406243324279785
69,25,-0.20257118138291347,-0.8027059023658552,0.44676764098185007,0.3417664766311645
70,25,-0.20353771697975426,-0.8061522972482109,0.455728699136133,0.3396139442920685
71,25,-0.2027672007262488,-0.8099528419899455,0.4559751900992346,0.3384972512722015
72,25,-0.20069930303142716,-0.8121060476417284,0.45089799870633895,0.3466440439224243
73,25,-0.19777990403865514,-0.8124152185724804,0.44794299992706954,0.3433112502098083
74,25,-0.1943475066366997,-0.8115048384337952,0.44676414134185816,0.3406345248222351
75,25,-0.1914704831647071,-0.8102054847397564,0.44651242054470763,0.3384945094585418
76,25,-0.18908115042781443,-0.8089979387421226,0.4485856687537644,0.3368207812309265
77,25,-0.18783078562081984,-0.8089801924612651,0.45092755846833155,0.336215078830719
78,25,-0.18736580130472746,-0.8098496288185706,0.45098821735411787,0.337574154138565
79,25,-0.18761484909065457,-0.8110674994082838,0.4507041731108593,0.3384077250957489
80,25,-0.18808350781122593,-0.8123002259957623,0.45012295003762787,0.3387021720409393
81,25,-0.1885307136044162,-0.8133235662923421,0.44950997339602033,0.339152067899704
82,25,-0.18877600361695507,-0.8138506472056892,0.4492486060950818,0.3394011855125427
83,25,-0.18892298283325978,-0.8141568534159477,0.4495128110389326,0.3396756947040558
0,26,-0.18075221777806397,-0.792541947554858,-0.36598725683361266,0.963038444519043
1,26,-0.18211696979585817,-0.7942187559148672,-0.37175179692787785,0.9625316262245178
2,26,-0.181997457432358,-0.7946871603245669,-0.3737968435837752,0.9620266556739808
3,26,-0.1816118340155556,-0.7953818908429756,-0.37635031495633336,0.9619759917259216
4,26,-0.18090331183012737,-0.7963353243658485,-0.37873677542964235,0.9611310958862304
5,26,-0.18056825661379589,-0.798229860530211,-0.3822842125391452,0.9602323174476624
6,26,-0.17934521199047668,-0.7993970221183148,-0.3828277811486903,0.9593355059623718
7,26,-0.1790713869492013,-0.8017405318832115,-0.38593841292106873,0.9582059383392334
8,26,-0.17905029104317555,-0.8047434156870115,-0.3907933828571521,0.957239866256714
9,26,-0.178180749002283,-0.8072084193819802,-0.3941429027313832,0.9567520022392272
10,26,-0.1751000023234374,-0.8089793549964707,-0.3960476311302987,0.956496000289917
11,26,-0.17022509450934264,-0.8105931197294673,-0.39638679301751323,0.9557507634162904
12,26,-0.16315534138442342,-0.8119229011041756,-0.39541075459289543,0.9554550051689148
13,26,-0.15395294968444756,-0.8131694974121529,-0.39435960479316307,0.9551821351051332
14,26,-0.14219613339859324,-0.8152058130100963,-0.394839493995694,0.9547070860862732
15,26,-0.12823483728991344,-0.8168545584702439,-0.39392931053442093,0.9535649418830872
16,26,-0.11115371737256345,-0.8170367890881479,-0.39109359899882146,0.952028512954712
17,26,-0.09320850768432422,-0.816256766314439,-0.3860757862687918,0.9515882730484008
18,26,-0.07506157733999004,-0.8137286366417961,-0.3781970279743149,0.9504110813140868
19,26,-0.05889153928774852,-0.8088004638801977,-0.366804537343772,0.9506398439407348
20,26,-0.04573886033444326,-0.8024978293516556,-0.35561392483224585,0.9510152339935304
21,26,-0.03539750489839566,-0.7956335208095897,-0.34274804458770863,0.951529622077942
22,26,-0.0255285810859125,-0.7873455116927536,-0.3290252421001208,0.9521501660346984
23,26,-0.01691862548642063,-0.7790865251464179,-0.31504806993490664,0.9523172974586488
24,26,-0.008623036198917512,-0.7715076643743959,-0.3013326205875951,0.952084183692932
25,26,-0.0020214314616631957,-0.7650412934111825,-0.288578593659249,0.9493767023086548
26,26,0.00044937195381772896,-0.7599152525097346,-0.2823268641359947,0.9465341567993164
27,26,-0.002647244681012627,-0.7566615299942174,-0.2819361914803486,0.9437166452407836
28,26,-0.00984780412088862,-0.7549241606184922,-0.2893641979719944,0.9404695630073548
29,26,-0.021325416747207015,-0.7547291527450076,-0.3059748338202807,0.9384396076202391
30,26,-0.03529558184783684,-0.7556450608307108,-0.3293461661591609,0.938373327255249
31,26,-0.04973665678432869,-0.7571628832773074,-0.3562912884104245,0.937738835811615
32,26,-0.06309692962090785,-0.759716438954639,-0.38685127782774675,0.9365944862365724
33,26,-0.07464139511301719,-0.7628222100031689,-0.41640113566344744,0.935855746269226
34,26,-0.08292871149141995,-0.7656722238795656,-0.4416329819696809,0.9347997307777404
35,26,-0.08754142895070657,-0.7682329309917101,-0.4619074769470088,0.9355292320251464
36,26,-0.0883822383281477,-0.770786813249746,-0.4770491651151863,0.9368994235992432
37,26,-0.08671092249165933,-0.7725477659527563,-0.4858911105297611,0.938144028186798
38,26,-0.08433195141640101,-0.7735555548304088,-0.490035344380495,0.9383556842803956
39,26,-0.08275589007362973,-0.7742857468581793,-0.49077799975453684,0.9378344416618348
40,26,-0.08250025823388711,-0.7747171240196892,-0.489530191204692,0.9375030398368835
41,26,-0.08370433460311225,-0.77483494696452,-0.48672185118499456,0.9381123781204224
42,26,-0.08560655773088374,-0.7749467443585765,-0.4836344164624219,0.9387319087982178
43,26,-0.08733193378865936,-0.7752122649700678,-0.48058240410344427,0.939456820487976
44,26,-0.08852382716448988,-0.7756320131074433,-0.4778421223076904,0.9401487708091736
45,26,-0.08902751752902441,-0.7762131362701357,-0.4751332021810649,0.9410600662231444
46,26,-0.08913313770469243,-0.77694046990891,-0.47257200996768817,0.9418876767158508
47,26,-0.09011295426420855,-0.7776368514510421,-0.4703930358005392,0.942261815071106
48,26,-0.09325177668739823,-0.7778939193586709,-0.4692736821531673,0.9427488446235656
49,26,-0.09806303322530084,-0.7777693016951062,-0.46954800829933924,0.94334077835083
50,26,-0.1049189838468266,-0.7772767885587599,-0.47246834584199904,0.9447314739227296
51,26,-0.1146740879624327,-0.7768607624896042,-0.4782317709939169,0.9466412663459778
52,26,-0.12433662871687026,-0.7770894192498853,-0.4868326307874458,0.948392391204834
53,26,-0.13132230427277297,-0.7794312909118627,-0.4983386594638282,0.9501161575317384
54,26,-0.1374289924755308,-0.7837193586408693,-0.5123782886850293,0.9528678059577942
55,26,-0.14351845720011555,-0.7901165223800886,-0.5263740886112767,0.9554710984230042
56,26,-0.14738103021501942,-0.7974988955806974,-0.5383615973919558,0.957509696483612
57,26,-0.1506074472472477,-0.8046865957318479,-0.5453279668619992,0.9599332213401794
58,26,-0.15445820543738747,-0.8094531026437934,-0.546108122583297,0.9615806341171264
59,26,-0.156243201735717,-0.8124004318599901,-0.5401107622390756,0.9635378122329712
60,26,-0.15288838064008853,-0.8138480330684914,-0.5274291895185717,0.9656925201416016
61,26,-0.14594079985900996,-0.8144248030565123,-0.509573913409502,0.9669771194458008
62,26,-0.1393775567635395,-0.8157373923031332,-0.49104601863502345,0.9685505628585817
63,26,-0.13381393011169046,-0.8187082627062641,-0.4728169262298391,0.9684625864028932
64,26,-0.1318271537049846,-0.8224937381329662,-0.45586436538632585,0.9664284586906432
65,26,-0.1361542797981179,-0.8263692098527079,-0.4428204933889079,0.9641215801239014
66,26,-0.14651366445158995,-0.8304735546606417,-0.4341636944214626,0.9618082642555236
67,26,-0.15803802581472612,-0.8344791779622127,-0.4291337502510605,0.9618799686431884
68,26,-0.17006565420086064,-0.8387665404871518,-0.42737697169768796,0.9616992473602296
69,26,-0.1803248653706635,-0.8433048004047411,-0.42941612684051256,0.9608164429664612
70,26,-0.18772326214207083,-0.8478278000007051,-0.4343567561186056,0.9596355557441713
71,26,-0.1925619765657653,-0.8520214489612364,-0.44246362277591966,0.959611475467682
72,26,-0.19560699127368944,-0.8545020405984364,-0.45120457729513036,0.9598742723464966
73,26,-0.19750020895135872,-0.8554466351575518,-0.46074084622240674,0.9589242339134216
74,26,-0.19915782987883163,-0.8555043390864236,-0.46976142166938367,0.9586811661720276
75,26,-0.20088774857594802,-0.8552209445502539,-0.4769424501833335,0.9581204652786256
76,26,-0.20230934811854434,-0.8549079688388435,-0.48124732297583106,0.9577651023864746
77,26,-0.2038788687651687,-0.8555382569192556,-0.48402572643201386,0.9570594429969788
78,26,-0.20515280026953006,-0.8567211509299048,-0.48510724977736464,0.9566932916641236
79,26,-0.20608797495345227,-0.8580289219470618,-0.4846567306498758,0.9563435316085817
80,26,-0.20662597530706725,-0.8592903475306727,-0.48375863545421716,0.9559794664382936
81,26,-0.20688703554893545,-0.8603287775020878,-0.4826321242430479,0.9553964138031006
82,26,-0.20701080111136516,-0.8608711858526313,-0.481961423113522,0.95485520362854
83,26,-0.2070310459288395,-0.8612127672670704,-0.48109086171138465,0.9542679786682128
0,27,-0.21606710511808558,-1.4447208016918858,0.7759376008983158,0.72773277759552
1,27,-0.2092823189564455,-1.4455864800593374,0.7630691340343463,0.7183640003204346
2,27,-0.20185814876985947,-1.443839994261158,0.7563504382645454,0.7140690684318542
3,27,-0.18816943753792575,-1.440377649513006,0.746475024983081,0.7156109809875488
4,27,-0.174956598590383,-1.4377460432821905,0.7366534113498642,0.7164498567581177
5,27,-0.16317082089169094,-1.4374459655999494,0.7251111855026793,0.7136158347129822
6,27,-0.15373642800426127,-1.4362682003130067,0.7263099208999956,0.7105262279510498
7,27,-0.14625046842335718,-1.4379747403845748,0.7273866496797886,0.7054434418678284
8,27,-0.13933481659990798,-1.440942247700582,0.7287209326102356,0.6980645656585693
9,27,-0.13158421491346695,-1.4426220583830873,0.734095159161561,0.694206178188324
10,27,-0.12073230940597306,-1.4424978836054936,0.739790920792186,0.690074622631073
11,27,-0.10690149787386613,-1.4419837155415602,0.740553186775926,0.6860430240631104
12,27,-0.08989663792137671,-1.4411544363228894,0.737994283676744,0.6843236088752747
13,27,-0.07014172649182648,-1.440786691972605,0.7308121855498613,0.6832268834114075
14,27,-0.04712920574304671,-1.4426491127971661,0.7134562791271493,0.6816752552986145
15,27,-0.022148820763771098,-1.443786560198311,0.7014932344670525,0.6746290922164917
16,27,0.005452387383327725,-1.4414852412662766,0.6979025383532644,0.6701817512512207
17,27,0.0330588060746269,-1.4359191291911508,0.7039266664277386,0.6700921058654785
18,27,0.059967705841475406,-1.4248854624266425,0.724281115323635,0.6680214405059814
19,27,0.08502089462684978,-1.4073311574540368,0.765811665004359,0.6668785810470581
20,27,0.1099491991859685,-1.386570612164737,0.81085922701673,0.6681356430053711
21,27,0.13635560987049056,-1.3643720333853004,0.8564356202124624,0.6644454598426819
22,27,0.16787630352730729,-1.3407060170422045,0.9012213420328001,0.6579151153564453
23,27,0.20337810280388072,-1.3198055164217455,0.940028748486287,0.6466392278671265
24,27,0.2413826603795027,-1.3020427821486165,0.9677401206013656,0.6365275979042053
25,27,0.2749368948517137,-1.2887380885647526,0.9862316162294101,0.6211251020431519
26,27,0.2974073939488071,-1.281991750185147,0.9930494216335177,0.6087586283683777
27,27,0.30323962563598206,-1.2825259702954197,0.9868027244090889,0.5914711356163025
28,27,0.2936543532584345,-1.2889014882466092,0.9679525910361028,0.5714523792266846
29,27,0.26982649342535625,-1.3022425126653705,0.933777573682493,0.5471526980400085
30,27,0.23860646774165817,-1.3201030296118526,0.8906702263935561,0.532940149307251
31,27,0.20558728124690898,-1.3397081954562986,0.8437439629736609,0.5167253017425537
32,27,0.1777720364282128,-1.3595393658974873,0.7970315349373559,0.4958155751228332
33,27,0.15765027181345007,-1.3778099886028838,0.7536456670353199,0.4756862819194793
34,27,0.14709205017801577,-1.3922944218475852,0.7228867724568888,0.4548999965190887
35,27,0.14454157215582675,-1.4019262077128452,0.7027419682100898,0.436934620141983
36,27,0.14925105761754612,-1.4071935215171272,0.692536349911461,0.4204778671264648
37,27,0.1567612981843949,-1.4084803184565393,0.689734647623213,0.4062545299530029
38,27,0.16357006623743875,-1.4069534829728423,0.693350514022542,0.3941823244094848
39,27,0.16792524924172253,-1.4033823481610879,0.6981481145106775,0.383417010307312
40,27,0.1699307250019612,-1.4003259525533123,0.7038262016083557,0.3747341632843017
41,27,0.16939341602239472,-1.3982915970654552,0.7089221513866463,0.3669028878211975
42,27,0.16802187670565577,-1.397506978799993,0.7135721435280596,0.359595239162445
43,27,0.16737109233192463,-1.3977447065748856,0.7170048015746939,0.3536115884780884
44,27,0.16772870773512616,-1.3991815339890081,0.718909607508533,0.3486578166484833
45,27,0.16874610819053346,-1.4006923029427945,0.7189567463599122,0.3456567525863647
46,27,0.17009347663919724,-1.402202280818367,0.7175386647885045,0.3432967960834503
47,27,0.17007029349906955,-1.4040097040465855,0.7145205858869443,0.3406330645084381
48,27,0.16703249980916507,-1.4060969001962507,0.7103819292873262,0.3382611572742462
49,27,0.16168171724553568,-1.4081282228318361,0.7048721311978808,0.3375535011291504
50,27,0.153147018801738,-1.4099079624641369,0.699059432536804,0.3402089774608612
51,27,0.14083927363878582,-1.411707257029827,0.6928717547051709,0.3438775539398193
52,27,0.1271860026765515,-1.4131795683187576,0.6869021644181368,0.3515320718288421
53,27,0.11345504871977705,-1.4148652521187455,0.6820543740947105,0.362712562084198
54,27,0.09744509051534546,-1.4173462315271803,0.6806754198743455,0.3755252361297607
55,27,0.0782003113354543,-1.421970436664443,0.6814011023374448,0.3897799849510193
56,27,0.056617619486061255,-1.4282321293145634,0.6812384046979247,0.4082870185375213
57,27,0.031024135420041943,-1.4354961673167717,0.6788684721396302,0.4298377633094787
58,27,0.003940740794845099,-1.4420387873736025,0.6718694784113948,0.4422242641448974
59,27,-0.02214430210263847,-1.4487880849724877,0.6547669678798285,0.4560844898223877
60,27,-0.04158327917740958,-1.4548310545361833,0.6273007670411557,0.4739511609077453
61,27,-0.05456554808802644,-1.4603256472485964,0.5940743742745266,0.493081122636795
62,27,-0.06306155821672679,-1.467157433053234,0.5589705211327078,0.512734591960907
63,27,-0.07066948332937753,-1.4766246331778459,0.5288735364149014,0.5243905186653137
64,27,-0.07968173132647186,-1.4863491883880744,0.5140199709532098,0.5318821668624878
65,27,-0.09403665537727013,-1.4952460358829105,0.5154080653795065,0.5419452786445618
66,27,-0.11149925484857515,-1.501952475041706,0.536230403136498,0.5474414229393005
67,27,-0.1267436390899082,-1.5061164666441247,0.5689561523972857,0.5585563778877258
68,27,-0.1372044107558103,-1.5082623627228093,0.5990383482998796,0.5685544610023499
69,27,-0.13990680662607946,-1.5095091472781768,0.6192210179831505,0.5745366215705872
70,27,-0.13507380802721486,-1.5103388899675867,0.6310584523558528,0.5761129260063171
71,27,-0.12646429161916334,-1.5124882194704183,0.6264401651519533,0.578073263168335
72,27,-0.1169111301386907,-1.5134276983741328,0.613753671933815,0.5894277691841125
73,27,-0.1087495467289473,-1.512763779680928,0.6054030171184305,0.5897843837738037
74,27,-0.10359165318164062,-1.5113122924516573,0.6005948388269872,0.5881350040435791
75,27,-0.10113884296021876,-1.5096575141902704,0.5978645427461081,0.5882648825645447
76,27,-0.09987180678089835,-1.5076389818560378,0.6001043297576235,0.5891492366790771
77,27,-0.09991082102499506,-1.507276026552485,0.6027137032631924,0.5900318622589111
78,27,-0.10023209929104429,-1.5083784404664915,0.6025713936004697,0.5934328436851501
79,27,-0.10074692967041465,-1.5099888765323626,0.6026474460076304,0.5964353680610657
80,27,-0.10125530355046126,-1.5117247271220087,0.6024783332340438,0.5989271402359009
81,27,-0.10171635508181802,-1.5132792846682765,0.6026128918843849,0.6013100743293762
82,27,-0.10195187021896777,-1.514099624084908,0.6028921825249393,0.6038509607315063
83,27,-0.10212219974965193,-1.5145502653652212,0.6041489194994748,0.6064342260360718
0,28,-0.17824850159969174,-1.5341284260078945,-0.16263459121670362,0.9726765751838684
1,28,-0.17817064723864473,-1.5367601996372078,-0.17562536676202106,0.9717028737068176
2,28,-0.17589341905608905,-1.5370725598164743,-0.18010072849843012,0.9711328148841858
3,28,-0.1715728541827452,-1.5370135895297907,-0.18531560828689664,0.9708443284034728
4,28,-0.16660753305620885,-1.5366676022624133,-0.19271481527310702,0.9702264070510864
5,28,-0.16219314107445104,-1.5375122868408304,-0.20376337766010372,0.9693507552146912
6,28,-0.15674041559337173,-1.536523519381148,-0.20567545687149522,0.9687221050262452
7,28,-0.15250592146589081,-1.5370722842513365,-0.21245076998453113,0.96799898147583
8,28,-0.14806427077159362,-1.5383552919432772,-0.2215448571930967,0.9671544432640076
9,28,-0.14222187220942825,-1.5385595768242364,-0.22466549890227044,0.9667259454727172
10,28,-0.13292502986493357,-1.5373434435436173,-0.22466137279615234,0.9663916826248168
11,28,-0.12060380071615637,-1.5358656727543507,-0.2234869521132113,0.9658904671669006
12,28,-0.10518260632869095,-1.5341881258047683,-0.22120006068806428,0.9654324054718018
13,28,-0.08704152871389229,-1.5330202441807388,-0.22061529208253594,0.9651991724967957
14,28,-0.06578365701194734,-1.533570917595655,-0.22617276930287536,0.964534878730774
15,28,-0.042391616964004744,-1.5339265277019283,-0.22701512079893954,0.9630439281463624
16,28,-0.01570723418561598,-1.5320975645083315,-0.22193007573049384,0.96132230758667
17,28,0.011529445137164907,-1.5288968381700063,-0.21075408935480514,0.9607211351394652
18,28,0.03859038733519964,-1.5229148372393784,-0.19289507660114355,0.9595482349395752
19,28,0.06343416265471931,-1.5133191158782524,-0.1658798508503289,0.9597465991973876
20,28,0.08665362632444333,-1.5009341526392697,-0.13903814622781235,0.9601638317108154
21,28,0.10896290185918041,-1.486011254065231,-0.11019176851689587,0.9606012105941772
22,28,0.13420622800396736,-1.466975145362257,-0.07978816924758039,0.9611123204231262
23,28,0.16114736297101587,-1.4464746072715922,-0.047024147180728476,0.961172342300415
24,28,0.1901969451748206,-1.4255927628424399,-0.01393475120653411,0.9611108899116516
25,28,0.215564336195354,-1.4073869682349778,0.013671053326452359,0.9590686559677124
26,28,0.2312165199288881,-1.3949779436393865,0.027114250595280786,0.9567298293113708
27,28,0.23195371787060673,-1.390288384255813,0.02626681870092936,0.9540080428123474
28,28,0.21925638947762444,-1.3929816802900175,0.006448188407648092,0.9514753818511964
29,28,0.19305991416803497,-1.4026751646669164,-0.03493431736470942,0.9493152499198914
30,28,0.1597152693769051,-1.4166278557618466,-0.08794650458747633,0.948922038078308
31,28,0.12523471155736227,-1.4321895123726631,-0.14728243157582432,0.9481977224349976
32,28,0.09633805332155558,-1.4480352655516118,-0.2120700149967191,0.9468322992324828
33,28,0.07526268237225461,-1.4622230393142064,-0.2738007256940898,0.9454518556594848
34,28,0.06419019074273359,-1.473900036793706,-0.3242881310395777,0.9436023831367492
35,28,0.061889387236698803,-1.4827992242089667,-0.3635376218862139,0.9432328343391418
36,28,0.06706469142113924,-1.4889434643878057,-0.390590274081803,0.9438859224319458
37,28,0.07504791221073781,-1.4922255856537174,-0.40375376123471335,0.9444925785064696
38,28,0.08226202207832421,-1.4934192228158645,-0.4057482235372861,0.9444578289985656
39,28,0.08672548920197595,-1.4928560578628063,-0.40158211775928104,0.9440319538116456
40,28,0.08824186321562835,-1.4915071287898662,-0.3950701826741775,0.9438393712043762
41,28,0.086690284646834,-1.4902204802828283,-0.3872438173542124,0.9442103505134584
42,28,0.08401918631942182,-1.489331387764464,-0.38031239893482305,0.9446744918823242
43,28,0.08194577938379269,-1.4889587042859178,-0.3749160956391431,0.9453220963478088
44,28,0.08086092049218363,-1.489245443797253,-0.3706003927932833,0.9459859728813172
45,28,0.08059716716077636,-1.4898624330766592,-0.3663202316367543,0.946843445301056
46,28,0.08094439252460642,-1.490608107839731,-0.3625088133784438,0.9476112127304076
47,28,0.08016767047601518,-1.4914923805613562,-0.3597560316638702,0.9478811621665956
48,28,0.07676322901138524,-1.4923582401826934,-0.3588734170320423,0.9481692910194396
49,28,0.07150924382225818,-1.4930602982874304,-0.3608104739725046,0.948400378227234
50,28,0.06390468076990963,-1.4934741808386576,-0.3675712558332143,0.9495509266853333
51,28,0.05307783262901174,-1.4939387143885416,-0.3795310513533596,0.9511051774024964
52,28,0.04157709920872223,-1.4945944594042486,-0.39522010139365127,0.9528123736381532
53,28,0.03051997978031406,-1.496532503557864,-0.4145366346368804,0.9543165564537048
54,28,0.01763123417946383,-1.500146819320474,-0.43622396213357095,0.957149863243103
55,28,0.0014877629344339268,-1.5063800254370272,-0.45608365242007415,0.9598026871681212
56,28,-0.01626326599111579,-1.514888165734353,-0.47165931222174046,0.9616888165473938
57,28,-0.03678198283124666,-1.5250734878736716,-0.48047822917575217,0.9639326333999634
58,28,-0.05725039378861717,-1.5346713858179113,-0.4822284021243285,0.9653421640396118
59,28,-0.07478299011532971,-1.5445571256179425,-0.47674974166121153,0.967086374759674
60,28,-0.0836755092288017,-1.5539796810281221,-0.46497157532755684,0.9689785242080688
61,28,-0.08490091943121333,-1.5623125187618219,-0.44853674857784587,0.9699193835258484
62,28,-0.08197483897255983,-1.5710107647804967,-0.4324970923847178,0.971190631389618
63,28,-0.07953293926617311,-1.5812805644361654,-0.4156540774123326,0.970755696296692
64,28,-0.08111454001415422,-1.5908554521316458,-0.3972385866319197,0.9688071012496948
65,28,-0.09122509318328113,-1.5992505122777998,-0.3798245717920582,0.9671632647514344
66,28,-0.10772100716411318,-1.6059913390732454,-0.3623127769006739,0.9647696614265442
67,28,-0.12464150294409797,-1.6102757315460743,-0.3463179840265457,0.965021312236786
68,28,-0.13883394831505397,-1.6122113091533627,-0.33519986068611596,0.964849889278412
69,28,-0.14596128906291916,-1.6126976425996304,-0.3318782575561771,0.964258909225464
70,28,-0.14568623010451995,-1.611846660745456,-0.3355124624268531,0.9634891152381896
71,28,-0.1414196189786841,-1.6109785943522201,-0.3485888138040694,0.9633868336677552
72,28,-0.13558518713802953,-1.6088236758292882,-0.36409899418003094,0.963790774345398
73,28,-0.13005366961709183,-1.6059727454813053,-0.37950397450511536,0.963029146194458
74,28,-0.12703695533625264,-1.603335139295499,-0.39284855244096606,0.9623034596443176
75,28,-0.12621186073517227,-1.6013784046411619,-0.40198300450882557,0.9616370797157288
76,28,-0.12599276222701883,-1.5999864075270325,-0.40571280661847187,0.9612058997154236
77,28,-0.12654825974217507,-1.6004678322440207,-0.40716265798745077,0.9604575037956238
78,28,-0.12720932743776964,-1.6022120443962027,-0.406416520990655,0.9603230357170104
79,28,-0.1277760144911535,-1.6043251489789363,-0.4029201862041985,0.960252583026886
80,28,-0.1281279841667242,-1.6064446554595324,-0.39915802837653064,0.960137128829956
81,28,-0.12834484549185862,-1.6082482165345897,-0.3945213152544679,0.9598892331123352
82,28,-0.12845580884056668,-1.6092071580543015,-0.3918302401457363,0.9597049355506896
83,28,-0.12850209840751,-1.6097862059827488,-0.3886987620729272,0.9595110416412354
0,29,-0.11197038269285058,-1.5582461695189256,0.7825752808300644,0.7618261575698853
1,29,-0.10668290174046885,-1.5566237811408383,0.7688434176502036,0.7588430643081665
2,29,-0.10034134606105169,-1.552637694975915,0.7620160674773973,0.7570421695709229
3,29,-0.08864446460754158,-1.5447683085235224,0.7523776316222225,0.7605886459350586
4,29,-0.07621698535287705,-1.5390222411347487,0.7421111028086849,0.7633492350578308
5,29,-0.06470132413519017,-1.5366167306139917,0.7296729011297899,0.7625136971473694
6,29,-0.05457335258280769,-1.5348667532110105,0.7309575745893,0.7619190812110901
7,29,-0.04601628131204939,-1.5370559402522954,0.7315103417132488,0.7602776885032654
8,29,-0.0378992679396342,-1.5414380540650414,0.7317809343947805,0.7562183141708374
9,29,-0.029257951835666235,-1.5442056494175052,0.7366939467085235,0.7545614838600159
10,29,-0.017389667349045648,-1.5446314060109685,0.7421482273731836,0.7531508803367615
11,29,-0.002354568020973649,-1.544098430425508,0.7423701404853217,0.7517489194869995
12,29,0.01604718016350759,-1.542697305569982,0.7392681667934455,0.7532019019126892
13,29,0.03747528541067702,-1.5413335413727656,0.7313574889682914,0.7548268437385559
14,29,0.06231053940825859,-1.5419646754066654,0.7123562944806769,0.754679799079895
15,29,0.08844104407251267,-1.5415674878681895,0.6989280861146466,0.7511194348335266
16,29,0.11648405402821135,-1.537286305052064,0.6941623960630872,0.7494074702262878
17,29,0.14380468708325733,-1.5296649375877054,0.6994227653533646,0.7491732239723206
18,29,0.16970015786144954,-1.516149032952378,0.7198565477029022,0.7480711340904236
19,29,0.1930795896903002,-1.495841466855031,0.7627552393513133,0.7495832443237305
20,29,0.21677865146861947,-1.472694878916587,0.8092032131271868,0.751176118850708
21,29,0.2425437535689691,-1.4485802135039072,0.8563552562045895,0.748631477355957
22,29,0.27425783522796554,-1.4227236671722294,0.9027329583778056,0.7440590262413025
23,29,0.31116225459956454,-1.4001990774415014,0.9427929184390816,0.7377555966377258
24,29,0.3521905870073892,-1.3817498158104908,0.9712775923769978,0.7303902506828308
25,29,0.3895972601670957,-1.3682711553499538,0.9900863873782676,0.7188022136688232
26,29,0.4165370507921168,-1.362168232837917,0.9963315749052178,0.7096005082130432
27,29,0.4270024256199229,-1.3649270745128788,0.9886812432536052,0.695904552936554
28,29,0.4214319865520292,-1.3744771381694538,0.9676574569914973,0.6796578168869019
29,29,0.40026073942027746,-1.3908373822833366,0.9302667426384502,0.6572291254997253
30,29,0.3706560979385182,-1.4114387864485847,0.8837307937719963,0.6429607272148132
31,29,0.3383050721234687,-1.4332049708142631,0.8335871838123268,0.6248418092727661
32,29,0.31046682650052065,-1.4540275487666807,0.7839135289070558,0.6018059253692627
33,29,0.29006961617211424,-1.4720966012387091,0.7380496195282749,0.5788530707359314
34,29,0.27959109035661667,-1.485921357930128,0.7058392021773525,0.5571415424346924
35,29,0.2773369946896128,-1.4947345794779823,0.6848044838066578,0.5383544564247131
36,29,0.2825739165126465,-1.499065524890338,0.674163296090893,0.5216100811958313
37,29,0.29074014231032946,-1.4995644577391007,0.6713215182379975,0.5063285827636719
38,29,0.29826607931101173,-1.4976087938289029,0.6752067698642948,0.4923050999641418
39,29,0.30314100227574203,-1.4941266421152282,0.6803375826780936,0.4806916713714599
40,29,0.3055929674493017,-1.4911783283184707,0.6864459970767796,0.4707720279693603
41,29,0.30543935898791147,-1.489140079398362,0.6919480270452049,0.4616736173629761
42,29,0.3045142888643318,-1.488162277876127,0.696991798757187,0.4532451331615448
43,29,0.3043853184773404,-1.4880318686626115,0.7007406317121256,0.446380466222763
44,29,0.3053443398464536,-1.4887989283824576,0.7027884177229854,0.4406904578208923
45,29,0.30694959748549167,-1.4897049292405122,0.7027851955952799,0.4366753101348877
46,29,0.3088370742985383,-1.4908383561898961,0.7012188765837217,0.4332189261913299
47,29,0.3092675111049927,-1.4928175421881669,0.6978744538182523,0.429583191871643
48,29,0.3066137809639966,-1.4956881967769982,0.6932591591804002,0.4258680939674377
49,29,0.30166873749160333,-1.4988650133938903,0.6870607884773579,0.423106849193573
50,29,0.29344908315800117,-1.5020871808544938,0.6804957898866599,0.4236702620983124
51,29,0.2811715565358973,-1.505900680879157,0.6734542093169519,0.4243195950984955
52,29,0.2670815697018561,-1.5092912654970472,0.6666789766743466,0.4298469126224518
53,29,0.2524990327718283,-1.5121722634257098,0.661170437076748,0.4386933743953705
54,29,0.234756775547481,-1.515401179389526,0.6595710392577134,0.4500931799411773
55,29,0.21333776896902243,-1.520621788801271,0.6604478034923296,0.4621013104915619
56,29,0.1894759807459925,-1.5263544623551994,0.6609255041331387,0.4774571061134338
57,29,0.16164625275657468,-1.5322042249520633,0.6597414593224363,0.4956231117248535
58,29,0.13231919270049078,-1.5368452653750955,0.6540917694688264,0.5093200206756592
59,29,0.10471032664500188,-1.5408435188050134,0.6384127191746942,0.5220009088516235
60,29,0.08371186379676318,-1.5427433622347269,0.6123785646797578,0.5355991125106812
61,29,0.06875142509431138,-1.5438907937942268,0.5803447263939288,0.551583468914032
62,29,0.05790691454150389,-1.5466009509519099,0.5458059153806714,0.5696064233779907
63,29,0.0473673015540504,-1.5527946100764385,0.5166762197983233,0.5798099040985107
64,29,0.03414469940061379,-1.5610909782257845,0.5030668690209887,0.5895945429801941
65,29,0.015353123559839477,-1.570896266268838,0.5060100117905139,0.5995791554450989
66,29,-0.00633004779263822,-1.580359491348089,0.5289541775593485,0.6047536134719849
67,29,-0.025145490228384644,-1.5892585077565644,0.5644107919868467,0.6161606907844543
68,29,-0.03821064340102823,-1.5973714852300211,0.5963345538988551,0.6275138258934021
69,29,-0.041867512796198034,-1.6044400084180936,0.6175576421205413,0.6334455013275146
70,29,-0.03713192513617008,-1.6104729503223312,0.6295522952741159,0.6394979357719421
71,29,-0.02777278347721545,-1.6168905910294626,0.6240120692779525,0.6448385715484619
72,29,-0.017396151796495247,-1.6202447778817253,0.6099586013856884,0.6541239619255066
73,29,-0.008439430167687608,-1.6204085540595656,0.6006511123407041,0.6573911309242249
74,29,-0.0027198658595923336,-1.6189519883533996,0.5951319413078866,0.6594306826591492
75,29,0.0002499242036865821,-1.616612968079444,0.5920545758315183,0.6621510982513428
76,29,0.0017632431069740915,-1.613544521917608,0.5943627900831474,0.665032148361206
77,29,0.0019919779582531147,-1.6123431931823222,0.5970008214670257,0.6677120327949524
78,29,0.0019470607465586786,-1.6128028007920954,0.5967671878196568,0.6710963845252991
79,29,0.001647607739461418,-1.6138581211292014,0.5968562333481048,0.6744304895401001
80,29,0.001293452725989117,-1.6152362257964206,0.5967162945482292,0.6774131059646606
81,29,0.000973050263751285,-1.616576398885075,0.5969440817070372,0.6800035238265991
82,29,0.0008126504471797965,-1.617304330727551,0.5972965118311946,0.6826348304748535
83,29,0.0007355551802310465,-1.6176958372886965,0.5987065373524777,0.6852952837944031
0,30,-0.06991974912279708,-1.6246224697992113,-0.17332081688457338,0.946536123752594
1,30,-0.06938372770244504,-1.6281123360361176,-0.18724961267205678,0.946560800075531
2,30,-0.0669350424393133,-1.6290763717744792,-0.19208408519696035,0.9466009736061096
3,30,-0.062388460755566845,-1.6301195913788291,-0.1976667823170698,0.9467372894287108
4,30,-0.05729488661847927,-1.6311583133055045,-0.20572101716604868,0.9464033246040344
5,30,-0.052762128044339794,-1.6339879126345465,-0.21774021583446795,0.9460945129394532
6,30,-0.047472392324756044,-1.6350749659679664,-0.2197675507132379,0.9461686611175536
7,30,-0.04316084558940969,-1.63813168028311,-0.22687963303609643,0.9461857676506042
8,30,-0.038384173052087515,-1.6421795947357551,-0.2363095099070712,0.9460499286651612
9,30,-0.03212519517312732,-1.6445359012391259,-0.2390738868292846,0.9462268352508544
10,30,-0.022102723201760422,-1.6445481222273177,-0.2383901548678581,0.946381449699402
11,30,-0.008663879982627545,-1.643335808582151,-0.2364622032245139,0.946394681930542
12,30,0.008226009764153054,-1.6409963946778958,-0.23328706022793105,0.9463666081428528
13,30,0.02816658912422112,-1.6385615351210103,-0.2320128580264627,0.9465200304985046
14,30,0.051585367067584195,-1.637767546607621,-0.2373308037442153,0.9460020661354064
15,30,0.07687521508021322,-1.6370067065643983,-0.23729503473495406,0.9443909525871276
16,30,0.1049036837655855,-1.634402064322862,-0.23073322504472307,0.9424617886543274
17,30,0.1327305028087498,-1.631018993210469,-0.21756115029400744,0.941097617149353
18,30,0.15956953475857547,-1.6252078295544397,-0.19713195640989425,0.9392967820167542
19,30,0.18360577823588398,-1.615811227051703,-0.16689783304072878,0.9395577907562256
20,30,0.20614035875656223,-1.6032327535159336,-0.13693474093555907,0.9395622611045836
21,30,0.22834134104340062,-1.5873860086286076,-0.10494481944115457,0.9399055242538452
22,30,0.25448511382992317,-1.5665266597161378,-0.07114151620278189,0.9403714537620544
23,30,0.2846819255496401,-1.5436664251702044,-0.03458662137615368,0.9408096671104432
24,30,0.31929037937182175,-1.520669888276303,0.002360251217991849,0.9403279423713684
25,30,0.35212845620179634,-1.5015458197193372,0.033196247567603955,0.9382307529449464
26,30,0.37650886693729635,-1.489958221434886,0.048803380661099335,0.9352381229400636
27,30,0.3861860376515261,-1.487876317985131,0.048701092763491834,0.9320128560066224
28,30,0.3795575140329023,-1.4947786891218144,0.027797256948167582,0.9296407103538512
29,30,0.35562332577819455,-1.509425611087553,-0.01653092358351794,0.9280623197555542
30,30,0.320422163753054,-1.5280693682580218,-0.0733668092659092,0.927648663520813
31,30,0.28064049812201164,-1.5479669552768562,-0.1370874447430796,0.9263697266578674
32,30,0.2442622928236556,-1.5674185333723714,-0.2065556423618315,0.924930453300476
33,30,0.21601706389223124,-1.5841090072428021,-0.27250496664253765,0.9235904812812804
34,30,0.1993863167866104,-1.5972362291351392,-0.32613257615846286,0.922122836112976
35,30,0.19370128826648197,-1.606809240753962,-0.3676937964263024,0.9219524264335632
36,30,0.19746444727712625,-1.6125425728984257,-0.39624154212234264,0.9229248762130736
37,30,0.2054827623595053,-1.614658863214882,-0.40998819126478103,0.923693060874939
38,30,0.2135047629426471,-1.6144380545095427,-0.4119329526621983,0.923534631729126
39,30,0.21906618838568487,-1.6126802207508923,-0.40747024302361873,0.9232146739959716
40,30,0.2218834794765181,-1.6103757747973095,-0.4005155611394976,0.9228637218475342
41,30,0.22187445226529653,-1.6085847167359357,-0.3920396913228691,0.923162579536438
42,30,0.22103621279698688,-1.6075425976494224,-0.3844418222425875,0.923508882522583
43,30,0.22102675218620177,-1.6071887396644744,-0.378418082902871,0.9240609407424928
44,30,0.22215150918239218,-1.6075007653480071,-0.37350637268363307,0.9245755672454834
45,30,0.2240016197543837,-1.6081931068793174,-0.36863460673765097,0.9252095818519592
46,30,0.22620686185729966,-1.6090325733809787,-0.3643822678978218,0.9257569909095764
47,30,0.22696078325741526,-1.6102464784179034,-0.36148182078458885,0.9258583188056946
48,30,0.2246847410947847,-1.6119013241520406,-0.3608655488386603,0.925869643688202
49,30,0.2203090734134597,-1.6134999370590584,-0.36363910219007123,0.92568701505661
50,30,0.21321594078289294,-1.614824594289482,-0.37191198473666526,0.9262723326683044
51,30,0.2024918286776239,-1.6163396545492987,-0.38608693447445236,0.927209198474884
52,30,0.19048255219762775,-1.6176681199870309,-0.40427794844367637,0.9283534288406372
53,30,0.17842094015432625,-1.6193629528993398,-0.42619098721053855,0.9294866323471068
54,30,0.16336713085261234,-1.6224829678239288,-0.4502035615323302,0.9330077767372132
55,30,0.144297206494089,-1.6284532993711625,-0.471859975285441,0.936396062374115
56,30,0.12316175791173319,-1.6358929329282588,-0.48832309238454413,0.938157081604004
57,30,0.09901422872322943,-1.6443587576873084,-0.497461570739569,0.9407390356063844
58,30,0.07472983623190382,-1.6514795758524616,-0.4991181257477873,0.9423249363899232
59,30,0.05423217263040565,-1.6574097562360137,-0.493342718842677,0.944270133972168
60,30,0.04313315941392639,-1.660572850274264,-0.4811323522748657,0.9462588429450988
61,30,0.03987087717284611,-1.6620092408496199,-0.4645810779277628,0.9468954801559448
62,30,0.0407346668770068,-1.6640190941039659,-0.44860175975949546,0.9483068585395812
63,30,0.04109528960975713,-1.6688386869182465,-0.43187344614477274,0.9476581811904908
64,30,0.03669998704579027,-1.6751060561743127,-0.41347402061854,0.9462146759033204
65,30,0.023217818564743975,-1.6830813949938594,-0.3958792584578764,0.9447804689407348
66,30,0.003485734779538158,-1.691691759420935,-0.3777929249778852,0.9423032999038696
67,30,-0.015792715477948683,-1.699363158597015,-0.3611228637937937,0.9429541826248168
68,30,-0.031614393342731965,-1.7055234691804757,-0.34956792371784484,0.9432727098464966
69,30,-0.03919726697264668,-1.7102615494963325,-0.34627188042257884,0.9427425265312196
70,30,-0.0386068996239657,-1.7132362047442633,-0.3507058006895387,0.942896604537964
71,30,-0.03361275092505048,-1.7153277037006067,-0.36526815134051865,0.9436659216880798
72,30,-0.027298277104552716,-1.715260283132924,-0.38237408406889867,0.9443116784095764
73,30,-0.02132031752222771,-1.7137104275068946,-0.3990436580156644,0.9442065954208374
74,30,-0.018061492494734793,-1.7118151325986868,-0.4132031890980796,0.9441088438034058
75,30,-0.01706444624023857,-1.710135143838632,-0.42250791234834606,0.9437512755393982
76,30,-0.016689122919376458,-1.7088062146144445,-0.4259379223873113,0.9433457851409912
77,30,-0.016977086579824028,-1.7092999545794594,-0.4269919778657285,0.942741632461548
78,30,-0.017378772320196873,-1.7110167906715517,-0.4259227263831874,0.9427914023399352
79,30,-0.017708325560237874,-1.7130989364607305,-0.42216729489648036,0.943005919456482
80,30,-0.017844886436987086,-1.7152251870731576,-0.4182923921192977,0.9431985020637512
81,30,-0.01785686682419387,-1.7170772783417099,-0.4135990362660114,0.943200409412384
82,30,-0.01786105153366652,-1.7180703525911643,-0.4108677002819232,0.94319748878479
83,30,-0.017799394489053405,-1.7186817326990458,-0.40768972640609186,0.9431342482566832
0,31,-0.5847296061846111,-1.6568275946500108,0.5121075180713448,0.8545668125152588
1,31,-0.5809983942990499,-1.6567740162756532,0.49720932563292786,0.8488225936889648
2,31,-0.5758924417873849,-1.6549882778743725,0.490690452724723,0.8464077115058899
3,31,-0.5664123125008226,-1.651202319349713,0.4806218096613315,0.8462185263633728
4,31,-0.5568826590335885,-1.6485445275875363,0.4723129279463663,0.8460513353347778
5,31,-0.5483727244507063,-1.6478563972904428,0.4619030285959556,0.8440038561820984
6,31,-0.5406125039808859,-1.6468884199908966,0.4663199406220199,0.8417581915855408
7,31,-0.5344335375248266,-1.6481836564500192,0.4693279270502647,0.8382214903831482
8,31,-0.5282651039743653,-1.6506907029765645,0.47199032618113124,0.8336691856384277
9,31,-0.5205321175056131,-1.652044215626039,0.4785011470764652,0.8309798836708069
10,31,-0.5091994828001388,-1.652125599005736,0.4847383956421111,0.8279681205749512
11,31,-0.49465093235360247,-1.6520544368503418,0.4847398685818131,0.8251016736030579
12,31,-0.4765541460561501,-1.652138493289769,0.4801866191663069,0.8233011364936829
13,31,-0.4555926796645853,-1.652988429312987,0.46955088982929977,0.8218700289726257
14,31,-0.43137432681004395,-1.6560539336116453,0.4451392327111652,0.8211467266082764
15,31,-0.40541831013894286,-1.6574939526278283,0.4271572171937873,0.8159043788909912
16,31,-0.37670596954108365,-1.6545100200066059,0.419096412984882,0.8117610216140747
17,31,-0.3488427270797227,-1.6462944618282687,0.422311381758904,0.8113538026809692
18,31,-0.3221306107520685,-1.6308202093781012,0.44254213283115285,0.8090649843215942
19,31,-0.29818922487712396,-1.606866412906728,0.48872427533261364,0.806513249874115
20,31,-0.27425206400537305,-1.5792389666343367,0.5383162392963468,0.8056347966194153
21,31,-0.24802334669145484,-1.5500082825942632,0.5891294595180204,0.8010733127593994
22,31,-0.21387917543701018,-1.5202883630997968,0.6399835344556125,0.794780969619751
23,31,-0.1742282519638338,-1.4937641373853767,0.6847661917083452,0.7841500043869019
24,31,-0.13022067047463043,-1.4717874582927237,0.7181531352182432,0.7753313183784485
25,31,-0.09044116158495953,-1.4540348859743026,0.7414918214324933,0.7616841793060303
26,31,-0.06364046186578431,-1.4426205915230779,0.7491354060350309,0.7491306066513062
27,31,-0.056986078053512204,-1.4380054971507799,0.7392795184331243,0.7333928942680359
28,31,-0.06862404252979515,-1.4392762249971232,0.7122688147410204,0.715304970741272
29,31,-0.09815502689301668,-1.4467479224963742,0.6637676901830384,0.6930405497550964
30,31,-0.1370249490107831,-1.459414208528114,0.6033831549299802,0.679847240447998
31,31,-0.17836487096343284,-1.474590315960151,0.539691356948221,0.6649647355079651
32,31,-0.21481178453832722,-1.4905619355122772,0.47804494111093165,0.6456730365753174
33,31,-0.2429887069838969,-1.5058659366704568,0.4228533879732586,0.6274446249008179
34,31,-0.2595721130039269,-1.518254051315933,0.3854756320205026,0.6075366139411926
35,31,-0.2668580504872214,-1.5270924039358083,0.3620741416319449,0.5908015966415405
36,31,-0.2652311849348931,-1.5329195321055522,0.3507277347611535,0.5759329199790955
37,31,-0.2589263439526001,-1.5359613777008676,0.3480895899059951,0.5633640289306641
38,31,-0.2518604620966428,-1.5366514352344036,0.35228557766843105,0.5526109337806702
39,31,-0.24649100829107223,-1.5361320015148903,0.35769261532947133,0.5420742630958557
40,31,-0.24281330612314003,-1.5352862251745338,0.3647305665925192,0.5337148904800415
41,31,-0.24196998831103528,-1.5345244204359179,0.37119058589232,0.5267463326454163
42,31,-0.24237310052483627,-1.5345504628178817,0.37718009377793327,0.5202525854110718
43,31,-0.24264395155840407,-1.5356381679633533,0.3819658560555511,0.5148991942405701
44,31,-0.24256997603218777,-1.5378652126687804,0.3844550835133934,0.5103952884674072
45,31,-0.2424749591962591,-1.5407757076497008,0.3839649258238874,0.5078925490379333
46,31,-0.24216889863651478,-1.5440418262017424,0.3815661195106814,0.5058853030204773
47,31,-0.2432437374151431,-1.5473900056317418,0.37710982270901333,0.5031777620315552
48,31,-0.24732555632059716,-1.5507930371160528,0.3711243204633772,0.5007540583610535
49,31,-0.2532462143101616,-1.554448895787104,0.36419111540320614,0.4998202621936798
50,31,-0.26193847843419393,-1.5583619303529708,0.35754105497922284,0.5034615993499756
51,31,-0.2741603297240351,-1.5627691073217294,0.35109639729708897,0.5092328190803528
52,31,-0.28710156572456347,-1.5677452876209752,0.3455792598731059,0.5192060470581055
53,31,-0.2990962681065821,-1.5736840346767567,0.3425784087266158,0.533442497253418
54,31,-0.3131281484776857,-1.5787411581658142,0.3437464526543934,0.5505736470222473
55,31,-0.33006363385953585,-1.5837910501068446,0.3482474123386086,0.5686625838279724
56,31,-0.34829564448056943,-1.5888288696154753,0.353194493906923,0.5876694917678833
57,31,-0.37026080680443374,-1.5938683111382324,0.35776933440776293,0.6086724400520325
58,31,-0.3939277297560243,-1.5975317558828965,0.35939668342393605,0.6222901940345764
59,31,-0.41587125436925254,-1.6043198484096135,0.35115065169494086,0.6377711892127991
60,31,-0.4297682687358472,-1.614368980777631,0.33182164811735426,0.6562311053276062
61,31,-0.4365103974743886,-1.6273861220463695,0.3056459893874533,0.6729117035865784
62,31,-0.4382073727336448,-1.6435783424061654,0.2745831721168455,0.6894304156303406
63,31,-0.43884727086871045,-1.6634587176103452,0.24503419813724267,0.7007091641426086
64,31,-0.44204883890013874,-1.6821488674294742,0.23061684462153015,0.7071425318717957
65,31,-0.453140989258274,-1.6972841364580156,0.23310001888313642,0.7152900099754333
66,31,-0.470213478332359,-1.7080336511660594,0.2562573502972024,0.7197605967521667
67,31,-0.4871100457021457,-1.7158401522646773,0.2926143032033789,0.7277902364730835
68,31,-0.5003168100244484,-1.7216618125089247,0.3260336627300985,0.7341040968894958
69,31,-0.505951055930095,-1.727166707152128,0.3477153125799196,0.7396625876426697
70,31,-0.503382843387216,-1.7332975689979286,0.3582112164109654,0.7414750456809998
71,31,-0.49573447780285135,-1.7410169816746286,0.3486738444902614,0.744521975517273
72,31,-0.4865508243089689,-1.7462397840891726,0.3309005601439068,0.7539331316947937
73,31,-0.47903120180825026,-1.7482445370743709,0.3188618365547711,0.7558350563049316
74,31,-0.47476470800356185,-1.7484185738393454,0.3106801158880353,0.7563027739524841
75,31,-0.4734928816048877,-1.747378506608014,0.3058751362535152,0.7576761841773987
76,31,-0.4737916439416514,-1.7452795588139094,0.3078282691725202,0.7592898607254028
77,31,-0.47536028835371774,-1.7447911794938242,0.3094277482208441,0.760052502155304
78,31,-0.47678120093642684,-1.7460513680975942,0.3077371597408045,0.7630041837692261
79,31,-0.47810387677581706,-1.7476706177442423,0.3070867194906523,0.76567542552948
80,31,-0.4791708032124598,-1.7493046947472348,0.3065169563860418,0.7679287791252136
81,31,-0.47999104876100507,-1.7507367198930215,0.3065158690963671,0.7699046730995178
82,31,-0.4804123965472492,-1.751503101064304,0.3068728749370603,0.7718042731285095
83,31,-0.48073160449374314,-1.7518508010064613,0.30863294908982136,0.7735539674758911
0,32,-0.6079267109543539,-1.7621552623236287,-0.5905592020931782,0.9570671319961548
1,32,-0.6101576644047209,-1.7668342368107406,-0.6048340760553764,0.9560876488685608
2,32,-0.610694657676045,-1.7694087008975585,-0.609134735560453,0.9556275606155396
3,32,-0.6106955386830972,-1.7727199826760884,-0.6134801506274733,0.9551878571510316
4,32,-0.6107434547842435,-1.7752219673059635,-0.6203614928271841,0.9546132683753968
5,32,-0.6112051426005125,-1.7777194636069342,-0.6319170588266951,0.9539438486099244
6,32,-0.6097053238067179,-1.777453520025831,-0.6329897562378434,0.9533613324165344
7,32,-0.6081965201247806,-1.7777250688288748,-0.6399694206238283,0.9525626301765442
8,32,-0.6058875551727002,-1.7786945331285522,-0.6492017922825241,0.9516972303390504
9,32,-0.6005692867675194,-1.7782366845918134,-0.6508919247194395,0.9512804746627808
10,32,-0.5908223861046503,-1.7769614053144511,-0.6487408699186009,0.9508636593818665
11,32,-0.5773133911111109,-1.7756872115773468,-0.6450117433537057,0.9502667784690856
12,32,-0.5598564158925583,-1.7745300988267232,-0.6397750733298275,0.9496497511863708
13,32,-0.5390740191874381,-1.7745834235859614,-0.6375901798718256,0.949185848236084
14,32,-0.5146363044586569,-1.7771490371155465,-0.6432603304319547,0.9484725594520568
15,32,-0.4876339347363542,-1.7788887283587862,-0.6422732543648227,0.9465811848640442
16,32,-0.4573632554769406,-1.7775277817603556,-0.6333531697657161,0.9443325996398926
17,32,-0.4279338522132331,-1.772752672751452,-0.61688679543457,0.9438050985336304
18,32,-0.40018566324910376,-1.7621988487877966,-0.5915889343434939,0.9427391290664672
19,32,-0.3769601946238377,-1.7443014927603002,-0.5550133369915187,0.9424936175346376
20,32,-0.35666177644984015,-1.7217220942218738,-0.5182435048725571,0.9426950216293336
21,32,-0.33639719702215887,-1.6957973197345086,-0.4778387521558992,0.94284325838089
22,32,-0.30900595384658125,-1.6670374350506072,-0.43331679023550357,0.9428212642669678
23,32,-0.27602346568290936,-1.6390994602802356,-0.38392669589587564,0.9422829151153564
24,32,-0.23701182252946507,-1.6147375845237835,-0.3322942795468822,0.9418178796768188
25,32,-0.1996245994860441,-1.5952288368264576,-0.28804444029889853,0.9388989210128784
26,32,-0.1730056989441106,-1.5824691394509145,-0.2635936565152199,0.9357371926307678
27,32,-0.16583122913741738,-1.5764968651220537,-0.2602508327142571,0.9325067400932312
28,32,-0.1768961252197785,-1.5766307614094157,-0.28422270637311187,0.9296054840087892
29,32,-0.20704995973333046,-1.5816877733222043,-0.3384219699637959,0.927419662475586
30,32,-0.2483356952969708,-1.5902801635434956,-0.40913641542331397,0.9271637797355652
31,32,-0.29374692826557125,-1.6004504171020493,-0.48824337964652686,0.9266545176506042
32,32,-0.33551757812974564,-1.6119281536945373,-0.573276931645298,0.925559937953949
33,32,-0.369983298419094,-1.6231684361775152,-0.6520952364144212,0.9249770641326904
34,32,-0.39223698865535517,-1.6328029891962719,-0.7150272649751935,0.9235943555831908
35,32,-0.403695096000278,-1.6404519909228648,-0.7626807157047752,0.923452079296112
36,32,-0.40432998619536686,-1.6460145088229372,-0.7948680938576874,0.9241849780082704
37,32,-0.3981427732438853,-1.6488547096697848,-0.8099825663446696,0.9249705076217652
38,32,-0.38918319340890595,-1.649214545647562,-0.8124811581855521,0.9252901673316956
39,32,-0.38110392845789864,-1.6479472293510091,-0.8078240050827006,0.9248607754707336
40,32,-0.3744870654247806,-1.645558941536074,-0.8001900056718441,0.9249001741409302
41,32,-0.37128921539040893,-1.6432123090636295,-0.7904328552674246,0.9255271553993224
42,32,-0.37006270918665585,-1.6417478681542108,-0.7813625499628871,0.9262157678604126
43,32,-0.36941700648301123,-1.6415632551535277,-0.7734080655474533,0.9270246028900146
44,32,-0.3688776943580473,-1.6427044883823403,-0.7663754686951615,0.9278115034103394
45,32,-0.3686608572261315,-1.6449415430871739,-0.7591510617502821,0.9288354516029358
46,32,-0.36813157916641553,-1.647813025283488,-0.7526100499607893,0.9297505617141724
47,32,-0.36871974110364353,-1.6509174424592428,-0.7481428475905763,0.9300852417945862
48,32,-0.37197146635577133,-1.6541181982437643,-0.7471797684190454,0.9305034279823304
49,32,-0.37666832810140716,-1.6577682673736782,-0.7508582162754738,0.9309765100479126
50,32,-0.3834729160170456,-1.661801970788786,-0.7616979579530962,0.9323527216911316
51,32,-0.393372212074674,-1.6662352417950963,-0.7798003553792189,0.9342753291130066
52,32,-0.4034458919112092,-1.6713021331498077,-0.8025016810149512,0.9363514184951782
53,32,-0.4121186343421098,-1.6781017929163646,-0.829671862647482,0.9384278059005736
54,32,-0.42236312836615647,-1.6850471280057118,-0.8592363963584629,0.9421329498291016
55,32,-0.4356144576714618,-1.6933341449535089,-0.8858796000536378,0.9455612897872924
56,32,-0.44980614737247215,-1.7027245411941387,-0.9061924337573952,0.9480305314064026
57,32,-0.46762637513842414,-1.7133264741614305,-0.9176927164892936,0.9507752060890198
58,32,-0.4873340641757247,-1.723265897818234,-0.919462367631757,0.9525981545448304
59,32,-0.5054689145468514,-1.7366205599276587,-0.9123942842927993,0.9548828601837158
60,32,-0.514834947995207,-1.753082819120183,-0.8971455549616749,0.9573519825935364
61,32,-0.5165207413691237,-1.7722191129961011,-0.8764711549514784,0.9585915207862854
62,32,-0.513913720089098,-1.7941806938219025,-0.8566519439856238,0.9600923657417296
63,32,-0.5105536000151976,-1.818734263611184,-0.8377330969431295,0.959914207458496
64,32,-0.5108445086260474,-1.839898270961946,-0.8180617442646085,0.95795077085495
65,32,-0.5212370065266209,-1.8556102717601959,-0.8015806879721726,0.9562780261039734
66,32,-0.5400548769120194,-1.8656592803204344,-0.7863360384398803,0.9536434412002563
67,32,-0.5595052872901614,-1.8701725075985096,-0.7730674961813577,0.953449845314026
68,32,-0.5764402982145617,-1.8704366272375588,-0.764035656448944,0.9528355598449708
69,32,-0.5857543489048863,-1.8704015768015225,-0.7630908790791487,0.9519888758659364
70,32,-0.5863314658417353,-1.8708089774269088,-0.768902486276937,0.9507730007171632
71,32,-0.5812524004575299,-1.8723333374905002,-0.7847620878522712,0.9507601261138916
72,32,-0.5739438777159828,-1.8731050442680708,-0.8031675142236331,0.9515393972396852
73,32,-0.5670390820621447,-1.8731306288352076,-0.8214495255463481,0.9506787657737732
74,32,-0.562875860996013,-1.872422067293548,-0.8369467410703415,0.9498626589775084
75,32,-0.5611238471247321,-1.8717693116696676,-0.8471948483693523,0.9491678476333618
76,32,-0.5602735141154813,-1.8713793604717828,-0.8508157337721324,0.9486443400382996
77,32,-0.5605128535416826,-1.8729186544210197,-0.8519413953237194,0.9476515650749208
78,32,-0.5608080620301441,-1.8761109841602406,-0.8512248191023989,0.9475433230400084
79,32,-0.5610554840321779,-1.8797312659900185,-0.8482200468630129,0.9474653005599976
80,32,-0.5612124571960452,-1.883148284949975,-0.845468348660793,0.9473503232002258
81,32,-0.5612945773541483,-1.8860693451594137,-0.8424055377393943,0.947085440158844
82,32,-0.5613421753961534,-1.8876353985266698,-0.8405884610455434,0.9468645453453064
83,32,-0.5613698923916647,-1.8885987202839056,-0.8382052244516652,0.9465990662574768
